customerID,gender,SeniorCitizen,Partner,Dependents,tenure,PhoneService,MultipleLines,InternetService,OnlineSecurity,OnlineBackup,DeviceProtection,TechSupport,StreamingTV,StreamingMovies,Contract,PaperlessBilling,PaymentMethod,MonthlyCharges,TotalCharges,Churn
CUST-00001,Male,0,No,No,67,Yes,Yes,DSL,No,Yes,No,No,Yes,No,Month-to-month,Yes,Credit card (automatic),83.39,5395.52,No
CUST-00002,Female,1,No,No,25,Yes,Yes,Fiber optic,No,Yes,No,Yes,Yes,Yes,One year,Yes,Mailed check,95.46,2322.49,No
CUST-00003,Male,0,No,No,61,Yes,Yes,Fiber optic,Yes,Yes,Yes,No,Yes,Yes,Month-to-month,Yes,Electronic check,27.38,1609.59,Yes
CUST-00004,Male,0,Yes,No,26,Yes,Yes,Fiber optic,Yes,Yes,No,No,Yes,No,Month-to-month,Yes,Electronic check,102.85,2392.54,Yes
CUST-00005,Male,0,Yes,No,34,Yes,Yes,Fiber optic,Yes,No,Yes,No,No,No,Month-to-month,Yes,Credit card (automatic),46.83,1431.41,Yes
CUST-00006,Female,1,Yes,No,9,Yes,Yes,DSL,Yes,Yes,No,No,No,No,Month-to-month,Yes,Credit card (automatic),56.93,467.07,No
CUST-00007,Male,0,Yes,Yes,40,Yes,No,DSL,No,No,No,Yes,Yes,No,Month-to-month,No,Bank transfer (automatic),46.21,1628.72,No
CUST-00008,Male,0,Yes,No,7,No,No phone service,Fiber optic,Yes,No,Yes,Yes,Yes,Yes,Month-to-month,No,Mailed check,102.34,670.89,Yes
CUST-00009,Male,0,Yes,No,30,Yes,Yes,Fiber optic,No,Yes,Yes,No,Yes,Yes,Two year,Yes,Mailed check,106.72,3172.43,No
CUST-00010,Female,0,Yes,Yes,66,Yes,No,DSL,Yes,Yes,Yes,Yes,Yes,No,One year,Yes,Bank transfer (automatic),32.33,2156.66,No
CUST-00011,Male,0,Yes,Yes,30,Yes,No,Fiber optic,Yes,Yes,No,No,Yes,Yes,Month-to-month,No,Mailed check,71.25,1826.74,No
CUST-00012,Male,0,Yes,No,68,Yes,Yes,Fiber optic,Yes,Yes,Yes,Yes,No,Yes,Month-to-month,No,Credit card (automatic),56.94,3326.22,No
CUST-00013,Male,0,No,No,58,No,No phone service,DSL,Yes,No,No,No,Yes,No,Two year,Yes,Credit card (automatic),36.56,2067.04,No
CUST-00014,Male,0,No,Yes,55,Yes,Yes,Fiber optic,No,No,Yes,Yes,Yes,Yes,Month-to-month,Yes,Credit card (automatic),74.78,3872.49,No
CUST-00015,Female,0,Yes,No,14,No,No phone service,Fiber optic,No,No,No,Yes,No,Yes,Two year,No,Bank transfer (automatic),55.29,711.21,No
CUST-00016,Male,0,Yes,No,37,Yes,No,DSL,No,No,No,No,Yes,No,Month-to-month,Yes,Mailed check,90.99,3386.88,No
CUST-00017,Female,0,Yes,Yes,44,Yes,No,Fiber optic,Yes,Yes,No,Yes,Yes,No,Month-to-month,No,Bank transfer (automatic),103.3,4310.01,No
CUST-00018,Female,0,No,Yes,6,Yes,Yes,Fiber optic,Yes,No,Yes,No,No,Yes,Month-to-month,No,Bank transfer (automatic),19.38,112.52,No
CUST-00019,Female,1,Yes,No,26,No,No phone service,No,No internet service,No internet service,No internet service,No internet service,No internet service,No internet service,Month-to-month,No,Electronic check,73.86,1761.45,Yes
CUST-00020,Male,0,No,No,14,Yes,No,Fiber optic,No,No,No,Yes,Yes,No,Month-to-month,Yes,Credit card (automatic),77.25,983.56,No
CUST-00021,Female,1,Yes,No,8,Yes,No,DSL,Yes,Yes,No,Yes,Yes,Yes,Month-to-month,Yes,Credit card (automatic),50.45,419.64,Yes
CUST-00022,Male,0,Yes,No,24,Yes,No,DSL,No,Yes,No,Yes,Yes,Yes,Month-to-month,Yes,Bank transfer (automatic),99.88,2372.55,No
CUST-00023,Female,0,Yes,Yes,39,Yes,No,No,No internet service,No internet service,No internet service,No internet service,No internet service,No internet service,Month-to-month,Yes,Bank transfer (automatic),110.78,3957.84,Yes
CUST-00024,Female,1,Yes,No,49,Yes,No,No,No internet service,No internet service,No internet service,No internet service,No internet service,No internet service,One year,No,Electronic check,95.95,4935.68,No
CUST-00025,Female,0,No,No,63,Yes,Yes,DSL,No,No,Yes,Yes,Yes,No,One year,Yes,Bank transfer (automatic),71.79,3893.19,No
CUST-00026,Female,0,No,No,26,Yes,Yes,DSL,No,Yes,No,Yes,Yes,Yes,Month-to-month,No,Bank transfer (automatic),19.14,465.77,No
CUST-00027,Female,0,No,No,10,Yes,Yes,Fiber optic,Yes,No,Yes,Yes,No,Yes,Two year,No,Mailed check,61.03,638.51,No
CUST-00028,Female,0,No,Yes,58,Yes,No,Fiber optic,No,No,Yes,Yes,Yes,No,Month-to-month,Yes,Electronic check,88.76,5302.28,Yes
CUST-00029,Female,0,No,No,14,Yes,No,DSL,No,Yes,No,No,Yes,No,Month-to-month,No,Mailed check,34.26,451.21,No
CUST-00030,Female,0,No,Yes,71,Yes,No,Fiber optic,Yes,Yes,No,Yes,Yes,No,Month-to-month,Yes,Credit card (automatic),97.13,6846.48,No
CUST-00031,Male,0,Yes,Yes,39,Yes,Yes,DSL,Yes,No,Yes,Yes,No,Yes,Month-to-month,Yes,Bank transfer (automatic),80.58,2903.94,No
CUST-00032,Male,0,Yes,No,31,Yes,No,DSL,Yes,No,Yes,No,Yes,No,One year,No,Mailed check,51.83,1519.75,No
CUST-00033,Female,0,Yes,Yes,50,Yes,No,DSL,No,No,No,No,Yes,Yes,Month-to-month,Yes,Electronic check,104.55,5118.5,No
CUST-00034,Female,0,No,No,16,Yes,No,Fiber optic,Yes,No,No,No,No,No,One year,Yes,Mailed check,83.6,1236.99,No
CUST-00035,Female,0,Yes,Yes,72,Yes,No,No,No internet service,No internet service,No internet service,No internet service,No internet service,No internet service,Month-to-month,Yes,Bank transfer (automatic),48.95,3541.99,No
CUST-00036,Male,0,No,Yes,51,No,No phone service,Fiber optic,Yes,Yes,Yes,No,No,Yes,Month-to-month,No,Bank transfer (automatic),38.12,1787.76,No
CUST-00037,Female,1,Yes,No,15,Yes,No,DSL,Yes,Yes,No,No,Yes,No,Two year,No,Credit card (automatic),34.01,454.6,No
CUST-00038,Male,0,No,Yes,38,Yes,Yes,No,No internet service,No internet service,No internet service,No internet service,No internet service,No internet service,Month-to-month,No,Electronic check,118.64,4061.22,No
CUST-00039,Male,1,Yes,Yes,71,Yes,Yes,DSL,No,No,No,Yes,Yes,No,Two year,Yes,Mailed check,106.63,7803.5,No
CUST-00040,Male,0,Yes,No,72,Yes,Yes,No,No internet service,No internet service,No internet service,No internet service,No internet service,No internet service,Month-to-month,No,Electronic check,88.19,6355.22,No
CUST-00041,Male,0,No,Yes,21,Yes,No,No,No internet service,No internet service,No internet service,No internet service,No internet service,No internet service,Two year,Yes,Bank transfer (automatic),66.0,1427.25,No
CUST-00042,Male,0,Yes,Yes,16,Yes,Yes,DSL,No,No,No,No,No,Yes,Two year,Yes,Mailed check,104.51,1732.43,No
CUST-00043,Female,0,No,No,67,Yes,No,DSL,No,No,No,No,No,No,Two year,Yes,Mailed check,89.73,5124.43,No
CUST-00044,Female,0,Yes,Yes,65,Yes,No,No,No internet service,No internet service,No internet service,No internet service,No internet service,No internet service,Two year,Yes,Credit card (automatic),74.84,4322.35,No
CUST-00045,Female,0,Yes,No,13,Yes,Yes,Fiber optic,No,Yes,No,No,No,No,Two year,No,Bank transfer (automatic),97.55,1177.26,Yes
CUST-00046,Female,0,No,Yes,64,Yes,No,DSL,No,No,No,No,No,No,One year,No,Mailed check,30.16,1721.38,No
CUST-00047,Female,1,No,Yes,61,Yes,Yes,No,No internet service,No internet service,No internet service,No internet service,No internet service,No internet service,Two year,Yes,Mailed check,107.19,5629.11,No
CUST-00048,Male,0,Yes,No,32,Yes,Yes,Fiber optic,Yes,No,No,Yes,Yes,No,One year,Yes,Bank transfer (automatic),31.04,1028.71,No
CUST-00049,Female,0,No,No,12,Yes,Yes,Fiber optic,Yes,Yes,No,No,Yes,No,Two year,No,Credit card (automatic),110.24,1359.65,No
CUST-00050,Female,0,No,Yes,41,Yes,No,Fiber optic,Yes,Yes,Yes,No,No,Yes,Two year,No,Mailed check,40.42,1471.73,No
CUST-00051,Male,0,No,No,66,Yes,No,Fiber optic,No,Yes,No,No,No,No,One year,Yes,Electronic check,57.61,3605.45,Yes
CUST-00052,Female,0,Yes,Yes,8,Yes,No,Fiber optic,Yes,No,No,No,Yes,Yes,Two year,Yes,Credit card (automatic),95.54,799.14,Yes
CUST-00053,Male,0,Yes,Yes,59,Yes,Yes,DSL,Yes,No,Yes,No,Yes,No,Month-to-month,No,Electronic check,29.59,1690.19,Yes
CUST-00054,Female,1,No,No,25,Yes,Yes,Fiber optic,No,No,No,Yes,Yes,No,Two year,Yes,Credit card (automatic),117.42,2812.65,No
CUST-00055,Male,0,No,Yes,5,No,No phone service,Fiber optic,No,Yes,Yes,No,No,No,Month-to-month,No,Credit card (automatic),94.41,441.32,No
CUST-00056,Female,0,No,No,45,Yes,No,No,No internet service,No internet service,No internet service,No internet service,No internet service,No internet service,Month-to-month,Yes,Bank transfer (automatic),44.57,1755.74,No
CUST-00057,Female,0,Yes,Yes,2,Yes,No,Fiber optic,Yes,Yes,Yes,No,No,Yes,Month-to-month,No,Credit card (automatic),108.54,189.48,Yes
CUST-00058,Male,0,Yes,No,42,Yes,No,Fiber optic,No,No,No,No,Yes,No,Month-to-month,Yes,Electronic check,22.23,957.09,No
CUST-00059,Male,0,No,No,38,Yes,No,DSL,Yes,No,No,Yes,No,No,Two year,No,Credit card (automatic),19.11,652.41,No
CUST-00060,Male,0,Yes,No,3,Yes,Yes,No,No internet service,No internet service,No internet service,No internet service,No internet service,No internet service,Month-to-month,Yes,Mailed check,51.02,138.41,No
CUST-00061,Male,0,Yes,Yes,46,Yes,No,DSL,No,No,No,Yes,Yes,Yes,Month-to-month,No,Electronic check,28.36,1144.4,No
CUST-00062,Male,0,Yes,No,22,Yes,No,Fiber optic,Yes,Yes,No,No,Yes,Yes,Two year,Yes,Electronic check,101.63,2075.96,No
CUST-00063,Male,0,No,No,33,Yes,Yes,No,No internet service,No internet service,No internet service,No internet service,No internet service,No internet service,Month-to-month,Yes,Bank transfer (automatic),57.22,1841.66,No
CUST-00064,Male,0,Yes,No,32,Yes,No,No,No internet service,No internet service,No internet service,No internet service,No internet service,No internet service,Month-to-month,No,Credit card (automatic),81.2,2489.56,No
CUST-00065,Male,0,No,No,17,Yes,No,Fiber optic,No,No,Yes,Yes,No,Yes,Month-to-month,No,Credit card (automatic),101.94,1484.91,Yes
CUST-00066,Female,0,No,No,56,Yes,Yes,Fiber optic,No,No,No,Yes,Yes,No,Month-to-month,No,Electronic check,33.61,1776.49,Yes
CUST-00067,Female,0,No,No,3,Yes,No,No,No internet service,No internet service,No internet service,No internet service,No internet service,No internet service,Month-to-month,Yes,Credit card (automatic),117.32,328.63,No
CUST-00068,Male,1,Yes,No,70,Yes,Yes,No,No internet service,No internet service,No internet service,No internet service,No internet service,No internet service,One year,Yes,Mailed check,84.46,5335.56,No
CUST-00069,Female,1,Yes,No,49,Yes,No,Fiber optic,No,Yes,Yes,No,Yes,Yes,Month-to-month,Yes,Credit card (automatic),24.67,1184.46,Yes
CUST-00070,Female,0,No,No,55,Yes,Yes,Fiber optic,No,Yes,No,Yes,No,No,Month-to-month,No,Mailed check,73.11,4173.69,No
CUST-00071,Female,0,No,Yes,31,Yes,No,DSL,Yes,No,Yes,No,No,No,Month-to-month,Yes,Electronic check,106.83,3278.93,Yes
CUST-00072,Female,0,No,No,21,Yes,Yes,Fiber optic,No,No,Yes,Yes,No,No,Month-to-month,No,Electronic check,109.59,2038.91,Yes
CUST-00073,Male,0,No,No,16,Yes,No,DSL,No,No,Yes,No,Yes,No,Month-to-month,No,Bank transfer (automatic),94.28,1478.77,Yes
CUST-00074,Female,1,No,No,17,Yes,No,Fiber optic,No,No,No,Yes,Yes,No,Month-to-month,Yes,Electronic check,117.17,1753.38,No
CUST-00075,Male,0,No,Yes,1,Yes,Yes,Fiber optic,No,No,Yes,Yes,Yes,No,Two year,No,Credit card (automatic),68.9,66.1,Yes
CUST-00076,Female,1,Yes,No,72,Yes,Yes,DSL,Yes,Yes,Yes,Yes,No,No,Month-to-month,No,Electronic check,59.11,4436.02,No
CUST-00077,Female,1,Yes,No,65,Yes,Yes,DSL,No,Yes,Yes,No,No,Yes,Two year,No,Bank transfer (automatic),40.53,2751.16,No
CUST-00078,Female,0,No,No,66,Yes,No,Fiber optic,No,No,No,No,Yes,No,Month-to-month,No,Mailed check,64.67,4381.91,No
CUST-00079,Male,0,Yes,No,37,Yes,Yes,DSL,No,No,No,Yes,No,Yes,One year,Yes,Bank transfer (automatic),105.45,3603.0,No
CUST-00080,Female,0,No,No,24,Yes,No,Fiber optic,No,No,No,No,No,No,Month-to-month,Yes,Electronic check,23.55,560.11,Yes
CUST-00081,Male,1,Yes,No,62,Yes,Yes,No,No internet service,No internet service,No internet service,No internet service,No internet service,No internet service,Month-to-month,No,Electronic check,40.85,2238.8,No
CUST-00082,Female,0,No,Yes,21,Yes,No,Fiber optic,Yes,Yes,No,No,Yes,Yes,Month-to-month,No,Credit card (automatic),117.1,2547.74,Yes
CUST-00083,Male,1,Yes,Yes,37,Yes,No,DSL,No,No,No,No,Yes,No,Month-to-month,No,Mailed check,98.62,3433.75,No
CUST-00084,Female,0,Yes,Yes,35,Yes,Yes,DSL,No,No,No,No,Yes,No,Two year,No,Mailed check,46.4,1565.11,No
CUST-00085,Male,0,No,Yes,38,No,No phone service,Fiber optic,No,No,Yes,No,Yes,No,Month-to-month,No,Mailed check,103.51,3646.17,No
CUST-00086,Male,1,Yes,No,53,Yes,Yes,Fiber optic,Yes,Yes,Yes,No,Yes,Yes,Month-to-month,No,Credit card (automatic),32.72,1617.82,No
CUST-00087,Female,0,Yes,No,15,Yes,Yes,Fiber optic,No,Yes,Yes,Yes,Yes,Yes,Two year,Yes,Electronic check,86.01,1193.27,No
CUST-00088,Male,0,Yes,No,42,Yes,Yes,DSL,No,Yes,No,No,Yes,No,Month-to-month,Yes,Credit card (automatic),38.33,1521.66,No
CUST-00089,Female,0,No,No,4,Yes,No,DSL,No,Yes,No,No,No,Yes,Month-to-month,Yes,Electronic check,72.17,295.0,No
CUST-00090,Female,0,No,No,39,Yes,No,DSL,No,Yes,Yes,Yes,No,No,Month-to-month,Yes,Credit card (automatic),82.46,3277.04,No
CUST-00091,Female,0,No,No,23,Yes,No,Fiber optic,Yes,Yes,No,Yes,No,No,Two year,No,Credit card (automatic),92.83,1958.86,No
CUST-00092,Female,0,Yes,No,15,Yes,No,No,No internet service,No internet service,No internet service,No internet service,No internet service,No internet service,Month-to-month,Yes,Bank transfer (automatic),110.49,1446.54,Yes
CUST-00093,Female,1,No,Yes,12,Yes,Yes,No,No internet service,No internet service,No internet service,No internet service,No internet service,No internet service,Two year,No,Electronic check,98.93,1115.85,No
CUST-00094,Female,1,Yes,No,70,Yes,No,Fiber optic,No,Yes,Yes,No,No,No,Month-to-month,No,Electronic check,48.42,2884.66,Yes
CUST-00095,Female,0,No,Yes,54,Yes,Yes,No,No internet service,No internet service,No internet service,No internet service,No internet service,No internet service,Month-to-month,Yes,Mailed check,103.99,5613.29,No
CUST-00096,Female,0,No,No,38,Yes,No,No,No internet service,No internet service,No internet service,No internet service,No internet service,No internet service,One year,Yes,Bank transfer (automatic),24.4,788.61,No
CUST-00097,Female,0,No,No,28,Yes,No,Fiber optic,No,Yes,No,No,No,Yes,Month-to-month,Yes,Credit card (automatic),93.12,2323.86,No
CUST-00098,Female,0,No,No,19,Yes,No,Fiber optic,No,No,Yes,No,No,Yes,Month-to-month,No,Mailed check,67.3,1125.34,No
CUST-00099,Female,1,No,Yes,69,Yes,No,No,No internet service,No internet service,No internet service,No internet service,No internet service,No internet service,Two year,Yes,Mailed check,62.84,4442.95,No
CUST-00100,Male,0,No,No,64,Yes,Yes,DSL,Yes,Yes,No,No,No,No,Two year,No,Credit card (automatic),89.45,6010.48,No
CUST-00101,Male,0,Yes,No,4,Yes,No,DSL,Yes,No,No,No,No,Yes,Month-to-month,Yes,Electronic check,24.18,85.04,Yes
CUST-00102,Female,0,No,Yes,10,Yes,Yes,No,No internet service,No internet service,No internet service,No internet service,No internet service,No internet service,Month-to-month,Yes,Electronic check,107.04,1031.58,Yes
CUST-00103,Female,0,Yes,Yes,12,Yes,Yes,Fiber optic,No,Yes,Yes,No,No,Yes,Month-to-month,Yes,Mailed check,44.41,541.03,Yes
CUST-00104,Female,0,Yes,No,69,Yes,No,No,No internet service,No internet service,No internet service,No internet service,No internet service,No internet service,Two year,Yes,Bank transfer (automatic),101.05,6417.98,No
CUST-00105,Female,0,Yes,Yes,7,No,No phone service,No,No internet service,No internet service,No internet service,No internet service,No internet service,No internet service,Month-to-month,Yes,Electronic check,50.92,321.14,No
CUST-00106,Female,0,Yes,No,44,Yes,Yes,Fiber optic,Yes,No,No,No,No,No,Month-to-month,Yes,Credit card (automatic),92.87,3711.4,No
CUST-00107,Female,0,Yes,No,23,No,No phone service,Fiber optic,Yes,No,No,Yes,No,Yes,Two year,Yes,Electronic check,111.77,2351.13,No
CUST-00108,Female,0,No,No,2,No,No phone service,Fiber optic,No,Yes,No,No,Yes,No,Month-to-month,Yes,Electronic check,88.51,159.54,Yes
CUST-00109,Female,0,Yes,Yes,37,Yes,Yes,DSL,No,Yes,No,No,Yes,No,One year,Yes,Bank transfer (automatic),41.95,1340.07,No
CUST-00110,Male,0,Yes,No,69,Yes,No,DSL,No,Yes,No,No,Yes,Yes,Two year,Yes,Electronic check,89.39,6376.6,No
CUST-00111,Female,0,No,No,20,Yes,No,Fiber optic,Yes,Yes,No,No,Yes,Yes,Month-to-month,Yes,Electronic check,89.4,1841.65,Yes
CUST-00112,Male,0,Yes,Yes,44,Yes,No,DSL,No,Yes,No,Yes,Yes,Yes,One year,Yes,Credit card (automatic),112.29,5041.88,No
CUST-00113,Female,0,No,Yes,70,Yes,Yes,Fiber optic,No,Yes,No,No,No,No,Month-to-month,Yes,Bank transfer (automatic),44.14,3100.28,Yes
CUST-00114,Female,0,No,Yes,51,Yes,Yes,DSL,Yes,Yes,No,No,No,No,Month-to-month,No,Electronic check,116.87,5958.26,Yes
CUST-00115,Male,0,No,No,31,Yes,Yes,Fiber optic,No,Yes,Yes,Yes,Yes,No,Month-to-month,Yes,Mailed check,87.89,2700.6,Yes
CUST-00116,Female,1,No,No,41,Yes,No,No,No internet service,No internet service,No internet service,No internet service,No internet service,No internet service,One year,No,Mailed check,50.47,2111.58,No
CUST-00117,Male,1,Yes,Yes,58,Yes,No,Fiber optic,No,Yes,Yes,No,Yes,No,Month-to-month,Yes,Mailed check,70.0,3495.31,Yes
CUST-00118,Female,0,Yes,No,5,Yes,Yes,Fiber optic,No,No,Yes,Yes,Yes,Yes,One year,Yes,Electronic check,95.7,480.39,No
CUST-00119,Female,1,Yes,No,33,No,No phone service,No,No internet service,No internet service,No internet service,No internet service,No internet service,No internet service,Two year,No,Mailed check,22.84,771.56,No
CUST-00120,Male,0,No,No,43,Yes,Yes,DSL,Yes,No,Yes,Yes,No,No,Two year,Yes,Bank transfer (automatic),52.3,2203.37,No
CUST-00121,Female,0,Yes,No,19,Yes,Yes,DSL,Yes,No,Yes,Yes,No,No,Month-to-month,Yes,Bank transfer (automatic),108.47,2101.61,Yes
CUST-00122,Male,0,Yes,Yes,32,Yes,No,DSL,Yes,No,Yes,No,Yes,No,Month-to-month,Yes,Credit card (automatic),28.91,841.4,No
CUST-00123,Female,0,Yes,Yes,3,Yes,Yes,Fiber optic,Yes,No,Yes,No,Yes,No,One year,Yes,Electronic check,71.86,198.83,No
CUST-00124,Male,0,No,No,1,Yes,No,DSL,No,Yes,Yes,Yes,No,No,Month-to-month,No,Bank transfer (automatic),76.71,74.56,Yes
CUST-00125,Male,0,Yes,Yes,41,Yes,No,DSL,No,Yes,Yes,Yes,No,No,Month-to-month,No,Credit card (automatic),47.27,1702.25,No
CUST-00126,Female,0,No,No,48,Yes,No,DSL,No,No,No,Yes,Yes,No,One year,No,Electronic check,59.24,2525.74,No
CUST-00127,Female,0,Yes,No,39,Yes,Yes,Fiber optic,No,No,No,No,No,Yes,Month-to-month,Yes,Mailed check,110.84,4533.67,No
CUST-00128,Male,0,Yes,No,5,Yes,No,Fiber optic,No,Yes,Yes,No,No,No,Month-to-month,No,Credit card (automatic),24.16,121.7,No
CUST-00129,Female,1,Yes,No,11,Yes,No,Fiber optic,Yes,No,No,Yes,No,No,One year,No,Electronic check,34.46,330.76,Yes
CUST-00130,Female,0,No,No,22,Yes,No,Fiber optic,No,Yes,Yes,No,Yes,No,One year,No,Mailed check,109.92,2111.94,No
CUST-00131,Female,0,No,No,64,Yes,No,DSL,Yes,No,Yes,No,No,Yes,Two year,Yes,Electronic check,36.29,2156.5,Yes
CUST-00132,Male,0,Yes,No,12,Yes,Yes,No,No internet service,No internet service,No internet service,No internet service,No internet service,No internet service,Month-to-month,No,Bank transfer (automatic),35.78,450.64,No
CUST-00133,Male,0,Yes,No,53,Yes,Yes,Fiber optic,No,No,Yes,No,No,No,Month-to-month,No,Credit card (automatic),77.61,4298.49,Yes
CUST-00134,Male,0,No,No,55,Yes,No,DSL,No,No,Yes,No,No,No,Two year,Yes,Electronic check,118.41,6151.34,No
CUST-00135,Male,0,Yes,No,53,Yes,No,DSL,Yes,No,Yes,No,No,No,Month-to-month,No,Electronic check,63.59,3162.62,No
CUST-00136,Male,0,Yes,Yes,21,Yes,Yes,No,No internet service,No internet service,No internet service,No internet service,No internet service,No internet service,Two year,No,Mailed check,71.29,1448.95,No
CUST-00137,Male,0,Yes,Yes,19,Yes,No,Fiber optic,Yes,No,Yes,No,No,No,Month-to-month,Yes,Mailed check,102.29,1909.26,Yes
CUST-00138,Male,0,Yes,No,69,Yes,No,Fiber optic,No,No,Yes,No,Yes,No,Month-to-month,Yes,Credit card (automatic),89.03,5546.97,Yes
CUST-00139,Male,0,Yes,No,72,Yes,Yes,DSL,No,No,No,No,Yes,No,Month-to-month,No,Electronic check,119.59,7613.03,No
CUST-00140,Male,0,Yes,No,66,Yes,Yes,Fiber optic,No,No,Yes,No,Yes,Yes,One year,Yes,Credit card (automatic),80.49,5383.28,No
CUST-00141,Female,0,Yes,No,59,Yes,No,Fiber optic,No,Yes,Yes,Yes,Yes,No,One year,Yes,Credit card (automatic),60.81,3303.71,No
CUST-00142,Male,0,No,Yes,49,Yes,Yes,No,No internet service,No internet service,No internet service,No internet service,No internet service,No internet service,Month-to-month,No,Electronic check,52.03,2187.01,No
CUST-00143,Female,0,Yes,No,59,Yes,Yes,Fiber optic,Yes,Yes,No,Yes,No,No,Month-to-month,Yes,Electronic check,118.72,7155.33,No
CUST-00144,Female,1,No,No,23,Yes,No,DSL,No,No,No,No,Yes,No,Month-to-month,Yes,Credit card (automatic),100.46,2303.44,Yes
CUST-00145,Female,1,Yes,No,3,Yes,No,DSL,Yes,Yes,No,Yes,No,Yes,Month-to-month,No,Credit card (automatic),101.61,303.08,Yes
CUST-00146,Male,1,No,No,56,Yes,Yes,DSL,Yes,No,Yes,Yes,No,Yes,Month-to-month,Yes,Mailed check,37.83,2076.8,No
CUST-00147,Male,0,Yes,No,58,No,No phone service,Fiber optic,No,Yes,No,No,Yes,No,One year,Yes,Mailed check,64.96,3514.49,No
CUST-00148,Male,0,No,No,62,Yes,No,DSL,No,Yes,No,No,Yes,Yes,One year,No,Electronic check,20.32,1294.64,No
CUST-00149,Male,0,Yes,No,18,Yes,Yes,Fiber optic,No,No,Yes,No,No,Yes,Month-to-month,Yes,Credit card (automatic),72.51,1204.77,No
CUST-00150,Female,0,No,No,61,Yes,No,Fiber optic,No,Yes,No,No,Yes,No,Month-to-month,Yes,Electronic check,25.53,1407.15,No
CUST-00151,Male,0,Yes,No,37,Yes,Yes,DSL,No,Yes,No,No,Yes,No,Month-to-month,Yes,Bank transfer (automatic),38.09,1350.04,Yes
CUST-00152,Male,0,Yes,Yes,54,Yes,Yes,Fiber optic,Yes,Yes,No,No,Yes,Yes,Two year,Yes,Electronic check,46.76,2380.38,No
CUST-00153,Male,1,No,No,65,Yes,No,Fiber optic,No,No,No,No,Yes,No,One year,Yes,Mailed check,101.35,5643.98,Yes
CUST-00154,Male,0,No,No,14,Yes,Yes,Fiber optic,No,No,No,No,No,Yes,Month-to-month,No,Mailed check,28.45,361.41,No
CUST-00155,Male,1,Yes,No,5,Yes,No,No,No internet service,No internet service,No internet service,No internet service,No internet service,No internet service,Month-to-month,Yes,Mailed check,110.56,512.04,No
CUST-00156,Female,0,No,No,62,Yes,No,Fiber optic,No,Yes,No,No,Yes,No,Two year,Yes,Bank transfer (automatic),75.76,4736.43,No
CUST-00157,Male,0,Yes,No,1,Yes,No,Fiber optic,No,No,No,No,No,No,Month-to-month,Yes,Electronic check,29.09,27.04,Yes
CUST-00158,Female,0,Yes,No,63,Yes,No,No,No internet service,No internet service,No internet service,No internet service,No internet service,No internet service,One year,No,Electronic check,118.67,7759.81,No
CUST-00159,Male,0,No,No,67,Yes,Yes,Fiber optic,Yes,No,Yes,No,Yes,Yes,Month-to-month,Yes,Electronic check,18.21,1217.79,No
CUST-00160,Female,0,Yes,No,20,Yes,No,No,No internet service,No internet service,No internet service,No internet service,No internet service,No internet service,Two year,Yes,Bank transfer (automatic),34.62,701.97,No
CUST-00161,Male,0,No,Yes,43,Yes,Yes,Fiber optic,Yes,No,No,No,No,Yes,One year,Yes,Electronic check,36.76,1625.12,No
CUST-00162,Male,0,Yes,No,42,Yes,No,Fiber optic,No,Yes,Yes,No,Yes,No,Month-to-month,Yes,Bank transfer (automatic),106.56,3979.42,No
CUST-00163,Female,0,No,Yes,69,Yes,No,Fiber optic,No,Yes,No,No,No,No,Month-to-month,Yes,Credit card (automatic),53.48,3728.82,Yes
CUST-00164,Female,1,No,Yes,39,Yes,Yes,Fiber optic,No,No,No,No,No,Yes,Month-to-month,Yes,Credit card (automatic),103.16,3575.21,Yes
CUST-00165,Female,0,No,No,62,Yes,Yes,DSL,Yes,No,Yes,No,No,Yes,Month-to-month,No,Electronic check,22.3,1327.15,No
CUST-00166,Male,1,No,No,48,Yes,No,No,No internet service,No internet service,No internet service,No internet service,No internet service,No internet service,One year,Yes,Electronic check,115.78,5064.01,No
CUST-00167,Female,0,Yes,Yes,6,Yes,Yes,Fiber optic,Yes,No,No,No,Yes,No,Month-to-month,Yes,Credit card (automatic),105.08,598.66,Yes
CUST-00168,Male,0,No,No,42,Yes,Yes,Fiber optic,No,Yes,Yes,Yes,No,Yes,Month-to-month,Yes,Mailed check,66.54,2493.37,No
CUST-00169,Male,0,Yes,No,58,Yes,Yes,Fiber optic,No,No,Yes,No,Yes,Yes,Month-to-month,Yes,Mailed check,33.59,2030.6,No
CUST-00170,Female,0,No,Yes,43,Yes,No,Fiber optic,Yes,Yes,No,Yes,Yes,Yes,Month-to-month,Yes,Electronic check,40.82,1725.77,Yes
CUST-00171,Female,0,No,No,10,Yes,No,Fiber optic,No,No,No,No,No,No,Two year,Yes,Electronic check,41.24,371.22,No
CUST-00172,Male,0,No,No,39,Yes,No,Fiber optic,No,Yes,No,Yes,No,No,Month-to-month,Yes,Bank transfer (automatic),89.68,3138.39,No
CUST-00173,Male,0,No,No,13,Yes,Yes,DSL,Yes,No,Yes,Yes,Yes,Yes,One year,Yes,Electronic check,56.24,644.53,No
CUST-00174,Female,0,Yes,No,39,Yes,No,DSL,No,No,Yes,No,Yes,Yes,Month-to-month,Yes,Electronic check,18.32,718.36,Yes
CUST-00175,Female,0,No,No,11,Yes,No,No,No internet service,No internet service,No internet service,No internet service,No internet service,No internet service,Month-to-month,No,Electronic check,57.18,594.97,No
CUST-00176,Female,0,Yes,No,16,Yes,Yes,No,No internet service,No internet service,No internet service,No internet service,No internet service,No internet service,Month-to-month,Yes,Credit card (automatic),76.33,1256.54,No
CUST-00177,Male,0,No,No,33,Yes,No,DSL,No,Yes,No,No,No,No,Month-to-month,Yes,Bank transfer (automatic),23.49,659.07,Yes
CUST-00178,Male,0,Yes,No,60,Yes,No,DSL,No,Yes,Yes,Yes,No,No,Month-to-month,Yes,Bank transfer (automatic),74.22,4227.59,Yes
CUST-00179,Male,0,No,No,59,Yes,No,DSL,Yes,Yes,No,Yes,No,Yes,Two year,No,Bank transfer (automatic),97.24,5435.49,No
CUST-00180,Male,0,Yes,No,51,Yes,Yes,No,No internet service,No internet service,No internet service,No internet service,No internet service,No internet service,Month-to-month,No,Credit card (automatic),75.55,4032.31,No
CUST-00181,Male,0,No,Yes,15,Yes,Yes,DSL,No,No,No,Yes,No,No,Month-to-month,No,Bank transfer (automatic),51.8,773.12,Yes
CUST-00182,Male,0,Yes,Yes,43,Yes,No,DSL,No,No,No,No,No,No,Month-to-month,Yes,Electronic check,54.84,2258.68,No
CUST-00183,Female,0,No,No,27,Yes,No,DSL,Yes,Yes,No,Yes,No,No,One year,No,Electronic check,61.9,1614.88,Yes
CUST-00184,Male,0,Yes,No,56,Yes,Yes,Fiber optic,No,Yes,No,No,No,No,Month-to-month,No,Bank transfer (automatic),104.45,5789.68,No
CUST-00185,Male,0,No,Yes,60,Yes,Yes,No,No internet service,No internet service,No internet service,No internet service,No internet service,No internet service,Month-to-month,No,Electronic check,21.24,1317.43,Yes
CUST-00186,Male,0,Yes,No,70,Yes,Yes,Fiber optic,No,No,Yes,No,No,Yes,Month-to-month,No,Credit card (automatic),54.15,3270.28,Yes
CUST-00187,Female,1,No,Yes,47,Yes,No,DSL,No,Yes,No,Yes,No,Yes,Month-to-month,Yes,Credit card (automatic),115.86,4698.54,No
CUST-00188,Male,0,Yes,Yes,8,Yes,No,Fiber optic,Yes,No,Yes,No,No,No,Month-to-month,Yes,Mailed check,102.78,732.7,Yes
CUST-00189,Male,0,No,Yes,63,Yes,Yes,DSL,Yes,No,No,Yes,Yes,Yes,Two year,No,Mailed check,31.75,1876.95,No
CUST-00190,Female,0,Yes,No,7,Yes,Yes,DSL,No,No,No,No,No,No,Month-to-month,Yes,Electronic check,54.2,349.0,Yes
CUST-00191,Male,0,No,No,2,Yes,No,No,No internet service,No internet service,No internet service,No internet service,No internet service,No internet service,Month-to-month,No,Credit card (automatic),19.84,34.14,No
CUST-00192,Male,0,Yes,Yes,17,Yes,Yes,No,No internet service,No internet service,No internet service,No internet service,No internet service,No internet service,Two year,No,Mailed check,92.42,1523.5,Yes
CUST-00193,Male,0,Yes,No,4,Yes,No,No,No internet service,No internet service,No internet service,No internet service,No internet service,No internet service,Month-to-month,Yes,Bank transfer (automatic),28.56,116.37,No
CUST-00194,Male,0,No,Yes,26,Yes,Yes,Fiber optic,No,Yes,Yes,Yes,Yes,No,Month-to-month,No,Electronic check,57.36,1284.34,Yes
CUST-00195,Male,0,Yes,No,72,Yes,No,DSL,No,No,No,Yes,No,Yes,Month-to-month,No,Mailed check,110.11,7568.16,No
CUST-00196,Female,0,Yes,Yes,69,Yes,Yes,Fiber optic,No,Yes,Yes,No,No,Yes,Two year,Yes,Bank transfer (automatic),31.94,2305.93,No
CUST-00197,Female,0,No,No,5,Yes,No,DSL,Yes,Yes,Yes,No,No,Yes,Two year,Yes,Bank transfer (automatic),51.22,220.26,No
CUST-00198,Female,1,No,No,5,Yes,Yes,DSL,Yes,Yes,Yes,No,Yes,Yes,Two year,Yes,Mailed check,101.19,459.85,No
CUST-00199,Male,0,No,No,69,Yes,No,DSL,Yes,Yes,No,No,Yes,No,Month-to-month,Yes,Bank transfer (automatic),82.49,5341.21,Yes
CUST-00200,Male,1,Yes,Yes,3,Yes,No,No,No internet service,No internet service,No internet service,No internet service,No internet service,No internet service,Month-to-month,No,Credit card (automatic),95.43,253.28,No
CUST-00201,Male,0,Yes,Yes,38,Yes,No,Fiber optic,Yes,No,Yes,Yes,Yes,No,One year,No,Bank transfer (automatic),115.81,4225.82,No
CUST-00202,Female,1,No,No,1,Yes,Yes,DSL,No,Yes,Yes,Yes,Yes,No,One year,No,Mailed check,111.16,113.43,No
CUST-00203,Male,1,Yes,No,8,Yes,No,DSL,Yes,No,No,Yes,No,Yes,One year,Yes,Credit card (automatic),47.23,348.83,Yes
CUST-00204,Male,0,No,No,13,Yes,No,No,No internet service,No internet service,No internet service,No internet service,No internet service,No internet service,Month-to-month,No,Mailed check,48.49,536.92,No
CUST-00205,Female,0,Yes,No,70,Yes,No,No,No internet service,No internet service,No internet service,No internet service,No internet service,No internet service,Month-to-month,No,Mailed check,26.81,1825.54,No
CUST-00206,Male,0,No,No,50,Yes,Yes,Fiber optic,No,Yes,Yes,No,No,No,Month-to-month,Yes,Mailed check,56.29,2888.95,No
CUST-00207,Female,0,No,No,8,Yes,Yes,DSL,No,No,Yes,No,No,No,Month-to-month,Yes,Electronic check,96.99,782.66,No
CUST-00208,Female,0,No,No,30,Yes,Yes,Fiber optic,Yes,No,Yes,Yes,No,Yes,Month-to-month,No,Electronic check,44.36,1304.37,Yes
CUST-00209,Female,0,Yes,Yes,40,Yes,No,Fiber optic,No,No,No,No,Yes,Yes,Month-to-month,Yes,Mailed check,102.46,4119.3,No
CUST-00210,Male,0,No,No,33,Yes,Yes,No,No internet service,No internet service,No internet service,No internet service,No internet service,No internet service,Two year,No,Bank transfer (automatic),76.46,2307.45,No
CUST-00211,Male,0,Yes,No,52,Yes,No,DSL,No,No,Yes,No,No,No,Month-to-month,Yes,Mailed check,54.74,2696.06,No
CUST-00212,Male,1,No,No,33,Yes,Yes,Fiber optic,Yes,No,No,No,No,No,Two year,Yes,Credit card (automatic),60.66,1855.53,Yes
CUST-00213,Male,0,No,Yes,37,Yes,Yes,DSL,No,Yes,No,No,No,No,Month-to-month,No,Electronic check,96.64,3067.91,Yes
CUST-00214,Male,0,Yes,No,70,Yes,Yes,Fiber optic,No,No,Yes,No,No,No,One year,Yes,Electronic check,50.25,3162.51,No
CUST-00215,Male,0,Yes,No,69,Yes,No,DSL,Yes,Yes,Yes,Yes,No,No,Month-to-month,Yes,Bank transfer (automatic),91.09,5966.99,No
CUST-00216,Male,1,No,No,4,Yes,No,No,No internet service,No internet service,No internet service,No internet service,No internet service,No internet service,Month-to-month,Yes,Credit card (automatic),60.54,237.1,No
CUST-00217,Female,0,Yes,Yes,60,Yes,Yes,DSL,No,Yes,No,No,Yes,Yes,Two year,Yes,Bank transfer (automatic),101.21,5185.12,No
CUST-00218,Male,0,No,No,31,Yes,Yes,Fiber optic,No,No,Yes,No,Yes,No,Month-to-month,No,Mailed check,39.6,1271.01,No
CUST-00219,Female,0,Yes,Yes,14,Yes,No,Fiber optic,Yes,No,No,Yes,No,No,Month-to-month,Yes,Credit card (automatic),49.49,671.71,Yes
CUST-00220,Male,0,Yes,No,60,No,No phone service,No,No internet service,No internet service,No internet service,No internet service,No internet service,No internet service,Month-to-month,Yes,Bank transfer (automatic),68.74,4194.04,No
CUST-00221,Male,0,No,No,68,Yes,No,Fiber optic,Yes,No,No,No,Yes,Yes,Month-to-month,No,Credit card (automatic),94.39,5692.61,Yes
CUST-00222,Male,1,No,No,26,No,No phone service,DSL,Yes,Yes,No,No,No,Yes,Two year,Yes,Credit card (automatic),34.08,864.37,No
CUST-00223,Female,0,Yes,No,24,Yes,Yes,DSL,No,Yes,No,No,Yes,Yes,Month-to-month,Yes,Mailed check,110.14,2289.71,No
CUST-00224,Female,0,No,No,56,Yes,Yes,Fiber optic,No,No,No,Yes,Yes,Yes,Month-to-month,Yes,Bank transfer (automatic),19.82,1043.92,No
CUST-00225,Female,1,No,No,9,Yes,Yes,Fiber optic,No,Yes,No,No,No,No,One year,Yes,Bank transfer (automatic),20.69,184.25,Yes
CUST-00226,Female,0,No,Yes,35,Yes,No,DSL,Yes,Yes,Yes,Yes,No,No,Month-to-month,Yes,Credit card (automatic),63.79,2193.01,Yes
CUST-00227,Male,0,Yes,No,24,Yes,No,No,No internet service,No internet service,No internet service,No internet service,No internet service,No internet service,Two year,No,Credit card (automatic),102.53,2206.57,No
CUST-00228,Female,1,Yes,No,31,Yes,Yes,DSL,Yes,Yes,Yes,Yes,Yes,Yes,Month-to-month,Yes,Electronic check,31.43,849.82,Yes
CUST-00229,Male,0,No,Yes,66,Yes,Yes,No,No internet service,No internet service,No internet service,No internet service,No internet service,No internet service,Month-to-month,Yes,Mailed check,67.51,4104.08,No
CUST-00230,Male,0,No,No,66,Yes,Yes,DSL,No,Yes,Yes,Yes,No,No,Month-to-month,No,Credit card (automatic),61.75,3961.73,Yes
CUST-00231,Female,0,Yes,Yes,41,Yes,Yes,DSL,No,No,Yes,No,No,Yes,Month-to-month,Yes,Electronic check,93.97,3343.91,No
CUST-00232,Female,0,No,Yes,36,Yes,Yes,DSL,No,Yes,Yes,Yes,No,Yes,Month-to-month,Yes,Bank transfer (automatic),39.81,1458.14,No
CUST-00233,Female,0,Yes,No,34,Yes,No,Fiber optic,No,No,No,Yes,Yes,No,One year,Yes,Credit card (automatic),78.59,2540.54,No
CUST-00234,Female,0,Yes,No,39,Yes,Yes,DSL,Yes,No,No,Yes,No,No,Month-to-month,No,Electronic check,111.8,4454.15,No
CUST-00235,Female,0,No,No,23,No,No phone service,Fiber optic,Yes,Yes,No,Yes,No,No,Month-to-month,Yes,Bank transfer (automatic),23.63,532.52,No
CUST-00236,Female,1,No,No,44,Yes,No,Fiber optic,Yes,No,No,No,No,Yes,One year,Yes,Electronic check,108.21,4974.66,Yes
CUST-00237,Female,0,Yes,No,70,Yes,No,DSL,No,Yes,No,No,Yes,No,Two year,Yes,Bank transfer (automatic),39.31,2609.45,No
CUST-00238,Female,1,No,Yes,58,Yes,Yes,No,No internet service,No internet service,No internet service,No internet service,No internet service,No internet service,Month-to-month,Yes,Credit card (automatic),26.42,1524.9,Yes
CUST-00239,Male,0,No,Yes,59,Yes,No,No,No internet service,No internet service,No internet service,No internet service,No internet service,No internet service,Two year,Yes,Mailed check,50.56,2827.98,No
CUST-00240,Female,0,No,No,26,Yes,Yes,Fiber optic,Yes,No,No,Yes,Yes,Yes,One year,Yes,Credit card (automatic),70.04,1609.54,No
CUST-00241,Female,0,No,No,22,Yes,Yes,No,No internet service,No internet service,No internet service,No internet service,No internet service,No internet service,Month-to-month,No,Mailed check,54.42,1039.11,No
CUST-00242,Male,0,Yes,No,40,Yes,No,DSL,Yes,Yes,Yes,Yes,Yes,Yes,Month-to-month,No,Mailed check,31.52,1131.16,No
CUST-00243,Female,0,Yes,No,11,Yes,Yes,DSL,No,Yes,No,No,Yes,Yes,Two year,No,Bank transfer (automatic),66.62,707.66,No
CUST-00244,Male,1,Yes,Yes,9,No,No phone service,DSL,Yes,No,No,Yes,No,No,Month-to-month,Yes,Mailed check,18.21,166.61,Yes
CUST-00245,Male,0,No,No,12,Yes,Yes,No,No internet service,No internet service,No internet service,No internet service,No internet service,No internet service,Month-to-month,No,Electronic check,18.97,199.95,Yes
CUST-00246,Female,0,No,No,26,Yes,Yes,Fiber optic,No,Yes,Yes,No,No,No,One year,Yes,Electronic check,102.79,2765.64,No
CUST-00247,Male,0,Yes,No,38,Yes,No,DSL,No,Yes,No,Yes,Yes,Yes,Month-to-month,No,Electronic check,75.97,2730.16,No
CUST-00248,Male,0,Yes,Yes,3,Yes,No,Fiber optic,No,Yes,Yes,No,No,Yes,Month-to-month,No,Credit card (automatic),55.08,157.12,Yes
CUST-00249,Male,0,Yes,No,15,Yes,Yes,DSL,No,No,No,Yes,No,Yes,Month-to-month,Yes,Mailed check,59.1,759.06,Yes
CUST-00250,Male,0,Yes,Yes,47,Yes,No,DSL,No,No,Yes,No,Yes,No,One year,No,Bank transfer (automatic),64.53,3166.09,No
CUST-00251,Female,0,No,No,5,Yes,No,Fiber optic,Yes,Yes,No,Yes,Yes,No,Month-to-month,Yes,Mailed check,42.05,181.26,Yes
CUST-00252,Male,0,No,Yes,54,No,No phone service,DSL,No,Yes,No,Yes,No,Yes,Month-to-month,No,Mailed check,92.14,4517.92,No
CUST-00253,Female,0,Yes,No,24,Yes,No,DSL,Yes,Yes,Yes,Yes,No,Yes,Two year,Yes,Mailed check,49.34,1156.24,No
CUST-00254,Male,0,No,No,11,Yes,No,DSL,Yes,Yes,Yes,No,No,No,One year,No,Electronic check,76.81,826.58,No
CUST-00255,Male,0,No,No,33,Yes,Yes,Fiber optic,No,No,Yes,No,Yes,No,Month-to-month,Yes,Bank transfer (automatic),31.73,979.62,Yes
CUST-00256,Male,1,No,No,57,Yes,No,Fiber optic,Yes,Yes,No,No,No,No,One year,Yes,Mailed check,20.81,1214.4,No
CUST-00257,Male,0,Yes,Yes,52,Yes,Yes,Fiber optic,Yes,No,No,Yes,No,No,Month-to-month,Yes,Electronic check,33.23,1583.77,No
CUST-00258,Female,0,Yes,No,64,Yes,No,Fiber optic,Yes,No,Yes,Yes,Yes,No,Month-to-month,No,Bank transfer (automatic),53.97,3042.94,Yes
CUST-00259,Female,0,Yes,No,43,Yes,Yes,DSL,No,Yes,Yes,Yes,No,Yes,Two year,No,Electronic check,32.18,1187.74,No
CUST-00260,Male,0,No,No,44,Yes,No,DSL,Yes,No,Yes,No,Yes,Yes,Month-to-month,No,Electronic check,85.25,3290.61,No
CUST-00261,Male,1,No,No,36,Yes,Yes,No,No internet service,No internet service,No internet service,No internet service,No internet service,No internet service,Two year,No,Credit card (automatic),34.62,1297.44,No
CUST-00262,Female,0,No,No,12,Yes,Yes,DSL,No,Yes,Yes,Yes,Yes,No,Month-to-month,Yes,Electronic check,100.92,1104.49,No
CUST-00263,Male,0,Yes,No,56,Yes,Yes,Fiber optic,Yes,No,Yes,Yes,No,No,Month-to-month,Yes,Bank transfer (automatic),99.19,5451.13,Yes
CUST-00264,Male,0,Yes,No,3,Yes,No,No,No internet service,No internet service,No internet service,No internet service,No internet service,No internet service,Two year,No,Bank transfer (automatic),46.93,146.95,No
CUST-00265,Male,0,Yes,No,50,No,No phone service,Fiber optic,No,Yes,No,Yes,Yes,No,Month-to-month,No,Mailed check,65.51,3364.39,No
CUST-00266,Female,0,No,Yes,29,Yes,Yes,DSL,Yes,Yes,Yes,No,Yes,No,Month-to-month,Yes,Electronic check,87.68,2417.82,No
CUST-00267,Female,0,Yes,Yes,16,Yes,No,No,No internet service,No internet service,No internet service,No internet service,No internet service,No internet service,One year,No,Electronic check,61.28,849.97,Yes
CUST-00268,Female,0,Yes,Yes,40,Yes,Yes,DSL,No,Yes,No,Yes,No,No,Month-to-month,Yes,Electronic check,25.98,1032.77,Yes
CUST-00269,Male,0,No,Yes,27,Yes,Yes,Fiber optic,No,Yes,No,Yes,Yes,Yes,Month-to-month,No,Credit card (automatic),46.3,1095.56,No
CUST-00270,Male,0,No,No,70,Yes,Yes,DSL,Yes,Yes,Yes,Yes,No,Yes,Month-to-month,Yes,Electronic check,70.36,4332.14,No
CUST-00271,Female,1,No,Yes,42,Yes,Yes,Fiber optic,No,No,Yes,Yes,Yes,Yes,Month-to-month,Yes,Electronic check,101.27,4363.45,Yes
CUST-00272,Female,0,Yes,Yes,57,Yes,No,Fiber optic,Yes,No,No,Yes,No,Yes,One year,No,Electronic check,25.06,1404.71,No
CUST-00273,Female,0,No,No,10,Yes,No,Fiber optic,Yes,Yes,No,No,Yes,No,Month-to-month,Yes,Bank transfer (automatic),36.0,372.98,Yes
CUST-00274,Female,0,Yes,No,38,Yes,No,Fiber optic,No,No,Yes,No,Yes,No,Month-to-month,No,Credit card (automatic),112.97,4471.65,No
CUST-00275,Male,1,No,No,8,Yes,Yes,No,No internet service,No internet service,No internet service,No internet service,No internet service,No internet service,Month-to-month,Yes,Bank transfer (automatic),50.45,380.22,Yes
CUST-00276,Female,0,Yes,No,18,Yes,No,DSL,No,Yes,No,No,No,No,Month-to-month,No,Mailed check,56.51,1000.71,No
CUST-00277,Male,1,Yes,Yes,17,Yes,Yes,No,No internet service,No internet service,No internet service,No internet service,No internet service,No internet service,Two year,Yes,Credit card (automatic),85.92,1432.87,No
CUST-00278,Female,0,No,Yes,58,Yes,Yes,DSL,No,No,No,No,Yes,No,Month-to-month,Yes,Bank transfer (automatic),55.58,2812.78,No
CUST-00279,Male,0,No,No,66,Yes,No,DSL,Yes,Yes,No,No,Yes,Yes,Month-to-month,No,Credit card (automatic),41.54,2669.85,No
CUST-00280,Female,0,No,No,44,Yes,Yes,No,No internet service,No internet service,No internet service,No internet service,No internet service,No internet service,Two year,Yes,Mailed check,116.78,4481.32,No
CUST-00281,Female,0,Yes,No,9,Yes,Yes,Fiber optic,Yes,No,Yes,No,Yes,Yes,Two year,Yes,Electronic check,71.14,653.82,No
CUST-00282,Female,0,Yes,No,48,Yes,No,DSL,Yes,No,No,No,No,No,Two year,No,Electronic check,55.84,2775.9,No
CUST-00283,Female,0,No,Yes,39,Yes,No,Fiber optic,Yes,Yes,No,No,No,No,One year,Yes,Bank transfer (automatic),95.67,3461.73,No
CUST-00284,Male,0,No,No,6,Yes,Yes,DSL,Yes,Yes,Yes,Yes,No,Yes,Two year,Yes,Credit card (automatic),28.43,168.66,No
CUST-00285,Female,0,No,Yes,30,Yes,Yes,Fiber optic,No,No,No,No,Yes,No,One year,No,Bank transfer (automatic),110.02,3267.37,No
CUST-00286,Male,0,No,No,18,Yes,Yes,Fiber optic,No,Yes,Yes,No,Yes,Yes,Month-to-month,No,Bank transfer (automatic),100.81,1560.59,No
CUST-00287,Male,0,No,No,43,Yes,Yes,No,No internet service,No internet service,No internet service,No internet service,No internet service,No internet service,Month-to-month,Yes,Mailed check,56.4,2140.57,Yes
CUST-00288,Male,0,No,No,33,Yes,No,DSL,No,Yes,No,Yes,Yes,No,Month-to-month,No,Electronic check,37.01,1254.5,No
CUST-00289,Male,0,Yes,No,53,Yes,No,DSL,No,No,Yes,Yes,Yes,No,Month-to-month,No,Electronic check,105.67,4982.34,Yes
CUST-00290,Female,0,Yes,No,56,No,No phone service,DSL,No,Yes,Yes,Yes,No,No,Month-to-month,Yes,Electronic check,115.53,6480.32,No
CUST-00291,Male,0,Yes,No,19,Yes,No,DSL,No,No,No,No,Yes,No,One year,No,Bank transfer (automatic),22.88,420.97,No
CUST-00292,Male,1,Yes,No,69,Yes,Yes,No,No internet service,No internet service,No internet service,No internet service,No internet service,No internet service,One year,No,Credit card (automatic),118.72,8132.35,No
CUST-00293,Male,0,No,No,26,Yes,No,No,No internet service,No internet service,No internet service,No internet service,No internet service,No internet service,One year,Yes,Electronic check,57.41,1313.17,No
CUST-00294,Female,0,No,No,29,Yes,No,Fiber optic,Yes,Yes,No,No,Yes,No,Month-to-month,No,Electronic check,100.23,2938.32,No
CUST-00295,Female,0,No,No,24,Yes,Yes,Fiber optic,No,Yes,No,No,Yes,Yes,Month-to-month,Yes,Mailed check,64.7,1433.53,Yes
CUST-00296,Female,1,Yes,No,6,Yes,No,No,No internet service,No internet service,No internet service,No internet service,No internet service,No internet service,Month-to-month,No,Credit card (automatic),71.23,447.74,Yes
CUST-00297,Female,0,Yes,Yes,54,Yes,Yes,DSL,No,No,Yes,Yes,Yes,Yes,One year,No,Credit card (automatic),72.67,3675.46,No
CUST-00298,Male,0,Yes,No,39,Yes,No,DSL,Yes,No,No,No,Yes,Yes,Two year,No,Mailed check,116.26,4142.15,Yes
CUST-00299,Male,1,No,No,4,Yes,No,DSL,Yes,Yes,No,Yes,Yes,Yes,Two year,No,Electronic check,82.24,289.03,No
CUST-00300,Female,0,Yes,No,58,Yes,Yes,No,No internet service,No internet service,No internet service,No internet service,No internet service,No internet service,Month-to-month,No,Bank transfer (automatic),48.2,2415.45,No
CUST-00301,Male,0,No,No,48,Yes,No,Fiber optic,Yes,No,Yes,No,No,Yes,One year,No,Electronic check,81.91,4035.14,No
CUST-00302,Male,0,Yes,Yes,60,Yes,No,Fiber optic,Yes,No,Yes,No,No,No,Month-to-month,No,Credit card (automatic),27.21,1427.57,No
CUST-00303,Male,0,Yes,Yes,26,Yes,Yes,DSL,Yes,No,Yes,No,No,No,Month-to-month,Yes,Credit card (automatic),51.8,1381.93,No
CUST-00304,Female,0,No,No,40,Yes,No,Fiber optic,No,No,No,No,Yes,Yes,Two year,Yes,Electronic check,35.72,1371.74,No
CUST-00305,Female,0,No,Yes,56,Yes,No,No,No internet service,No internet service,No internet service,No internet service,No internet service,No internet service,Two year,Yes,Electronic check,79.81,4390.96,No
CUST-00306,Male,0,Yes,Yes,39,Yes,Yes,DSL,Yes,No,No,No,No,No,Month-to-month,No,Electronic check,72.24,2849.43,No
CUST-00307,Female,1,No,Yes,39,Yes,Yes,Fiber optic,No,Yes,Yes,Yes,No,No,Month-to-month,No,Bank transfer (automatic),91.92,3435.62,No
CUST-00308,Female,0,No,Yes,48,Yes,No,DSL,No,No,No,No,No,Yes,Month-to-month,Yes,Credit card (automatic),52.53,2391.59,No
CUST-00309,Female,0,No,No,25,Yes,No,No,No internet service,No internet service,No internet service,No internet service,No internet service,No internet service,Two year,Yes,Mailed check,118.51,2982.17,No
CUST-00310,Female,0,No,No,34,No,No phone service,Fiber optic,Yes,No,Yes,No,Yes,Yes,Two year,Yes,Electronic check,50.64,1606.72,Yes
CUST-00311,Female,0,No,No,21,Yes,Yes,DSL,Yes,No,No,Yes,Yes,Yes,Two year,No,Credit card (automatic),23.33,424.14,No
CUST-00312,Male,0,Yes,No,25,Yes,No,Fiber optic,Yes,No,Yes,No,Yes,Yes,Month-to-month,Yes,Bank transfer (automatic),45.58,1112.29,Yes
CUST-00313,Female,0,No,Yes,22,Yes,No,DSL,No,No,No,Yes,No,No,One year,Yes,Electronic check,81.64,1539.33,No
CUST-00314,Male,0,Yes,Yes,23,Yes,Yes,No,No internet service,No internet service,No internet service,No internet service,No internet service,No internet service,Two year,Yes,Electronic check,95.55,2131.47,No
CUST-00315,Male,0,No,No,25,Yes,No,No,No internet service,No internet service,No internet service,No internet service,No internet service,No internet service,Two year,Yes,Mailed check,42.67,1015.7,No
CUST-00316,Female,0,Yes,No,26,Yes,No,Fiber optic,Yes,No,No,No,Yes,Yes,Two year,No,Electronic check,97.56,2310.86,No
CUST-00317,Male,0,Yes,Yes,30,Yes,Yes,DSL,Yes,Yes,Yes,Yes,Yes,No,One year,Yes,Credit card (automatic),52.28,1441.44,No
CUST-00318,Male,0,No,No,38,No,No phone service,Fiber optic,Yes,No,No,No,Yes,No,Month-to-month,Yes,Electronic check,34.73,1241.87,Yes
CUST-00319,Male,0,Yes,No,34,Yes,No,Fiber optic,Yes,Yes,Yes,Yes,No,No,Month-to-month,Yes,Credit card (automatic),32.32,1042.02,No
CUST-00320,Female,0,Yes,No,15,Yes,Yes,DSL,Yes,Yes,No,No,Yes,No,Month-to-month,No,Bank transfer (automatic),101.46,1422.81,No
CUST-00321,Female,1,No,Yes,44,Yes,No,DSL,Yes,No,Yes,Yes,No,Yes,Month-to-month,Yes,Electronic check,42.14,1721.47,No
CUST-00322,Male,0,No,No,10,Yes,No,No,No internet service,No internet service,No internet service,No internet service,No internet service,No internet service,Month-to-month,Yes,Electronic check,40.44,369.94,Yes
CUST-00323,Female,0,No,Yes,37,Yes,Yes,No,No internet service,No internet service,No internet service,No internet service,No internet service,No internet service,Two year,No,Mailed check,108.05,3915.95,No
CUST-00324,Female,0,Yes,No,7,Yes,Yes,No,No internet service,No internet service,No internet service,No internet service,No internet service,No internet service,Two year,Yes,Electronic check,55.2,360.07,No
CUST-00325,Female,0,No,No,32,Yes,Yes,Fiber optic,No,Yes,Yes,Yes,No,No,Month-to-month,No,Credit card (automatic),119.01,3479.02,No
CUST-00326,Female,0,Yes,No,11,Yes,No,Fiber optic,No,No,No,Yes,No,Yes,Month-to-month,Yes,Electronic check,45.49,515.67,No
CUST-00327,Male,1,Yes,Yes,48,Yes,No,Fiber optic,No,No,No,Yes,No,Yes,Two year,Yes,Electronic check,85.35,3631.22,No
CUST-00328,Male,1,No,Yes,68,Yes,No,Fiber optic,Yes,No,No,No,Yes,No,Month-to-month,No,Bank transfer (automatic),37.84,2261.89,No
CUST-00329,Female,0,No,No,48,Yes,No,No,No internet service,No internet service,No internet service,No internet service,No internet service,No internet service,One year,Yes,Electronic check,37.64,1816.35,No
CUST-00330,Female,0,No,No,45,Yes,Yes,No,No internet service,No internet service,No internet service,No internet service,No internet service,No internet service,Month-to-month,Yes,Credit card (automatic),100.52,3949.54,No
CUST-00331,Male,0,No,No,33,Yes,Yes,No,No internet service,No internet service,No internet service,No internet service,No internet service,No internet service,Month-to-month,No,Mailed check,112.43,3354.98,No
CUST-00332,Male,0,Yes,No,4,Yes,Yes,Fiber optic,No,No,No,No,Yes,No,Month-to-month,Yes,Bank transfer (automatic),109.22,402.01,Yes
CUST-00333,Female,0,No,Yes,47,Yes,No,Fiber optic,Yes,No,No,No,No,No,Month-to-month,No,Electronic check,103.05,4394.22,Yes
CUST-00334,Male,0,Yes,No,53,Yes,Yes,Fiber optic,Yes,No,No,No,No,No,One year,Yes,Credit card (automatic),77.49,4094.18,No
CUST-00335,Female,0,No,Yes,31,Yes,No,No,No internet service,No internet service,No internet service,No internet service,No internet service,No internet service,Month-to-month,No,Electronic check,29.54,814.57,No
CUST-00336,Female,0,No,Yes,31,Yes,No,Fiber optic,Yes,No,No,No,Yes,No,Month-to-month,Yes,Electronic check,52.43,1605.72,Yes
CUST-00337,Male,0,No,No,27,Yes,No,DSL,Yes,No,No,No,No,Yes,One year,Yes,Mailed check,46.67,1144.61,Yes
CUST-00338,Male,1,No,No,48,Yes,Yes,Fiber optic,No,No,Yes,No,No,No,Month-to-month,No,Electronic check,43.57,2135.98,No
CUST-00339,Female,0,No,No,36,Yes,No,No,No internet service,No internet service,No internet service,No internet service,No internet service,No internet service,Two year,Yes,Credit card (automatic),117.27,4328.05,No
CUST-00340,Female,0,No,No,49,Yes,No,Fiber optic,No,Yes,Yes,Yes,Yes,Yes,Month-to-month,No,Mailed check,33.25,1475.74,No
CUST-00341,Male,0,Yes,No,31,Yes,Yes,No,No internet service,No internet service,No internet service,No internet service,No internet service,No internet service,Month-to-month,Yes,Bank transfer (automatic),65.86,1979.04,No
CUST-00342,Female,1,Yes,Yes,44,Yes,Yes,DSL,Yes,No,Yes,Yes,No,No,Month-to-month,Yes,Mailed check,112.47,5009.38,No
CUST-00343,Male,1,No,No,59,Yes,No,No,No internet service,No internet service,No internet service,No internet service,No internet service,No internet service,One year,Yes,Electronic check,24.18,1233.49,No
CUST-00344,Female,0,No,No,23,Yes,No,Fiber optic,Yes,No,No,No,No,No,Month-to-month,No,Electronic check,94.05,2084.65,No
CUST-00345,Male,0,Yes,No,68,Yes,No,Fiber optic,Yes,No,Yes,No,No,Yes,Month-to-month,Yes,Credit card (automatic),80.17,5698.46,No
CUST-00346,Male,0,Yes,No,42,Yes,Yes,Fiber optic,No,No,No,No,No,No,One year,Yes,Electronic check,54.74,2121.06,No
CUST-00347,Male,0,Yes,No,42,Yes,Yes,No,No internet service,No internet service,No internet service,No internet service,No internet service,No internet service,Two year,Yes,Electronic check,113.7,4754.65,No
CUST-00348,Female,0,No,No,13,Yes,Yes,No,No internet service,No internet service,No internet service,No internet service,No internet service,No internet service,Two year,No,Mailed check,52.19,684.75,No
CUST-00349,Female,0,Yes,No,1,Yes,Yes,No,No internet service,No internet service,No internet service,No internet service,No internet service,No internet service,One year,Yes,Electronic check,37.25,37.2,Yes
CUST-00350,Male,0,Yes,No,53,Yes,Yes,DSL,Yes,Yes,Yes,Yes,Yes,Yes,Month-to-month,Yes,Bank transfer (automatic),91.9,5065.14,Yes
CUST-00351,Female,0,No,Yes,40,Yes,No,DSL,No,Yes,No,Yes,Yes,No,Two year,Yes,Mailed check,51.92,2084.06,No
CUST-00352,Male,0,No,No,46,Yes,No,No,No internet service,No internet service,No internet service,No internet service,No internet service,No internet service,Two year,Yes,Credit card (automatic),47.26,2253.62,No
CUST-00353,Male,1,Yes,Yes,22,Yes,No,No,No internet service,No internet service,No internet service,No internet service,No internet service,No internet service,Month-to-month,Yes,Mailed check,112.98,2227.54,No
CUST-00354,Female,0,Yes,Yes,52,Yes,No,DSL,Yes,Yes,No,Yes,No,No,Month-to-month,No,Bank transfer (automatic),49.39,2486.76,No
CUST-00355,Female,0,No,Yes,28,Yes,Yes,DSL,Yes,No,Yes,Yes,No,Yes,Month-to-month,Yes,Credit card (automatic),76.6,1985.36,Yes
CUST-00356,Male,0,Yes,Yes,53,Yes,Yes,DSL,Yes,No,No,No,No,No,Month-to-month,Yes,Credit card (automatic),84.77,4468.17,Yes
CUST-00357,Female,0,No,No,63,No,No phone service,Fiber optic,No,No,No,No,No,No,Month-to-month,Yes,Mailed check,67.51,3744.01,No
CUST-00358,Female,0,No,No,17,Yes,No,Fiber optic,Yes,Yes,Yes,Yes,No,Yes,Month-to-month,Yes,Credit card (automatic),49.74,749.06,Yes
CUST-00359,Male,0,Yes,Yes,64,Yes,Yes,DSL,Yes,No,Yes,No,No,No,Month-to-month,Yes,Electronic check,73.32,4110.87,No
CUST-00360,Male,1,No,Yes,6,Yes,No,DSL,No,No,Yes,Yes,Yes,Yes,Two year,Yes,Bank transfer (automatic),58.77,318.71,Yes
CUST-00361,Female,0,Yes,No,14,Yes,No,No,No internet service,No internet service,No internet service,No internet service,No internet service,No internet service,Two year,Yes,Electronic check,21.62,268.57,No
CUST-00362,Male,0,Yes,Yes,17,Yes,Yes,DSL,No,No,Yes,Yes,Yes,Yes,Month-to-month,Yes,Electronic check,49.51,845.74,Yes
CUST-00363,Male,0,No,No,38,Yes,No,Fiber optic,No,Yes,Yes,No,Yes,No,One year,Yes,Mailed check,77.81,2860.38,Yes
CUST-00364,Female,0,No,Yes,69,Yes,Yes,Fiber optic,Yes,No,No,Yes,No,No,Two year,No,Credit card (automatic),19.29,1230.21,No
CUST-00365,Male,0,Yes,Yes,13,Yes,No,Fiber optic,No,No,No,No,Yes,No,Month-to-month,Yes,Mailed check,84.3,976.5,No
CUST-00366,Male,0,Yes,No,53,Yes,No,DSL,Yes,Yes,Yes,No,No,No,Two year,Yes,Bank transfer (automatic),21.16,1133.38,No
CUST-00367,Female,0,Yes,No,9,Yes,No,DSL,Yes,Yes,No,Yes,No,No,Month-to-month,Yes,Mailed check,75.41,696.36,No
CUST-00368,Female,0,Yes,No,44,Yes,Yes,Fiber optic,No,Yes,No,Yes,Yes,Yes,Two year,Yes,Electronic check,24.22,1087.61,No
CUST-00369,Male,0,No,Yes,26,Yes,Yes,No,No internet service,No internet service,No internet service,No internet service,No internet service,No internet service,Two year,No,Credit card (automatic),104.49,2811.71,No
CUST-00370,Male,0,Yes,No,19,Yes,Yes,Fiber optic,No,Yes,Yes,Yes,Yes,No,Month-to-month,Yes,Bank transfer (automatic),110.86,2130.67,Yes
CUST-00371,Female,0,No,No,48,Yes,Yes,DSL,No,Yes,Yes,Yes,Yes,Yes,Month-to-month,Yes,Bank transfer (automatic),80.67,3781.36,Yes
CUST-00372,Female,0,Yes,Yes,30,Yes,Yes,No,No internet service,No internet service,No internet service,No internet service,No internet service,No internet service,Month-to-month,Yes,Mailed check,30.9,867.71,No
CUST-00373,Female,0,No,Yes,32,Yes,Yes,DSL,No,Yes,No,Yes,Yes,No,Month-to-month,Yes,Electronic check,110.16,3201.06,No
CUST-00374,Female,0,No,Yes,69,Yes,No,No,No internet service,No internet service,No internet service,No internet service,No internet service,No internet service,Two year,No,Credit card (automatic),92.28,5420.3,No
CUST-00375,Male,1,No,No,11,Yes,No,DSL,Yes,No,Yes,No,No,No,One year,No,Bank transfer (automatic),107.67,1203.86,Yes
CUST-00376,Female,0,Yes,Yes,26,Yes,No,Fiber optic,No,Yes,Yes,Yes,No,No,Month-to-month,No,Mailed check,65.32,1591.74,No
CUST-00377,Female,0,Yes,No,26,Yes,No,DSL,Yes,Yes,No,Yes,Yes,Yes,Two year,Yes,Credit card (automatic),61.01,1625.03,No
CUST-00378,Male,1,Yes,Yes,17,Yes,Yes,Fiber optic,No,No,Yes,No,No,Yes,Month-to-month,No,Mailed check,78.47,1219.76,No
CUST-00379,Female,0,No,Yes,44,Yes,No,Fiber optic,No,No,No,Yes,Yes,No,One year,Yes,Electronic check,64.47,2602.99,No
CUST-00380,Male,0,No,Yes,23,Yes,Yes,Fiber optic,No,Yes,Yes,Yes,No,No,Month-to-month,Yes,Electronic check,35.41,695.71,Yes
CUST-00381,Female,0,No,No,25,Yes,No,DSL,Yes,Yes,Yes,No,No,No,Month-to-month,No,Mailed check,102.18,2419.34,Yes
CUST-00382,Female,0,No,Yes,37,Yes,No,No,No internet service,No internet service,No internet service,No internet service,No internet service,No internet service,One year,Yes,Credit card (automatic),37.43,1312.54,No
CUST-00383,Female,0,Yes,No,65,Yes,Yes,No,No internet service,No internet service,No internet service,No internet service,No internet service,No internet service,Two year,Yes,Bank transfer (automatic),94.14,6002.66,No
CUST-00384,Male,0,No,No,2,Yes,Yes,Fiber optic,No,No,Yes,No,No,No,Month-to-month,No,Mailed check,108.86,217.71,No
CUST-00385,Male,0,No,No,32,Yes,No,Fiber optic,Yes,Yes,Yes,No,Yes,Yes,Month-to-month,Yes,Bank transfer (automatic),71.98,2117.84,No
CUST-00386,Female,0,Yes,No,55,Yes,Yes,Fiber optic,No,No,No,No,No,No,Month-to-month,Yes,Electronic check,43.81,2495.05,No
CUST-00387,Male,1,Yes,No,50,Yes,Yes,DSL,Yes,No,Yes,Yes,No,No,Two year,No,Credit card (automatic),20.19,950.21,No
CUST-00388,Male,0,No,No,65,Yes,No,No,No internet service,No internet service,No internet service,No internet service,No internet service,No internet service,Two year,Yes,Electronic check,84.77,5315.85,No
CUST-00389,Male,1,Yes,No,32,Yes,Yes,DSL,Yes,Yes,No,No,Yes,Yes,Month-to-month,Yes,Mailed check,74.44,2307.74,No
CUST-00390,Male,0,Yes,Yes,37,Yes,Yes,Fiber optic,No,Yes,No,No,No,No,Two year,Yes,Credit card (automatic),88.5,3357.38,No
CUST-00391,Male,0,No,Yes,13,Yes,Yes,Fiber optic,No,No,Yes,Yes,Yes,Yes,Month-to-month,No,Mailed check,115.04,1478.46,Yes
CUST-00392,Male,0,No,No,54,No,No phone service,Fiber optic,Yes,No,No,No,Yes,No,Month-to-month,Yes,Credit card (automatic),64.05,3184.52,No
CUST-00393,Female,0,Yes,No,3,Yes,Yes,No,No internet service,No internet service,No internet service,No internet service,No internet service,No internet service,Month-to-month,Yes,Electronic check,86.61,257.55,Yes
CUST-00394,Female,0,Yes,No,42,Yes,Yes,DSL,No,Yes,No,No,Yes,Yes,Month-to-month,No,Electronic check,32.53,1405.27,No
CUST-00395,Male,0,No,Yes,40,Yes,Yes,Fiber optic,Yes,Yes,No,Yes,No,No,Two year,Yes,Mailed check,32.24,1308.2,No
CUST-00396,Female,0,No,No,66,Yes,No,Fiber optic,No,Yes,Yes,Yes,No,Yes,One year,No,Credit card (automatic),68.32,3875.48,No
CUST-00397,Female,1,Yes,No,60,Yes,No,DSL,No,Yes,No,No,No,Yes,Month-to-month,Yes,Credit card (automatic),77.85,4032.12,No
CUST-00398,Female,0,No,No,11,Yes,No,Fiber optic,Yes,Yes,Yes,No,Yes,Yes,One year,Yes,Electronic check,118.43,1284.26,Yes
CUST-00399,Female,0,No,No,1,Yes,Yes,No,No internet service,No internet service,No internet service,No internet service,No internet service,No internet service,One year,Yes,Credit card (automatic),76.02,79.54,No
CUST-00400,Male,0,No,No,26,No,No phone service,DSL,No,No,No,No,Yes,No,Two year,Yes,Bank transfer (automatic),111.57,2813.45,No
CUST-00401,Female,0,Yes,Yes,42,Yes,Yes,Fiber optic,No,No,No,No,No,Yes,One year,Yes,Mailed check,98.33,3870.14,No
CUST-00402,Female,0,Yes,No,62,Yes,No,Fiber optic,No,No,No,Yes,Yes,No,Month-to-month,Yes,Electronic check,109.72,6573.77,Yes
CUST-00403,Male,0,No,No,61,Yes,No,Fiber optic,No,No,No,No,No,No,Month-to-month,Yes,Electronic check,105.45,6052.79,Yes
CUST-00404,Male,0,Yes,No,62,No,No phone service,No,No internet service,No internet service,No internet service,No internet service,No internet service,No internet service,Month-to-month,Yes,Bank transfer (automatic),73.28,4055.89,No
CUST-00405,Female,1,No,No,12,Yes,Yes,DSL,Yes,No,Yes,No,Yes,Yes,Month-to-month,No,Mailed check,18.0,195.68,Yes
CUST-00406,Female,0,Yes,No,27,No,No phone service,Fiber optic,Yes,Yes,Yes,Yes,Yes,No,Month-to-month,Yes,Electronic check,64.43,1582.7,Yes
CUST-00407,Female,0,Yes,Yes,67,Yes,Yes,Fiber optic,No,Yes,No,No,Yes,Yes,Month-to-month,Yes,Credit card (automatic),40.38,2623.94,No
CUST-00408,Female,0,Yes,Yes,28,No,No phone service,DSL,Yes,No,Yes,Yes,Yes,Yes,Month-to-month,Yes,Bank transfer (automatic),90.85,2585.28,No
CUST-00409,Female,0,Yes,No,66,Yes,Yes,No,No internet service,No internet service,No internet service,No internet service,No internet service,No internet service,One year,Yes,Bank transfer (automatic),38.18,2167.77,No
CUST-00410,Female,0,No,No,28,Yes,Yes,DSL,Yes,No,Yes,Yes,No,Yes,Two year,Yes,Bank transfer (automatic),66.25,1770.68,No
CUST-00411,Male,0,Yes,Yes,21,Yes,No,DSL,Yes,No,No,No,No,Yes,One year,No,Bank transfer (automatic),20.5,411.59,No
CUST-00412,Female,1,No,No,7,Yes,No,Fiber optic,Yes,No,Yes,No,Yes,Yes,Month-to-month,No,Electronic check,27.22,198.58,No
CUST-00413,Female,0,No,No,14,No,No phone service,DSL,Yes,No,Yes,Yes,Yes,Yes,Month-to-month,Yes,Mailed check,58.03,823.45,No
CUST-00414,Male,0,Yes,Yes,39,Yes,Yes,Fiber optic,No,No,No,No,No,No,One year,Yes,Credit card (automatic),92.47,3347.61,Yes
CUST-00415,Male,1,No,Yes,62,Yes,No,No,No internet service,No internet service,No internet service,No internet service,No internet service,No internet service,Two year,Yes,Credit card (automatic),86.71,5225.21,No
CUST-00416,Male,0,Yes,Yes,12,Yes,Yes,DSL,No,No,No,Yes,No,Yes,Month-to-month,No,Credit card (automatic),61.62,725.56,No
CUST-00417,Male,0,No,No,38,Yes,No,DSL,Yes,Yes,Yes,Yes,Yes,Yes,Month-to-month,Yes,Credit card (automatic),37.46,1400.71,No
CUST-00418,Female,0,No,No,58,Yes,No,DSL,No,No,No,No,Yes,Yes,Month-to-month,No,Electronic check,49.2,2943.86,No
CUST-00419,Female,0,Yes,No,56,Yes,Yes,DSL,No,No,Yes,No,No,No,One year,No,Electronic check,68.38,3699.58,No
CUST-00420,Female,0,Yes,No,39,Yes,No,DSL,Yes,No,No,No,No,No,Month-to-month,No,Credit card (automatic),114.75,4000.33,No
CUST-00421,Female,0,No,No,4,Yes,No,No,No internet service,No internet service,No internet service,No internet service,No internet service,No internet service,Month-to-month,Yes,Electronic check,83.31,326.11,Yes
CUST-00422,Female,0,No,No,48,Yes,No,Fiber optic,No,No,No,Yes,Yes,Yes,Month-to-month,No,Credit card (automatic),31.01,1335.27,No
CUST-00423,Female,0,Yes,No,7,Yes,No,DSL,No,Yes,Yes,No,Yes,Yes,Two year,Yes,Credit card (automatic),100.04,611.55,No
CUST-00424,Male,0,No,No,60,Yes,No,No,No internet service,No internet service,No internet service,No internet service,No internet service,No internet service,Month-to-month,No,Mailed check,91.55,5337.63,Yes
CUST-00425,Female,0,Yes,Yes,40,Yes,Yes,DSL,Yes,No,Yes,Yes,No,No,Month-to-month,Yes,Credit card (automatic),108.63,3938.01,Yes
CUST-00426,Male,0,No,No,8,No,No phone service,Fiber optic,No,Yes,No,Yes,Yes,No,Month-to-month,No,Bank transfer (automatic),80.34,627.1,Yes
CUST-00427,Male,0,Yes,No,58,Yes,No,DSL,No,No,No,Yes,Yes,No,Two year,Yes,Electronic check,49.61,2917.95,No
CUST-00428,Female,0,No,Yes,57,Yes,Yes,DSL,No,No,No,No,Yes,No,Month-to-month,Yes,Credit card (automatic),104.45,5234.54,Yes
CUST-00429,Male,0,Yes,No,35,Yes,Yes,Fiber optic,No,No,No,No,No,No,Two year,Yes,Mailed check,76.88,2318.97,No
CUST-00430,Female,0,No,No,13,Yes,No,Fiber optic,Yes,No,Yes,No,Yes,Yes,Month-to-month,Yes,Electronic check,89.68,1010.7,Yes
CUST-00431,Male,1,No,No,39,Yes,Yes,Fiber optic,No,No,No,Yes,No,Yes,Two year,Yes,Credit card (automatic),65.92,2682.88,No
CUST-00432,Female,0,No,No,21,Yes,Yes,Fiber optic,Yes,No,No,No,Yes,No,Month-to-month,No,Bank transfer (automatic),100.06,1823.55,Yes
CUST-00433,Male,0,No,Yes,47,Yes,Yes,DSL,Yes,No,No,Yes,Yes,No,Month-to-month,No,Electronic check,81.81,3978.58,No
CUST-00434,Female,0,No,No,2,Yes,No,Fiber optic,Yes,No,No,Yes,No,No,Month-to-month,No,Credit card (automatic),108.84,227.49,No
CUST-00435,Female,0,No,No,44,Yes,No,No,No internet service,No internet service,No internet service,No internet service,No internet service,No internet service,Month-to-month,No,Credit card (automatic),53.7,2042.15,No
CUST-00436,Female,0,No,No,30,Yes,No,DSL,No,No,No,Yes,Yes,No,Month-to-month,No,Electronic check,104.42,2999.06,Yes
CUST-00437,Female,1,No,No,55,Yes,No,Fiber optic,No,Yes,Yes,Yes,No,No,Month-to-month,Yes,Electronic check,98.43,5357.64,No
CUST-00438,Female,0,No,No,40,Yes,No,Fiber optic,Yes,No,Yes,Yes,Yes,No,Two year,No,Electronic check,55.73,1911.35,No
CUST-00439,Male,0,No,Yes,24,Yes,No,Fiber optic,No,No,No,Yes,No,No,Month-to-month,Yes,Credit card (automatic),107.32,2455.9,No
CUST-00440,Male,0,Yes,No,42,Yes,No,Fiber optic,No,No,No,Yes,Yes,Yes,One year,Yes,Bank transfer (automatic),78.48,3079.02,No
CUST-00441,Male,1,No,No,28,Yes,Yes,Fiber optic,No,Yes,No,Yes,No,No,One year,Yes,Credit card (automatic),55.94,1490.55,No
CUST-00442,Female,0,Yes,No,51,Yes,No,No,No internet service,No internet service,No internet service,No internet service,No internet service,No internet service,Month-to-month,Yes,Credit card (automatic),46.12,2257.1,No
CUST-00443,Male,1,No,No,22,Yes,Yes,Fiber optic,Yes,No,No,Yes,No,No,Month-to-month,Yes,Mailed check,26.94,588.63,Yes
CUST-00444,Female,0,No,No,8,No,No phone service,Fiber optic,No,Yes,Yes,No,No,No,Two year,No,Electronic check,27.43,191.99,No
CUST-00445,Female,0,No,No,14,Yes,No,Fiber optic,Yes,No,No,Yes,Yes,No,Month-to-month,Yes,Bank transfer (automatic),97.99,1438.64,Yes
CUST-00446,Male,0,Yes,Yes,45,No,No phone service,Fiber optic,Yes,No,Yes,No,No,No,Month-to-month,No,Bank transfer (automatic),57.32,2335.73,No
CUST-00447,Male,0,Yes,No,38,Yes,No,Fiber optic,Yes,No,Yes,Yes,Yes,No,Two year,Yes,Electronic check,71.37,2836.71,No
CUST-00448,Female,0,No,No,32,Yes,Yes,Fiber optic,Yes,No,No,Yes,Yes,Yes,Month-to-month,Yes,Credit card (automatic),103.15,3258.31,No
CUST-00449,Male,0,Yes,Yes,62,Yes,No,Fiber optic,No,No,No,Yes,No,Yes,Two year,Yes,Bank transfer (automatic),84.78,5186.55,No
CUST-00450,Female,0,Yes,Yes,67,Yes,Yes,Fiber optic,No,No,No,Yes,No,Yes,Month-to-month,Yes,Credit card (automatic),114.11,7908.23,Yes
CUST-00451,Female,0,No,No,61,Yes,Yes,DSL,No,No,Yes,No,Yes,No,Two year,No,Bank transfer (automatic),71.37,4471.9,Yes
CUST-00452,Female,0,No,No,13,Yes,Yes,Fiber optic,No,Yes,No,No,No,No,Month-to-month,Yes,Electronic check,29.34,341.53,No
CUST-00453,Female,0,Yes,Yes,47,Yes,No,No,No internet service,No internet service,No internet service,No internet service,No internet service,No internet service,Month-to-month,No,Electronic check,53.41,2483.55,No
CUST-00454,Female,0,No,Yes,54,Yes,No,No,No internet service,No internet service,No internet service,No internet service,No internet service,No internet service,One year,Yes,Bank transfer (automatic),32.05,1645.87,No
CUST-00455,Male,0,Yes,Yes,71,Yes,Yes,Fiber optic,No,No,No,Yes,No,No,Two year,No,Bank transfer (automatic),94.25,6347.03,No
CUST-00456,Male,0,No,Yes,52,Yes,No,Fiber optic,No,No,Yes,Yes,Yes,No,Month-to-month,Yes,Electronic check,65.57,2908.3,Yes
CUST-00457,Female,0,Yes,No,72,Yes,No,DSL,No,Yes,No,Yes,No,No,Two year,Yes,Mailed check,23.85,1640.31,No
CUST-00458,Female,0,No,No,25,Yes,No,Fiber optic,Yes,No,Yes,No,Yes,No,One year,Yes,Electronic check,19.69,427.81,Yes
CUST-00459,Male,0,Yes,No,23,Yes,Yes,DSL,No,Yes,No,No,No,No,Month-to-month,Yes,Bank transfer (automatic),23.66,491.82,Yes
CUST-00460,Male,0,No,No,30,No,No phone service,No,No internet service,No internet service,No internet service,No internet service,No internet service,No internet service,Month-to-month,Yes,Electronic check,86.57,2213.07,Yes
CUST-00461,Female,0,Yes,No,11,Yes,Yes,DSL,Yes,No,Yes,Yes,No,No,Month-to-month,No,Bank transfer (automatic),38.51,394.04,No
CUST-00462,Male,0,No,No,35,No,No phone service,Fiber optic,No,Yes,Yes,Yes,No,Yes,Two year,Yes,Electronic check,97.32,3525.63,Yes
CUST-00463,Female,0,Yes,No,27,Yes,Yes,No,No internet service,No internet service,No internet service,No internet service,No internet service,No internet service,Month-to-month,Yes,Bank transfer (automatic),70.33,1918.66,No
CUST-00464,Male,0,Yes,No,67,Yes,No,No,No internet service,No internet service,No internet service,No internet service,No internet service,No internet service,One year,Yes,Electronic check,77.22,4457.19,No
CUST-00465,Female,0,No,No,47,Yes,Yes,Fiber optic,No,No,Yes,No,No,No,Month-to-month,No,Electronic check,35.3,1646.75,No
CUST-00466,Male,0,No,No,50,Yes,Yes,Fiber optic,No,Yes,Yes,No,No,Yes,One year,Yes,Mailed check,107.52,5351.97,No
CUST-00467,Female,0,Yes,No,8,Yes,Yes,Fiber optic,No,No,No,No,Yes,Yes,Two year,Yes,Electronic check,66.09,531.73,No
CUST-00468,Male,0,Yes,Yes,55,Yes,Yes,DSL,No,Yes,No,No,No,Yes,One year,No,Credit card (automatic),60.05,3241.56,No
CUST-00469,Male,0,Yes,Yes,42,Yes,No,DSL,Yes,No,No,No,Yes,Yes,Month-to-month,Yes,Electronic check,99.13,3594.32,No
CUST-00470,Female,0,Yes,No,67,Yes,No,DSL,Yes,No,No,No,Yes,No,Two year,No,Electronic check,21.32,1400.63,No
CUST-00471,Male,0,Yes,No,20,Yes,Yes,DSL,Yes,No,Yes,Yes,Yes,No,One year,Yes,Credit card (automatic),70.85,1265.39,No
CUST-00472,Female,0,Yes,No,45,No,No phone service,No,No internet service,No internet service,No internet service,No internet service,No internet service,No internet service,Two year,Yes,Electronic check,91.46,3986.77,No
CUST-00473,Male,1,No,No,35,Yes,Yes,DSL,No,No,No,No,No,Yes,One year,Yes,Credit card (automatic),99.13,3419.97,No
CUST-00474,Female,0,No,Yes,20,Yes,Yes,Fiber optic,No,Yes,Yes,No,No,Yes,One year,No,Credit card (automatic),33.87,590.17,Yes
CUST-00475,Male,0,Yes,No,24,Yes,Yes,DSL,No,No,No,Yes,No,Yes,Month-to-month,Yes,Electronic check,57.83,1309.3,No
CUST-00476,Female,0,No,No,57,Yes,No,No,No internet service,No internet service,No internet service,No internet service,No internet service,No internet service,Month-to-month,No,Electronic check,50.73,2592.69,Yes
CUST-00477,Male,0,No,Yes,55,Yes,No,Fiber optic,No,No,No,No,Yes,Yes,Two year,Yes,Bank transfer (automatic),119.2,6631.32,No
CUST-00478,Female,0,Yes,No,9,Yes,Yes,Fiber optic,No,Yes,No,Yes,Yes,No,Month-to-month,No,Bank transfer (automatic),92.98,867.16,Yes
CUST-00479,Male,0,Yes,No,16,Yes,Yes,Fiber optic,No,Yes,No,No,Yes,No,Month-to-month,Yes,Mailed check,61.4,936.45,No
CUST-00480,Female,0,No,No,55,Yes,Yes,No,No internet service,No internet service,No internet service,No internet service,No internet service,No internet service,Month-to-month,Yes,Credit card (automatic),39.93,2110.45,No
CUST-00481,Female,0,Yes,No,72,Yes,No,DSL,Yes,Yes,No,No,No,No,One year,Yes,Electronic check,35.74,2228.02,No
CUST-00482,Female,1,Yes,No,58,Yes,Yes,No,No internet service,No internet service,No internet service,No internet service,No internet service,No internet service,Month-to-month,No,Bank transfer (automatic),119.47,6429.32,Yes
CUST-00483,Male,0,No,No,64,Yes,Yes,Fiber optic,No,No,Yes,No,No,Yes,One year,Yes,Mailed check,77.5,4359.62,No
CUST-00484,Female,0,No,No,49,Yes,No,DSL,No,Yes,No,No,No,No,One year,No,Electronic check,91.89,4461.64,Yes
CUST-00485,Male,0,Yes,No,29,Yes,Yes,DSL,Yes,No,No,Yes,No,No,Month-to-month,Yes,Mailed check,34.04,1028.44,No
CUST-00486,Female,0,No,No,7,Yes,No,Fiber optic,No,No,Yes,Yes,Yes,No,Month-to-month,Yes,Electronic check,94.36,668.04,Yes
CUST-00487,Male,0,No,No,69,Yes,Yes,DSL,No,Yes,No,Yes,No,Yes,Month-to-month,Yes,Electronic check,42.41,2714.47,Yes
CUST-00488,Female,0,No,No,2,Yes,No,No,No internet service,No internet service,No internet service,No internet service,No internet service,No internet service,Month-to-month,No,Mailed check,95.71,188.11,Yes
CUST-00489,Male,0,No,No,33,Yes,Yes,DSL,No,Yes,No,Yes,Yes,No,One year,Yes,Mailed check,111.25,3852.94,Yes
CUST-00490,Male,0,Yes,No,48,Yes,Yes,Fiber optic,No,Yes,No,No,No,Yes,Month-to-month,No,Credit card (automatic),57.55,2370.56,Yes
CUST-00491,Female,0,No,No,37,Yes,No,Fiber optic,No,No,No,No,Yes,Yes,One year,Yes,Bank transfer (automatic),110.15,3690.87,No
CUST-00492,Male,0,Yes,No,30,Yes,Yes,Fiber optic,Yes,No,Yes,No,No,No,Two year,No,Electronic check,65.35,1697.46,No
CUST-00493,Male,0,Yes,No,41,Yes,No,DSL,Yes,Yes,No,Yes,No,No,Two year,Yes,Bank transfer (automatic),100.5,4028.24,No
CUST-00494,Female,1,Yes,Yes,4,No,No phone service,No,No internet service,No internet service,No internet service,No internet service,No internet service,No internet service,Two year,No,Electronic check,64.35,262.14,No
CUST-00495,Male,0,Yes,No,39,Yes,No,Fiber optic,Yes,No,No,No,Yes,No,Two year,No,Electronic check,32.67,1175.67,No
CUST-00496,Male,0,Yes,No,24,Yes,Yes,Fiber optic,No,No,Yes,No,Yes,No,One year,Yes,Bank transfer (automatic),86.2,1921.51,No
CUST-00497,Male,0,Yes,No,50,Yes,No,Fiber optic,No,No,No,No,No,No,Two year,No,Mailed check,51.23,2327.92,No
CUST-00498,Female,0,Yes,No,37,Yes,No,Fiber optic,No,Yes,Yes,No,No,Yes,Two year,No,Mailed check,25.72,916.13,No
CUST-00499,Male,0,No,No,53,Yes,Yes,No,No internet service,No internet service,No internet service,No internet service,No internet service,No internet service,Two year,Yes,Bank transfer (automatic),84.47,3918.62,No
CUST-00500,Female,0,Yes,No,25,Yes,Yes,No,No internet service,No internet service,No internet service,No internet service,No internet service,No internet service,One year,Yes,Electronic check,77.06,1710.05,No
CUST-00501,Male,1,No,No,31,Yes,No,DSL,Yes,No,No,Yes,No,No,Month-to-month,Yes,Credit card (automatic),112.87,3030.95,No
CUST-00502,Male,0,Yes,Yes,38,Yes,No,DSL,No,No,No,Yes,No,No,Month-to-month,No,Credit card (automatic),26.92,898.85,No
CUST-00503,Male,0,Yes,Yes,58,Yes,No,No,No internet service,No internet service,No internet service,No internet service,No internet service,No internet service,Month-to-month,Yes,Mailed check,61.89,3656.89,No
CUST-00504,Female,0,Yes,No,53,No,No phone service,DSL,Yes,No,Yes,No,Yes,Yes,Two year,No,Bank transfer (automatic),41.64,1955.39,No
CUST-00505,Male,0,Yes,Yes,50,Yes,No,No,No internet service,No internet service,No internet service,No internet service,No internet service,No internet service,One year,Yes,Credit card (automatic),67.41,3190.67,No
CUST-00506,Male,0,No,No,4,Yes,No,Fiber optic,No,No,No,Yes,Yes,Yes,Month-to-month,Yes,Bank transfer (automatic),103.96,411.62,Yes
CUST-00507,Female,0,Yes,No,52,Yes,No,DSL,No,Yes,No,No,Yes,Yes,Two year,No,Mailed check,114.05,5264.77,No
CUST-00508,Male,0,No,No,31,Yes,Yes,DSL,Yes,No,No,Yes,No,No,Two year,No,Bank transfer (automatic),56.8,1654.86,No
CUST-00509,Female,0,No,No,14,Yes,Yes,Fiber optic,Yes,Yes,No,No,No,Yes,One year,No,Credit card (automatic),81.14,1014.24,No
CUST-00510,Female,0,Yes,No,1,No,No phone service,No,No internet service,No internet service,No internet service,No internet service,No internet service,No internet service,Month-to-month,Yes,Electronic check,42.05,43.44,Yes
CUST-00511,Male,1,No,No,43,Yes,No,DSL,Yes,Yes,No,Yes,No,Yes,One year,No,Credit card (automatic),95.72,3528.83,No
CUST-00512,Female,0,Yes,No,59,Yes,No,DSL,No,No,No,No,No,No,Two year,No,Credit card (automatic),110.47,6305.16,No
CUST-00513,Male,0,No,Yes,61,No,No phone service,No,No internet service,No internet service,No internet service,No internet service,No internet service,No internet service,Month-to-month,Yes,Bank transfer (automatic),66.58,4167.98,No
CUST-00514,Female,0,No,No,41,No,No phone service,DSL,No,Yes,No,Yes,No,Yes,One year,No,Electronic check,106.97,4417.42,No
CUST-00515,Female,0,Yes,No,18,Yes,Yes,Fiber optic,Yes,Yes,No,No,Yes,Yes,Month-to-month,No,Electronic check,118.35,1910.18,No
CUST-00516,Male,0,Yes,Yes,60,Yes,Yes,Fiber optic,No,Yes,No,Yes,Yes,No,Two year,Yes,Mailed check,80.02,4597.04,No
CUST-00517,Female,0,Yes,No,69,Yes,No,DSL,No,Yes,Yes,No,Yes,Yes,Two year,No,Electronic check,75.19,4474.3,No
CUST-00518,Female,0,Yes,No,59,No,No phone service,DSL,No,Yes,No,No,No,No,Month-to-month,Yes,Mailed check,56.91,3041.4,No
CUST-00519,Female,0,No,No,42,Yes,Yes,Fiber optic,No,No,No,Yes,Yes,No,Month-to-month,No,Electronic check,98.22,3823.99,No
CUST-00520,Female,0,Yes,Yes,36,Yes,No,DSL,No,No,Yes,No,No,Yes,Month-to-month,Yes,Mailed check,101.11,3148.52,Yes
CUST-00521,Female,1,Yes,No,40,Yes,No,Fiber optic,Yes,No,Yes,Yes,No,No,Month-to-month,No,Electronic check,19.03,672.49,No
CUST-00522,Male,0,Yes,No,30,Yes,Yes,Fiber optic,No,Yes,No,Yes,No,Yes,Two year,Yes,Credit card (automatic),43.74,1336.7,No
CUST-00523,Female,0,No,No,11,Yes,Yes,Fiber optic,Yes,No,Yes,No,No,No,Month-to-month,Yes,Mailed check,21.27,220.75,Yes
CUST-00524,Male,0,Yes,No,25,Yes,Yes,Fiber optic,No,Yes,Yes,Yes,Yes,No,Month-to-month,Yes,Electronic check,97.2,2523.45,Yes
CUST-00525,Female,0,No,No,45,Yes,Yes,Fiber optic,Yes,Yes,No,No,No,Yes,One year,Yes,Bank transfer (automatic),36.09,1431.25,No
CUST-00526,Male,0,No,Yes,51,Yes,No,DSL,Yes,Yes,Yes,Yes,No,No,One year,Yes,Bank transfer (automatic),29.05,1457.96,No
CUST-00527,Male,0,No,No,43,Yes,Yes,DSL,Yes,No,Yes,Yes,No,No,Two year,No,Mailed check,99.3,4281.91,No
CUST-00528,Female,0,No,Yes,66,Yes,Yes,Fiber optic,Yes,No,No,No,Yes,No,Month-to-month,No,Bank transfer (automatic),76.59,5081.16,Yes
CUST-00529,Female,0,Yes,Yes,47,Yes,Yes,No,No internet service,No internet service,No internet service,No internet service,No internet service,No internet service,Month-to-month,Yes,Mailed check,33.65,1584.94,No
CUST-00530,Female,0,Yes,Yes,24,Yes,Yes,DSL,Yes,Yes,Yes,No,Yes,No,One year,No,Electronic check,104.15,2208.48,No
CUST-00531,Male,0,No,No,37,Yes,No,Fiber optic,Yes,No,Yes,No,Yes,No,Month-to-month,Yes,Bank transfer (automatic),59.51,2068.28,No
CUST-00532,Female,0,No,No,56,Yes,Yes,Fiber optic,Yes,No,Yes,Yes,Yes,Yes,Month-to-month,Yes,Bank transfer (automatic),56.04,3227.03,Yes
CUST-00533,Male,0,No,Yes,46,Yes,No,Fiber optic,No,Yes,Yes,No,No,No,One year,Yes,Electronic check,84.48,3746.38,No
CUST-00534,Male,0,Yes,No,28,Yes,Yes,No,No internet service,No internet service,No internet service,No internet service,No internet service,No internet service,Month-to-month,Yes,Bank transfer (automatic),21.77,563.67,Yes
CUST-00535,Male,0,Yes,Yes,52,Yes,Yes,DSL,Yes,No,Yes,No,No,No,Month-to-month,Yes,Credit card (automatic),52.27,2318.08,No
CUST-00536,Female,0,No,No,15,Yes,Yes,DSL,No,No,No,Yes,Yes,Yes,Month-to-month,No,Credit card (automatic),26.01,379.06,No
CUST-00537,Female,0,Yes,No,45,Yes,No,DSL,No,No,No,Yes,Yes,No,Two year,Yes,Electronic check,93.02,4306.92,No
CUST-00538,Male,0,Yes,No,58,Yes,No,DSL,Yes,No,No,No,No,No,One year,Yes,Electronic check,45.99,2376.03,No
CUST-00539,Male,0,Yes,No,67,Yes,Yes,Fiber optic,Yes,No,No,Yes,Yes,No,Month-to-month,No,Credit card (automatic),103.32,7261.68,No
CUST-00540,Female,0,No,No,72,Yes,No,No,No internet service,No internet service,No internet service,No internet service,No internet service,No internet service,Month-to-month,No,Bank transfer (automatic),60.71,3899.46,No
CUST-00541,Male,0,Yes,No,41,No,No phone service,Fiber optic,No,No,No,No,Yes,Yes,One year,No,Electronic check,108.3,4280.82,Yes
CUST-00542,Female,0,Yes,Yes,65,Yes,Yes,DSL,No,Yes,Yes,Yes,No,Yes,Month-to-month,Yes,Mailed check,40.55,2493.58,Yes
CUST-00543,Male,0,No,Yes,40,Yes,No,DSL,Yes,No,Yes,Yes,No,Yes,One year,No,Bank transfer (automatic),84.56,3396.25,No
CUST-00544,Female,0,Yes,No,5,Yes,No,No,No internet service,No internet service,No internet service,No internet service,No internet service,No internet service,Two year,No,Electronic check,114.38,542.09,No
CUST-00545,Male,0,No,No,28,Yes,No,Fiber optic,No,Yes,Yes,No,Yes,Yes,Month-to-month,Yes,Credit card (automatic),58.2,1494.8,Yes
CUST-00546,Female,0,No,No,38,Yes,No,No,No internet service,No internet service,No internet service,No internet service,No internet service,No internet service,Month-to-month,Yes,Credit card (automatic),34.11,1350.47,No
CUST-00547,Male,0,Yes,Yes,18,Yes,No,Fiber optic,No,No,No,No,No,Yes,Month-to-month,No,Bank transfer (automatic),74.48,1291.94,Yes
CUST-00548,Female,1,No,No,37,Yes,Yes,No,No internet service,No internet service,No internet service,No internet service,No internet service,No internet service,Two year,No,Bank transfer (automatic),62.07,1972.36,No
CUST-00549,Female,0,No,Yes,27,Yes,Yes,No,No internet service,No internet service,No internet service,No internet service,No internet service,No internet service,Two year,Yes,Electronic check,69.62,1764.28,No
CUST-00550,Male,0,Yes,Yes,25,Yes,Yes,Fiber optic,No,No,No,Yes,No,No,Month-to-month,No,Electronic check,66.54,1580.84,Yes
CUST-00551,Male,1,Yes,No,69,Yes,No,Fiber optic,No,No,Yes,No,No,No,Two year,No,Bank transfer (automatic),45.12,2667.36,No
CUST-00552,Female,1,No,No,27,Yes,Yes,Fiber optic,No,Yes,Yes,Yes,Yes,Yes,Month-to-month,No,Mailed check,70.49,1877.68,Yes
CUST-00553,Male,0,Yes,No,54,Yes,No,DSL,No,No,Yes,No,No,No,Month-to-month,Yes,Electronic check,33.06,1689.99,No
CUST-00554,Female,0,No,No,7,Yes,Yes,DSL,Yes,No,No,No,No,No,Month-to-month,Yes,Electronic check,77.46,473.21,Yes
CUST-00555,Male,0,No,No,27,Yes,No,Fiber optic,Yes,Yes,No,No,No,Yes,Two year,Yes,Bank transfer (automatic),62.59,1549.86,No
CUST-00556,Female,0,Yes,Yes,59,Yes,No,DSL,No,Yes,No,No,No,No,Two year,Yes,Electronic check,117.21,6570.58,No
CUST-00557,Female,0,No,No,72,Yes,No,DSL,No,No,Yes,Yes,No,Yes,Month-to-month,No,Electronic check,27.69,2042.49,No
CUST-00558,Female,0,Yes,No,31,No,No phone service,Fiber optic,No,Yes,Yes,Yes,Yes,Yes,Two year,Yes,Electronic check,94.69,2765.93,No
CUST-00559,Female,0,No,No,68,No,No phone service,No,No internet service,No internet service,No internet service,No internet service,No internet service,No internet service,Month-to-month,Yes,Credit card (automatic),53.63,3758.98,No
CUST-00560,Female,1,Yes,No,4,Yes,Yes,Fiber optic,No,No,Yes,No,Yes,No,One year,Yes,Credit card (automatic),89.12,356.96,No
CUST-00561,Female,0,No,No,18,Yes,No,Fiber optic,No,No,No,Yes,No,No,Two year,No,Electronic check,115.68,2038.83,No
CUST-00562,Male,0,No,No,63,Yes,No,DSL,Yes,No,Yes,No,No,No,Month-to-month,No,Bank transfer (automatic),109.57,6726.79,No
CUST-00563,Male,0,No,Yes,52,Yes,Yes,DSL,No,Yes,Yes,No,No,Yes,Month-to-month,No,Mailed check,29.56,1530.78,No
CUST-00564,Male,0,No,Yes,63,No,No phone service,Fiber optic,No,Yes,No,Yes,Yes,No,One year,No,Electronic check,107.39,6350.68,No
CUST-00565,Female,0,No,No,45,Yes,No,No,No internet service,No internet service,No internet service,No internet service,No internet service,No internet service,Month-to-month,No,Electronic check,57.88,2433.93,No
CUST-00566,Female,0,Yes,No,12,Yes,No,Fiber optic,No,No,No,No,No,No,Month-to-month,Yes,Electronic check,25.2,270.27,Yes
CUST-00567,Female,0,No,No,8,Yes,No,Fiber optic,Yes,No,No,No,No,Yes,One year,Yes,Credit card (automatic),39.19,301.49,No
CUST-00568,Female,0,No,No,22,Yes,Yes,Fiber optic,No,Yes,No,No,Yes,No,Month-to-month,No,Bank transfer (automatic),20.91,454.89,No
CUST-00569,Male,0,No,No,41,Yes,No,DSL,No,No,No,Yes,Yes,Yes,Two year,No,Electronic check,32.22,1193.05,No
CUST-00570,Male,1,No,No,41,No,No phone service,Fiber optic,No,No,Yes,Yes,No,No,Month-to-month,No,Bank transfer (automatic),65.68,2413.55,No
CUST-00571,Female,0,Yes,No,57,Yes,No,Fiber optic,No,Yes,Yes,No,No,No,Two year,Yes,Bank transfer (automatic),114.41,5786.04,No
CUST-00572,Male,0,Yes,Yes,32,Yes,No,Fiber optic,No,No,Yes,Yes,No,No,Two year,Yes,Electronic check,100.59,2774.79,No
CUST-00573,Male,0,Yes,No,55,Yes,Yes,DSL,Yes,Yes,No,Yes,No,No,Month-to-month,No,Mailed check,72.2,4102.67,No
CUST-00574,Female,0,No,No,6,Yes,Yes,DSL,No,No,No,No,No,Yes,Month-to-month,Yes,Bank transfer (automatic),51.02,315.86,No
CUST-00575,Male,0,Yes,Yes,39,Yes,Yes,Fiber optic,Yes,No,No,Yes,No,No,Two year,Yes,Mailed check,20.9,717.71,No
CUST-00576,Female,0,No,No,9,Yes,Yes,DSL,No,No,Yes,Yes,No,No,Month-to-month,No,Credit card (automatic),23.84,217.41,Yes
CUST-00577,Male,0,Yes,No,32,Yes,No,No,No internet service,No internet service,No internet service,No internet service,No internet service,No internet service,Month-to-month,Yes,Electronic check,92.62,2754.54,Yes
CUST-00578,Female,1,Yes,No,36,Yes,No,DSL,Yes,Yes,No,No,No,No,One year,No,Electronic check,73.54,2554.99,No
CUST-00579,Female,0,Yes,No,16,Yes,Yes,DSL,No,Yes,Yes,No,Yes,Yes,One year,Yes,Credit card (automatic),30.41,466.2,No
CUST-00580,Female,0,Yes,Yes,12,Yes,No,DSL,Yes,Yes,No,No,No,Yes,One year,Yes,Electronic check,105.94,1257.64,No
CUST-00581,Female,0,No,No,41,Yes,No,No,No internet service,No internet service,No internet service,No internet service,No internet service,No internet service,Month-to-month,Yes,Electronic check,70.82,2820.31,Yes
CUST-00582,Male,0,Yes,No,67,Yes,No,No,No internet service,No internet service,No internet service,No internet service,No internet service,No internet service,Month-to-month,Yes,Mailed check,103.38,6246.95,No
CUST-00583,Female,0,Yes,Yes,58,Yes,Yes,No,No internet service,No internet service,No internet service,No internet service,No internet service,No internet service,Two year,Yes,Electronic check,97.4,5230.79,No
CUST-00584,Female,0,Yes,No,9,Yes,Yes,Fiber optic,Yes,Yes,No,Yes,Yes,Yes,Month-to-month,No,Mailed check,52.0,431.81,Yes
CUST-00585,Female,0,No,Yes,17,Yes,Yes,No,No internet service,No internet service,No internet service,No internet service,No internet service,No internet service,Two year,No,Bank transfer (automatic),89.68,1579.71,No
CUST-00586,Male,0,No,No,5,Yes,No,No,No internet service,No internet service,No internet service,No internet service,No internet service,No internet service,Month-to-month,No,Bank transfer (automatic),119.22,511.99,No
CUST-00587,Female,0,Yes,No,26,No,No phone service,Fiber optic,Yes,No,Yes,Yes,No,Yes,Month-to-month,Yes,Electronic check,94.3,2467.62,No
CUST-00588,Male,0,No,No,1,Yes,No,No,No internet service,No internet service,No internet service,No internet service,No internet service,No internet service,Month-to-month,Yes,Bank transfer (automatic),44.96,42.23,Yes
CUST-00589,Female,0,Yes,No,1,Yes,Yes,No,No internet service,No internet service,No internet service,No internet service,No internet service,No internet service,Month-to-month,Yes,Credit card (automatic),78.37,78.12,Yes
CUST-00590,Male,0,Yes,No,35,Yes,Yes,No,No internet service,No internet service,No internet service,No internet service,No internet service,No internet service,Month-to-month,No,Electronic check,62.16,1982.51,No
CUST-00591,Male,0,No,Yes,9,Yes,Yes,No,No internet service,No internet service,No internet service,No internet service,No internet service,No internet service,Two year,Yes,Bank transfer (automatic),48.6,380.45,Yes
CUST-00592,Female,0,Yes,No,38,Yes,Yes,Fiber optic,Yes,No,No,No,No,No,Month-to-month,No,Mailed check,46.99,1805.17,No
CUST-00593,Male,0,No,Yes,4,Yes,No,No,No internet service,No internet service,No internet service,No internet service,No internet service,No internet service,One year,Yes,Mailed check,64.97,226.31,No
CUST-00594,Female,0,Yes,Yes,52,Yes,No,Fiber optic,Yes,No,Yes,No,Yes,No,Two year,Yes,Electronic check,49.66,2615.37,No
CUST-00595,Female,0,No,No,19,Yes,Yes,No,No internet service,No internet service,No internet service,No internet service,No internet service,No internet service,Month-to-month,No,Electronic check,33.06,601.14,Yes
CUST-00596,Female,1,Yes,No,5,Yes,Yes,DSL,Yes,Yes,No,Yes,Yes,Yes,Month-to-month,Yes,Credit card (automatic),95.21,469.37,No
CUST-00597,Male,0,No,No,48,Yes,No,Fiber optic,Yes,Yes,Yes,No,Yes,Yes,Two year,Yes,Electronic check,47.89,2076.22,No
CUST-00598,Male,1,No,Yes,63,No,No phone service,No,No internet service,No internet service,No internet service,No internet service,No internet service,No internet service,One year,Yes,Mailed check,56.05,3480.96,No
CUST-00599,Female,1,Yes,No,38,Yes,Yes,Fiber optic,No,Yes,No,Yes,No,Yes,Month-to-month,No,Electronic check,110.11,4303.44,Yes
CUST-00600,Female,0,No,No,52,Yes,Yes,No,No internet service,No internet service,No internet service,No internet service,No internet service,No internet service,Month-to-month,Yes,Electronic check,85.55,3941.83,No
CUST-00601,Male,0,Yes,Yes,46,Yes,Yes,Fiber optic,No,No,No,No,Yes,Yes,Two year,Yes,Mailed check,112.74,5258.54,No
CUST-00602,Female,1,No,No,9,Yes,No,Fiber optic,No,No,No,Yes,No,Yes,Month-to-month,Yes,Electronic check,79.33,689.5,Yes
CUST-00603,Female,0,Yes,Yes,50,Yes,No,DSL,No,No,No,No,No,No,Month-to-month,Yes,Mailed check,54.27,2422.44,Yes
CUST-00604,Female,0,Yes,No,66,Yes,No,DSL,No,No,Yes,No,No,No,Month-to-month,Yes,Mailed check,40.71,2732.97,No
CUST-00605,Male,0,No,No,38,Yes,No,Fiber optic,No,Yes,No,No,No,No,Month-to-month,Yes,Mailed check,102.17,3474.55,Yes
CUST-00606,Male,0,Yes,No,27,No,No phone service,Fiber optic,No,Yes,Yes,Yes,No,No,Month-to-month,No,Electronic check,63.8,1767.51,Yes
CUST-00607,Male,0,No,Yes,20,Yes,Yes,DSL,Yes,Yes,No,No,Yes,Yes,Month-to-month,No,Electronic check,84.39,1555.33,No
CUST-00608,Female,0,Yes,Yes,62,Yes,Yes,DSL,No,No,Yes,Yes,No,Yes,Two year,Yes,Electronic check,93.68,5750.37,No
CUST-00609,Female,0,Yes,Yes,16,Yes,Yes,Fiber optic,Yes,Yes,No,Yes,No,Yes,Month-to-month,Yes,Electronic check,43.13,687.32,No
CUST-00610,Female,0,No,Yes,13,Yes,Yes,Fiber optic,No,No,No,No,No,Yes,Two year,Yes,Credit card (automatic),117.57,1450.87,No
CUST-00611,Male,1,No,Yes,20,No,No phone service,Fiber optic,No,Yes,No,No,No,No,Two year,No,Electronic check,42.03,855.33,Yes
CUST-00612,Female,0,Yes,No,24,Yes,No,DSL,No,No,No,No,No,No,One year,Yes,Electronic check,95.28,2112.82,No
CUST-00613,Female,0,Yes,Yes,50,No,No phone service,Fiber optic,No,No,No,Yes,No,Yes,Month-to-month,No,Bank transfer (automatic),33.46,1707.41,No
CUST-00614,Female,0,Yes,No,7,Yes,Yes,DSL,No,No,Yes,Yes,No,Yes,Month-to-month,Yes,Credit card (automatic),117.4,792.18,No
CUST-00615,Female,0,Yes,No,29,No,No phone service,Fiber optic,Yes,Yes,No,Yes,No,No,Month-to-month,No,Electronic check,43.65,1086.57,Yes
CUST-00616,Male,0,Yes,Yes,5,Yes,No,DSL,Yes,No,No,Yes,No,No,Month-to-month,Yes,Mailed check,70.57,331.74,No
CUST-00617,Male,1,Yes,No,35,Yes,Yes,No,No internet service,No internet service,No internet service,No internet service,No internet service,No internet service,Two year,No,Electronic check,55.63,1973.54,No
CUST-00618,Female,0,No,Yes,65,Yes,No,DSL,No,Yes,Yes,No,No,No,Two year,Yes,Mailed check,110.2,6467.34,No
CUST-00619,Male,0,No,No,70,Yes,Yes,Fiber optic,Yes,No,Yes,Yes,No,Yes,Two year,Yes,Mailed check,71.24,4949.56,No
CUST-00620,Male,0,Yes,No,7,Yes,Yes,Fiber optic,No,Yes,Yes,No,No,No,Month-to-month,No,Bank transfer (automatic),86.54,569.56,Yes
CUST-00621,Female,0,Yes,Yes,44,Yes,No,DSL,No,Yes,No,Yes,No,No,Month-to-month,No,Electronic check,40.4,1621.31,No
CUST-00622,Female,1,Yes,No,72,Yes,Yes,DSL,No,Yes,Yes,No,No,No,One year,No,Credit card (automatic),114.48,8472.41,Yes
CUST-00623,Male,0,No,Yes,13,No,No phone service,Fiber optic,Yes,Yes,No,No,Yes,Yes,One year,No,Electronic check,54.22,666.79,No
CUST-00624,Female,0,No,No,38,Yes,No,No,No internet service,No internet service,No internet service,No internet service,No internet service,No internet service,Month-to-month,Yes,Bank transfer (automatic),28.19,1072.18,Yes
CUST-00625,Male,0,No,No,13,No,No phone service,DSL,Yes,Yes,No,Yes,Yes,No,One year,No,Credit card (automatic),40.25,493.28,No
CUST-00626,Female,1,No,Yes,54,Yes,No,Fiber optic,No,No,Yes,No,No,No,Month-to-month,Yes,Electronic check,37.8,1859.53,Yes
CUST-00627,Male,0,No,No,44,Yes,No,Fiber optic,Yes,No,Yes,No,No,Yes,Two year,Yes,Bank transfer (automatic),29.03,1320.79,No
CUST-00628,Female,0,Yes,Yes,13,Yes,No,DSL,No,No,Yes,Yes,Yes,Yes,Month-to-month,Yes,Electronic check,68.1,776.46,No
CUST-00629,Male,0,Yes,Yes,25,No,No phone service,DSL,Yes,Yes,No,Yes,No,No,Month-to-month,No,Electronic check,49.77,1202.09,Yes
CUST-00630,Male,1,No,Yes,24,Yes,No,No,No internet service,No internet service,No internet service,No internet service,No internet service,No internet service,Month-to-month,Yes,Electronic check,68.43,1460.62,Yes
CUST-00631,Male,0,Yes,No,29,Yes,Yes,DSL,No,Yes,No,No,No,No,Two year,Yes,Mailed check,26.08,660.33,No
CUST-00632,Female,0,No,No,70,Yes,Yes,DSL,No,No,No,No,Yes,Yes,Two year,No,Credit card (automatic),78.08,4750.13,No
CUST-00633,Male,0,No,No,18,Yes,Yes,Fiber optic,Yes,No,No,No,No,No,Month-to-month,Yes,Bank transfer (automatic),82.43,1488.88,Yes
CUST-00634,Male,0,No,No,5,Yes,No,DSL,No,Yes,No,No,No,Yes,Month-to-month,Yes,Mailed check,43.99,198.47,Yes
CUST-00635,Female,0,Yes,Yes,18,Yes,Yes,Fiber optic,Yes,Yes,No,No,Yes,Yes,Month-to-month,Yes,Credit card (automatic),76.05,1319.38,No
CUST-00636,Female,0,No,No,63,Yes,No,DSL,Yes,No,No,No,No,No,Month-to-month,No,Credit card (automatic),49.05,2931.12,No
CUST-00637,Male,1,No,No,37,Yes,Yes,No,No internet service,No internet service,No internet service,No internet service,No internet service,No internet service,Month-to-month,No,Bank transfer (automatic),33.98,1287.03,No
CUST-00638,Male,0,No,No,71,Yes,No,Fiber optic,Yes,Yes,Yes,No,No,Yes,Month-to-month,Yes,Electronic check,87.41,6225.66,No
CUST-00639,Female,1,No,No,55,Yes,No,No,No internet service,No internet service,No internet service,No internet service,No internet service,No internet service,Two year,Yes,Credit card (automatic),103.2,5613.46,No
CUST-00640,Female,0,No,No,12,Yes,Yes,Fiber optic,No,No,No,Yes,Yes,No,Two year,Yes,Mailed check,33.67,416.31,No
CUST-00641,Female,0,Yes,Yes,52,Yes,Yes,Fiber optic,Yes,Yes,No,No,Yes,Yes,Two year,Yes,Electronic check,108.58,5460.44,No
CUST-00642,Female,0,Yes,Yes,57,Yes,Yes,No,No internet service,No internet service,No internet service,No internet service,No internet service,No internet service,Month-to-month,Yes,Mailed check,79.05,4562.27,No
CUST-00643,Female,0,Yes,No,46,Yes,No,DSL,Yes,No,Yes,No,Yes,Yes,Month-to-month,No,Electronic check,96.86,4547.96,No
CUST-00644,Male,1,Yes,No,44,Yes,Yes,Fiber optic,Yes,No,No,No,No,No,Month-to-month,Yes,Electronic check,88.71,3944.73,No
CUST-00645,Female,0,No,No,24,No,No phone service,DSL,Yes,No,No,No,No,Yes,One year,Yes,Credit card (automatic),108.11,2401.26,No
CUST-00646,Male,0,No,No,9,Yes,Yes,No,No internet service,No internet service,No internet service,No internet service,No internet service,No internet service,One year,Yes,Mailed check,24.09,219.22,No
CUST-00647,Male,0,Yes,Yes,12,Yes,No,DSL,No,Yes,Yes,No,No,No,Month-to-month,Yes,Mailed check,118.66,1359.54,No
CUST-00648,Male,0,Yes,No,9,Yes,No,Fiber optic,No,Yes,No,No,Yes,Yes,Month-to-month,Yes,Mailed check,107.77,890.89,Yes
CUST-00649,Female,0,Yes,No,22,Yes,Yes,Fiber optic,Yes,No,No,Yes,No,No,Two year,Yes,Mailed check,22.42,439.37,No
CUST-00650,Male,0,No,No,17,Yes,Yes,DSL,No,No,Yes,No,No,No,Two year,Yes,Electronic check,43.75,735.24,No
CUST-00651,Male,1,Yes,No,33,Yes,Yes,DSL,Yes,No,No,No,No,No,Two year,Yes,Credit card (automatic),72.6,2182.35,No
CUST-00652,Female,0,Yes,No,47,Yes,No,No,No internet service,No internet service,No internet service,No internet service,No internet service,No internet service,Month-to-month,Yes,Bank transfer (automatic),105.34,4469.64,No
CUST-00653,Male,0,Yes,No,15,Yes,No,Fiber optic,Yes,No,No,Yes,Yes,Yes,Month-to-month,No,Bank transfer (automatic),49.86,724.22,No
CUST-00654,Male,0,Yes,No,33,Yes,Yes,Fiber optic,No,No,No,Yes,Yes,Yes,Month-to-month,Yes,Credit card (automatic),23.08,686.48,Yes
CUST-00655,Female,1,No,No,15,Yes,Yes,Fiber optic,No,Yes,No,Yes,Yes,Yes,Month-to-month,Yes,Bank transfer (automatic),97.55,1337.07,Yes
CUST-00656,Male,0,Yes,Yes,27,Yes,Yes,DSL,No,No,Yes,Yes,No,No,Month-to-month,Yes,Electronic check,62.27,1665.51,Yes
CUST-00657,Male,0,Yes,No,61,Yes,No,Fiber optic,Yes,Yes,No,No,Yes,No,Month-to-month,No,Electronic check,95.62,5742.74,Yes
CUST-00658,Male,0,Yes,Yes,68,Yes,No,Fiber optic,Yes,No,No,Yes,No,No,Month-to-month,No,Mailed check,51.21,3607.29,No
CUST-00659,Female,0,No,No,48,Yes,Yes,Fiber optic,No,Yes,No,No,Yes,No,Month-to-month,No,Bank transfer (automatic),101.51,4920.25,Yes
CUST-00660,Female,0,No,Yes,8,Yes,Yes,Fiber optic,No,Yes,Yes,Yes,Yes,No,Month-to-month,No,Bank transfer (automatic),54.82,402.74,No
CUST-00661,Female,1,Yes,No,6,Yes,No,No,No internet service,No internet service,No internet service,No internet service,No internet service,No internet service,Month-to-month,Yes,Mailed check,66.59,376.7,No
CUST-00662,Male,0,Yes,No,63,Yes,No,DSL,Yes,No,Yes,No,No,Yes,Month-to-month,Yes,Mailed check,113.61,6895.95,No
CUST-00663,Male,0,No,Yes,2,Yes,Yes,DSL,Yes,Yes,Yes,No,No,Yes,One year,No,Credit card (automatic),33.1,61.54,No
CUST-00664,Female,0,Yes,Yes,22,Yes,Yes,No,No internet service,No internet service,No internet service,No internet service,No internet service,No internet service,Month-to-month,No,Mailed check,77.38,1782.34,Yes
CUST-00665,Male,0,No,No,21,Yes,Yes,Fiber optic,Yes,Yes,No,Yes,No,Yes,One year,No,Credit card (automatic),101.01,1817.33,No
CUST-00666,Male,0,Yes,No,6,Yes,No,DSL,Yes,No,Yes,Yes,No,No,Two year,No,Credit card (automatic),88.52,520.05,No
CUST-00667,Female,0,Yes,Yes,70,Yes,Yes,Fiber optic,No,Yes,No,Yes,No,No,Month-to-month,No,Mailed check,61.51,4190.0,No
CUST-00668,Female,0,No,Yes,13,Yes,No,Fiber optic,No,No,No,No,No,Yes,Month-to-month,Yes,Electronic check,99.86,1345.58,Yes
CUST-00669,Male,0,No,No,1,Yes,Yes,DSL,No,No,No,Yes,No,No,Month-to-month,Yes,Mailed check,66.88,68.91,No
CUST-00670,Male,0,No,No,22,Yes,Yes,Fiber optic,No,No,No,No,Yes,No,Month-to-month,No,Electronic check,83.67,1902.85,Yes
CUST-00671,Male,0,Yes,Yes,24,Yes,Yes,DSL,No,Yes,No,No,No,Yes,Two year,No,Mailed check,52.25,1314.01,No
CUST-00672,Female,1,Yes,No,64,Yes,Yes,DSL,No,Yes,No,Yes,Yes,No,Two year,No,Mailed check,23.86,1397.95,No
CUST-00673,Female,0,Yes,No,41,Yes,Yes,DSL,No,Yes,Yes,No,Yes,No,Two year,Yes,Electronic check,38.87,1510.65,No
CUST-00674,Female,0,No,Yes,22,Yes,Yes,Fiber optic,No,Yes,Yes,Yes,Yes,Yes,One year,No,Electronic check,65.68,1282.31,No
CUST-00675,Female,0,No,No,61,Yes,No,DSL,No,No,No,No,No,Yes,One year,No,Electronic check,109.18,6745.87,No
CUST-00676,Male,0,Yes,Yes,12,No,No phone service,No,No internet service,No internet service,No internet service,No internet service,No internet service,No internet service,Month-to-month,Yes,Electronic check,31.44,363.95,No
CUST-00677,Female,0,No,Yes,4,Yes,Yes,Fiber optic,Yes,Yes,No,Yes,Yes,No,Month-to-month,Yes,Mailed check,50.29,198.71,Yes
CUST-00678,Female,0,No,Yes,12,Yes,No,DSL,No,No,No,Yes,No,Yes,Month-to-month,Yes,Bank transfer (automatic),51.67,534.68,Yes
CUST-00679,Female,0,Yes,No,33,Yes,No,Fiber optic,Yes,No,No,Yes,No,No,Month-to-month,No,Bank transfer (automatic),97.39,2769.61,Yes
CUST-00680,Female,0,No,No,21,Yes,No,No,No internet service,No internet service,No internet service,No internet service,No internet service,No internet service,Two year,Yes,Electronic check,73.46,1334.37,No
CUST-00681,Female,0,Yes,No,72,Yes,No,Fiber optic,No,No,Yes,Yes,No,Yes,Month-to-month,Yes,Credit card (automatic),60.43,4319.78,No
CUST-00682,Male,0,Yes,Yes,72,Yes,Yes,DSL,No,No,No,No,Yes,No,Month-to-month,No,Electronic check,24.39,1621.96,Yes
CUST-00683,Male,0,No,Yes,52,Yes,Yes,DSL,No,No,No,Yes,No,Yes,Month-to-month,Yes,Electronic check,116.99,6080.24,No
CUST-00684,Female,0,Yes,No,47,No,No phone service,No,No internet service,No internet service,No internet service,No internet service,No internet service,No internet service,Two year,Yes,Electronic check,100.33,4496.72,No
CUST-00685,Male,0,Yes,Yes,59,Yes,Yes,DSL,No,Yes,Yes,Yes,Yes,Yes,Two year,No,Bank transfer (automatic),23.74,1244.3,No
CUST-00686,Female,0,No,No,47,Yes,Yes,DSL,No,No,Yes,No,No,No,Two year,Yes,Bank transfer (automatic),22.73,932.53,No
CUST-00687,Female,0,No,No,56,Yes,No,Fiber optic,Yes,No,No,No,Yes,No,Two year,No,Bank transfer (automatic),43.77,2538.04,No
CUST-00688,Male,0,No,No,13,Yes,No,DSL,No,No,No,No,Yes,No,Two year,Yes,Electronic check,23.19,295.92,No
CUST-00689,Male,0,No,Yes,44,Yes,Yes,No,No internet service,No internet service,No internet service,No internet service,No internet service,No internet service,Month-to-month,Yes,Credit card (automatic),93.59,3998.34,No
CUST-00690,Female,1,Yes,No,35,Yes,Yes,No,No internet service,No internet service,No internet service,No internet service,No internet service,No internet service,Month-to-month,Yes,Credit card (automatic),38.92,1324.81,No
CUST-00691,Female,0,No,Yes,29,Yes,Yes,Fiber optic,Yes,Yes,No,No,No,Yes,Month-to-month,Yes,Credit card (automatic),107.89,2884.98,Yes
CUST-00692,Female,0,No,No,56,Yes,Yes,No,No internet service,No internet service,No internet service,No internet service,No internet service,No internet service,Two year,Yes,Bank transfer (automatic),80.26,3912.37,No
CUST-00693,Male,0,Yes,No,5,Yes,No,Fiber optic,No,No,No,Yes,No,No,Two year,No,Credit card (automatic),67.53,346.31,Yes
CUST-00694,Female,0,No,No,67,Yes,No,No,No internet service,No internet service,No internet service,No internet service,No internet service,No internet service,Month-to-month,Yes,Bank transfer (automatic),29.44,2040.7,No
CUST-00695,Female,1,Yes,No,53,Yes,No,Fiber optic,Yes,Yes,No,No,No,No,Month-to-month,No,Credit card (automatic),31.31,1565.65,No
CUST-00696,Female,0,Yes,No,60,Yes,No,DSL,No,Yes,Yes,Yes,No,No,Month-to-month,Yes,Bank transfer (automatic),30.36,1703.13,No
CUST-00697,Male,0,No,Yes,6,Yes,Yes,No,No internet service,No internet service,No internet service,No internet service,No internet service,No internet service,Month-to-month,Yes,Electronic check,39.6,212.44,Yes
CUST-00698,Female,0,No,Yes,48,Yes,Yes,No,No internet service,No internet service,No internet service,No internet service,No internet service,No internet service,Month-to-month,Yes,Electronic check,28.62,1170.01,Yes
CUST-00699,Female,0,Yes,No,35,Yes,Yes,No,No internet service,No internet service,No internet service,No internet service,No internet service,No internet service,Month-to-month,Yes,Mailed check,50.74,1758.55,No
CUST-00700,Male,0,Yes,No,18,Yes,No,Fiber optic,No,No,No,Yes,Yes,Yes,Month-to-month,No,Bank transfer (automatic),100.84,1724.52,No
CUST-00701,Female,0,No,No,11,Yes,Yes,Fiber optic,No,Yes,Yes,Yes,No,Yes,Two year,No,Electronic check,32.94,376.85,No
CUST-00702,Female,1,Yes,No,51,Yes,Yes,DSL,No,No,Yes,Yes,Yes,No,Month-to-month,Yes,Electronic check,48.53,2125.64,No
CUST-00703,Male,0,Yes,Yes,23,Yes,Yes,DSL,No,No,No,No,Yes,Yes,Month-to-month,Yes,Electronic check,63.87,1347.68,No
CUST-00704,Female,0,No,No,47,Yes,No,DSL,Yes,Yes,No,No,No,Yes,One year,No,Electronic check,80.61,3966.79,No
CUST-00705,Male,1,No,No,59,Yes,Yes,DSL,No,No,Yes,No,Yes,Yes,Two year,No,Electronic check,42.21,2426.12,No
CUST-00706,Male,0,No,Yes,57,Yes,No,Fiber optic,Yes,Yes,Yes,Yes,No,No,One year,Yes,Mailed check,80.62,4229.15,No
CUST-00707,Female,1,No,No,56,Yes,No,Fiber optic,No,No,Yes,Yes,No,Yes,Month-to-month,Yes,Mailed check,36.75,1831.03,Yes
CUST-00708,Female,1,No,No,27,Yes,No,DSL,Yes,No,Yes,No,Yes,No,Month-to-month,Yes,Electronic check,82.0,1910.83,Yes
CUST-00709,Female,0,No,No,35,Yes,Yes,Fiber optic,No,Yes,No,No,Yes,Yes,Month-to-month,No,Electronic check,98.43,3564.15,Yes
CUST-00710,Female,0,Yes,No,55,Yes,Yes,Fiber optic,Yes,No,Yes,Yes,No,No,Month-to-month,Yes,Mailed check,20.36,1041.71,Yes
CUST-00711,Male,0,No,No,9,Yes,Yes,Fiber optic,No,No,Yes,No,No,No,Month-to-month,Yes,Electronic check,113.48,1061.15,Yes
CUST-00712,Female,1,Yes,No,18,Yes,No,No,No internet service,No internet service,No internet service,No internet service,No internet service,No internet service,One year,No,Bank transfer (automatic),90.7,1502.44,No
CUST-00713,Male,0,Yes,No,44,No,No phone service,Fiber optic,No,Yes,No,No,Yes,Yes,Month-to-month,No,Electronic check,114.89,5250.17,No
CUST-00714,Female,0,Yes,No,21,Yes,Yes,DSL,Yes,No,No,No,No,No,Two year,No,Electronic check,45.0,956.28,No
CUST-00715,Female,1,No,Yes,56,No,No phone service,Fiber optic,No,Yes,No,No,No,No,Month-to-month,No,Credit card (automatic),113.71,5829.14,No
CUST-00716,Female,1,Yes,Yes,48,Yes,No,Fiber optic,No,Yes,Yes,Yes,Yes,Yes,Two year,No,Mailed check,64.26,2884.24,No
CUST-00717,Male,0,Yes,Yes,1,Yes,Yes,Fiber optic,Yes,Yes,Yes,Yes,Yes,No,One year,Yes,Credit card (automatic),33.46,34.75,No
CUST-00718,Female,0,No,No,27,Yes,Yes,No,No internet service,No internet service,No internet service,No internet service,No internet service,No internet service,Two year,Yes,Electronic check,93.2,2513.46,No
CUST-00719,Female,1,No,No,45,Yes,No,DSL,Yes,No,Yes,No,No,Yes,Two year,No,Electronic check,88.86,4042.65,No
CUST-00720,Female,0,No,Yes,63,Yes,Yes,DSL,No,Yes,Yes,No,Yes,No,Month-to-month,Yes,Electronic check,112.03,6884.51,No
CUST-00721,Female,1,Yes,Yes,58,Yes,Yes,DSL,No,Yes,No,No,No,No,One year,No,Credit card (automatic),49.01,2450.54,No
CUST-00722,Male,0,Yes,No,40,Yes,No,Fiber optic,No,Yes,Yes,Yes,Yes,Yes,Two year,Yes,Bank transfer (automatic),82.18,3359.39,No
CUST-00723,Female,0,No,No,63,Yes,No,Fiber optic,No,Yes,No,No,Yes,Yes,One year,No,Electronic check,115.93,7344.29,Yes
CUST-00724,Male,0,Yes,No,38,Yes,No,DSL,No,Yes,No,No,Yes,Yes,Month-to-month,Yes,Mailed check,106.98,3920.11,No
CUST-00725,Male,0,No,No,29,Yes,Yes,DSL,No,No,No,No,No,Yes,One year,Yes,Bank transfer (automatic),101.88,2922.09,No
CUST-00726,Male,0,Yes,No,40,Yes,Yes,Fiber optic,No,No,No,No,No,No,Two year,No,Bank transfer (automatic),107.62,3858.29,No
CUST-00727,Male,0,No,No,19,Yes,No,No,No internet service,No internet service,No internet service,No internet service,No internet service,No internet service,Two year,No,Mailed check,104.12,2047.86,No
CUST-00728,Male,0,Yes,No,56,Yes,No,Fiber optic,Yes,No,No,No,Yes,Yes,Two year,Yes,Bank transfer (automatic),56.67,2833.39,No
CUST-00729,Male,0,Yes,Yes,44,Yes,Yes,DSL,Yes,No,Yes,Yes,No,No,Month-to-month,No,Mailed check,19.59,848.7,No
CUST-00730,Female,0,No,No,65,Yes,No,Fiber optic,No,No,Yes,Yes,No,Yes,One year,No,Mailed check,118.74,7293.92,No
CUST-00731,Male,0,Yes,Yes,13,Yes,Yes,DSL,No,No,Yes,Yes,Yes,No,Month-to-month,Yes,Credit card (automatic),97.04,1211.33,No
CUST-00732,Male,0,Yes,Yes,30,Yes,No,Fiber optic,Yes,Yes,Yes,No,No,No,Two year,Yes,Electronic check,41.04,1097.15,Yes
CUST-00733,Male,0,No,No,49,Yes,Yes,Fiber optic,Yes,No,No,No,No,No,Two year,Yes,Mailed check,94.3,4094.78,No
CUST-00734,Female,0,Yes,No,63,Yes,Yes,Fiber optic,No,No,Yes,Yes,Yes,No,Two year,Yes,Electronic check,55.19,3183.84,No
CUST-00735,Female,0,Yes,No,71,Yes,Yes,No,No internet service,No internet service,No internet service,No internet service,No internet service,No internet service,Month-to-month,Yes,Electronic check,43.17,2623.43,No
CUST-00736,Male,0,Yes,No,35,Yes,Yes,DSL,Yes,No,Yes,Yes,No,No,Month-to-month,Yes,Credit card (automatic),75.73,2317.22,No
CUST-00737,Female,0,Yes,No,11,Yes,No,No,No internet service,No internet service,No internet service,No internet service,No internet service,No internet service,One year,No,Mailed check,19.09,193.78,No
CUST-00738,Male,1,Yes,Yes,49,Yes,No,No,No internet service,No internet service,No internet service,No internet service,No internet service,No internet service,One year,Yes,Credit card (automatic),117.6,5598.52,No
CUST-00739,Male,1,No,Yes,40,Yes,Yes,Fiber optic,Yes,No,No,No,No,Yes,Month-to-month,Yes,Credit card (automatic),114.18,4203.58,Yes
CUST-00740,Female,0,No,No,21,Yes,Yes,DSL,Yes,Yes,No,Yes,Yes,Yes,Two year,Yes,Credit card (automatic),98.59,1790.12,No
CUST-00741,Male,1,Yes,No,47,No,No phone service,No,No internet service,No internet service,No internet service,No internet service,No internet service,No internet service,Two year,No,Credit card (automatic),23.45,1113.33,No
CUST-00742,Female,0,Yes,No,3,Yes,No,Fiber optic,No,No,Yes,No,No,No,One year,No,Credit card (automatic),25.64,67.81,No
CUST-00743,Female,0,No,No,30,No,No phone service,DSL,Yes,No,No,No,No,Yes,One year,Yes,Bank transfer (automatic),84.12,2173.25,No
CUST-00744,Male,0,No,Yes,67,Yes,No,Fiber optic,Yes,Yes,Yes,No,No,Yes,One year,No,Bank transfer (automatic),99.58,6140.95,No
CUST-00745,Male,0,Yes,Yes,62,Yes,No,Fiber optic,Yes,No,No,No,Yes,Yes,One year,No,Credit card (automatic),23.52,1374.84,No
CUST-00746,Female,0,No,No,37,Yes,Yes,DSL,No,No,No,Yes,Yes,Yes,One year,Yes,Credit card (automatic),75.49,2872.64,No
CUST-00747,Male,0,No,No,22,Yes,No,Fiber optic,No,Yes,Yes,No,No,Yes,Two year,No,Credit card (automatic),89.31,1767.56,Yes
CUST-00748,Male,0,Yes,No,31,Yes,Yes,Fiber optic,Yes,Yes,Yes,No,Yes,Yes,Two year,No,Mailed check,34.69,1040.31,No
CUST-00749,Male,0,Yes,No,46,Yes,No,No,No internet service,No internet service,No internet service,No internet service,No internet service,No internet service,Two year,Yes,Credit card (automatic),35.91,1495.21,No
CUST-00750,Female,0,Yes,No,45,Yes,No,Fiber optic,No,Yes,No,No,Yes,No,Month-to-month,No,Mailed check,113.0,4444.88,Yes
CUST-00751,Female,0,No,Yes,14,Yes,No,Fiber optic,No,No,Yes,No,No,Yes,Month-to-month,Yes,Mailed check,58.9,806.05,Yes
CUST-00752,Male,0,No,No,12,Yes,No,Fiber optic,Yes,Yes,No,No,No,No,One year,Yes,Credit card (automatic),46.0,551.91,Yes
CUST-00753,Female,0,No,No,63,No,No phone service,DSL,Yes,No,Yes,Yes,No,Yes,Month-to-month,No,Credit card (automatic),22.65,1368.1,No
CUST-00754,Female,0,Yes,No,38,Yes,Yes,Fiber optic,No,Yes,No,Yes,No,Yes,Month-to-month,Yes,Credit card (automatic),21.76,758.52,No
CUST-00755,Female,0,No,No,47,Yes,Yes,Fiber optic,Yes,No,Yes,No,No,Yes,Two year,Yes,Credit card (automatic),44.33,2182.62,No
CUST-00756,Female,1,No,No,54,Yes,Yes,No,No internet service,No internet service,No internet service,No internet service,No internet service,No internet service,Month-to-month,Yes,Mailed check,81.24,3758.26,No
CUST-00757,Female,0,No,No,55,Yes,No,Fiber optic,No,Yes,Yes,Yes,Yes,No,Month-to-month,Yes,Mailed check,79.72,4211.48,No
CUST-00758,Male,0,Yes,Yes,48,Yes,No,Fiber optic,Yes,Yes,Yes,Yes,Yes,No,Two year,Yes,Electronic check,41.0,1936.04,No
CUST-00759,Male,0,No,Yes,72,Yes,Yes,DSL,No,Yes,Yes,No,Yes,Yes,Month-to-month,Yes,Mailed check,93.74,6308.47,No
CUST-00760,Male,0,Yes,No,15,Yes,No,No,No internet service,No internet service,No internet service,No internet service,No internet service,No internet service,Two year,Yes,Credit card (automatic),65.04,855.3,No
CUST-00761,Female,0,No,No,71,Yes,No,Fiber optic,Yes,No,No,No,No,No,Month-to-month,Yes,Credit card (automatic),99.54,6259.39,No
CUST-00762,Female,0,No,Yes,16,Yes,Yes,No,No internet service,No internet service,No internet service,No internet service,No internet service,No internet service,Month-to-month,No,Mailed check,112.29,1866.98,Yes
CUST-00763,Male,0,Yes,Yes,43,Yes,No,Fiber optic,No,No,No,Yes,No,No,One year,Yes,Bank transfer (automatic),42.21,1871.26,No
CUST-00764,Female,0,No,No,7,Yes,No,DSL,Yes,Yes,Yes,Yes,Yes,No,One year,No,Electronic check,63.73,394.81,Yes
CUST-00765,Male,0,Yes,No,43,Yes,Yes,No,No internet service,No internet service,No internet service,No internet service,No internet service,No internet service,Two year,Yes,Electronic check,23.43,868.15,No
CUST-00766,Male,0,No,Yes,28,Yes,No,No,No internet service,No internet service,No internet service,No internet service,No internet service,No internet service,Month-to-month,Yes,Mailed check,95.79,2372.41,No
CUST-00767,Male,0,Yes,No,66,Yes,No,No,No internet service,No internet service,No internet service,No internet service,No internet service,No internet service,One year,No,Electronic check,50.9,3445.53,No
CUST-00768,Female,0,No,No,60,Yes,Yes,DSL,No,Yes,No,No,Yes,No,Two year,Yes,Mailed check,84.42,4406.97,No
CUST-00769,Female,0,No,No,3,Yes,Yes,No,No internet service,No internet service,No internet service,No internet service,No internet service,No internet service,One year,Yes,Mailed check,56.88,150.58,No
CUST-00770,Male,0,Yes,Yes,1,Yes,No,Fiber optic,No,No,Yes,Yes,No,Yes,Two year,Yes,Electronic check,32.54,32.26,No
CUST-00771,Male,0,No,No,31,Yes,Yes,Fiber optic,No,No,Yes,No,No,Yes,Month-to-month,No,Bank transfer (automatic),18.72,588.26,No
CUST-00772,Male,0,Yes,No,56,Yes,No,No,No internet service,No internet service,No internet service,No internet service,No internet service,No internet service,One year,No,Bank transfer (automatic),83.32,4474.62,No
CUST-00773,Male,0,Yes,Yes,46,Yes,No,Fiber optic,No,No,No,Yes,Yes,No,One year,No,Credit card (automatic),113.3,4633.88,No
CUST-00774,Female,0,No,No,32,Yes,No,DSL,Yes,Yes,No,Yes,Yes,No,Month-to-month,No,Bank transfer (automatic),110.16,3565.65,Yes
CUST-00775,Female,1,No,Yes,18,Yes,No,Fiber optic,No,No,Yes,Yes,No,No,One year,No,Electronic check,113.94,1896.08,No
CUST-00776,Male,0,No,No,68,Yes,Yes,Fiber optic,Yes,No,No,Yes,No,No,Month-to-month,Yes,Bank transfer (automatic),88.18,5905.22,No
CUST-00777,Male,1,No,No,35,No,No phone service,No,No internet service,No internet service,No internet service,No internet service,No internet service,No internet service,Month-to-month,Yes,Credit card (automatic),61.77,1944.7,No
CUST-00778,Female,0,No,Yes,23,Yes,Yes,DSL,Yes,Yes,No,No,No,No,Two year,Yes,Credit card (automatic),71.7,1584.46,No
CUST-00779,Female,0,No,Yes,13,Yes,Yes,No,No internet service,No internet service,No internet service,No internet service,No internet service,No internet service,One year,Yes,Mailed check,92.08,1098.07,No
CUST-00780,Male,0,No,No,14,Yes,No,No,No internet service,No internet service,No internet service,No internet service,No internet service,No internet service,One year,No,Bank transfer (automatic),48.47,608.49,No
CUST-00781,Male,0,No,Yes,37,Yes,Yes,DSL,No,Yes,No,Yes,No,Yes,One year,No,Electronic check,37.54,1383.2,No
CUST-00782,Male,0,Yes,No,5,Yes,No,DSL,No,No,No,Yes,Yes,Yes,Month-to-month,No,Electronic check,24.92,127.52,Yes
CUST-00783,Female,0,Yes,No,22,Yes,No,Fiber optic,No,Yes,Yes,No,No,No,Month-to-month,No,Mailed check,66.62,1502.13,No
CUST-00784,Female,0,No,No,28,Yes,No,No,No internet service,No internet service,No internet service,No internet service,No internet service,No internet service,Month-to-month,No,Mailed check,27.34,718.17,No
CUST-00785,Female,0,No,No,4,No,No phone service,Fiber optic,Yes,No,Yes,Yes,No,Yes,One year,No,Credit card (automatic),64.95,268.04,No
CUST-00786,Male,0,No,No,50,Yes,No,No,No internet service,No internet service,No internet service,No internet service,No internet service,No internet service,Two year,Yes,Credit card (automatic),100.91,4813.34,No
CUST-00787,Male,1,Yes,Yes,29,Yes,Yes,Fiber optic,No,No,Yes,Yes,Yes,Yes,Month-to-month,Yes,Mailed check,33.61,897.4,Yes
CUST-00788,Female,0,No,Yes,37,Yes,No,Fiber optic,Yes,No,Yes,Yes,No,No,Month-to-month,No,Mailed check,30.3,1123.12,Yes
CUST-00789,Female,0,Yes,Yes,35,Yes,Yes,DSL,Yes,No,No,No,No,No,Month-to-month,Yes,Electronic check,43.03,1363.27,No
CUST-00790,Male,0,No,No,20,Yes,No,DSL,No,No,Yes,Yes,No,No,One year,No,Electronic check,26.49,493.39,No
CUST-00791,Female,0,Yes,No,35,No,No phone service,Fiber optic,Yes,Yes,No,Yes,No,No,Month-to-month,Yes,Electronic check,55.18,1949.66,No
CUST-00792,Female,0,Yes,No,2,Yes,No,Fiber optic,No,No,Yes,No,Yes,No,Month-to-month,Yes,Mailed check,80.1,151.91,Yes
CUST-00793,Male,1,No,No,58,Yes,No,Fiber optic,Yes,Yes,No,No,Yes,No,Two year,Yes,Bank transfer (automatic),66.15,3359.78,No
CUST-00794,Female,0,No,No,18,Yes,No,Fiber optic,No,Yes,Yes,No,No,No,Month-to-month,No,Electronic check,91.47,1713.64,No
CUST-00795,Male,0,Yes,Yes,56,Yes,Yes,Fiber optic,No,Yes,No,Yes,No,No,Two year,Yes,Credit card (automatic),30.27,1445.03,No
CUST-00796,Male,0,Yes,Yes,64,Yes,No,DSL,No,Yes,No,No,No,Yes,One year,Yes,Bank transfer (automatic),52.71,3032.94,No
CUST-00797,Male,0,Yes,No,52,Yes,Yes,Fiber optic,Yes,Yes,No,Yes,No,No,Two year,Yes,Mailed check,60.53,3183.14,No
CUST-00798,Male,0,Yes,No,22,Yes,Yes,Fiber optic,No,No,Yes,No,No,Yes,Two year,No,Mailed check,64.89,1454.9,No
CUST-00799,Male,0,Yes,No,60,Yes,Yes,Fiber optic,Yes,No,No,No,Yes,Yes,Month-to-month,Yes,Electronic check,25.01,1478.57,No
CUST-00800,Male,1,No,No,10,Yes,Yes,Fiber optic,No,Yes,Yes,Yes,No,No,Two year,No,Bank transfer (automatic),24.55,238.78,No
CUST-00801,Male,0,No,No,6,Yes,Yes,Fiber optic,No,Yes,Yes,No,Yes,No,One year,Yes,Bank transfer (automatic),26.61,162.3,No
CUST-00802,Female,1,Yes,Yes,6,No,No phone service,DSL,No,No,Yes,No,No,Yes,One year,No,Mailed check,32.32,193.74,No
CUST-00803,Male,0,No,No,28,Yes,No,Fiber optic,No,No,No,Yes,Yes,No,Month-to-month,No,Electronic check,18.04,528.38,Yes
CUST-00804,Male,0,Yes,No,42,Yes,No,Fiber optic,Yes,Yes,Yes,Yes,Yes,Yes,Month-to-month,Yes,Bank transfer (automatic),48.79,1930.59,No
CUST-00805,Female,0,Yes,Yes,41,Yes,No,Fiber optic,No,No,No,Yes,Yes,No,Month-to-month,Yes,Electronic check,59.96,2222.64,Yes
CUST-00806,Female,0,Yes,No,63,Yes,Yes,Fiber optic,Yes,Yes,Yes,No,No,No,Month-to-month,Yes,Bank transfer (automatic),73.97,3965.19,No
CUST-00807,Female,1,No,No,22,No,No phone service,DSL,No,No,No,Yes,Yes,No,Two year,No,Bank transfer (automatic),20.79,418.95,No
CUST-00808,Male,0,Yes,No,29,Yes,No,No,No internet service,No internet service,No internet service,No internet service,No internet service,No internet service,One year,No,Credit card (automatic),63.39,1866.33,Yes
CUST-00809,Female,0,Yes,Yes,71,Yes,No,Fiber optic,Yes,Yes,Yes,Yes,No,No,Month-to-month,No,Mailed check,113.68,6914.79,Yes
CUST-00810,Male,0,Yes,Yes,34,Yes,Yes,DSL,No,No,No,Yes,No,No,Month-to-month,No,Electronic check,94.63,3179.28,Yes
CUST-00811,Male,0,Yes,Yes,2,Yes,Yes,Fiber optic,Yes,Yes,Yes,Yes,Yes,No,One year,No,Credit card (automatic),50.75,87.18,No
CUST-00812,Male,0,Yes,Yes,26,Yes,Yes,Fiber optic,Yes,Yes,Yes,No,Yes,No,One year,No,Electronic check,71.68,1761.52,No
CUST-00813,Male,0,No,No,19,Yes,Yes,Fiber optic,Yes,No,No,No,Yes,Yes,Month-to-month,Yes,Mailed check,89.26,1584.81,Yes
CUST-00814,Female,0,No,No,20,Yes,Yes,Fiber optic,No,Yes,No,No,No,No,Month-to-month,Yes,Electronic check,33.76,700.39,Yes
CUST-00815,Female,0,No,No,33,Yes,No,DSL,Yes,No,No,No,Yes,No,One year,Yes,Mailed check,25.36,764.86,No
CUST-00816,Male,0,Yes,No,4,Yes,Yes,Fiber optic,No,No,No,Yes,No,No,Month-to-month,Yes,Electronic check,81.13,310.57,No
CUST-00817,Male,0,Yes,Yes,32,Yes,No,DSL,No,No,No,No,Yes,No,Two year,No,Bank transfer (automatic),93.18,2904.42,No
CUST-00818,Male,0,Yes,No,19,Yes,No,Fiber optic,Yes,Yes,Yes,Yes,Yes,Yes,One year,Yes,Mailed check,70.45,1215.37,No
CUST-00819,Female,1,Yes,No,3,Yes,No,Fiber optic,Yes,No,No,Yes,No,Yes,Two year,Yes,Mailed check,88.93,240.0,No
CUST-00820,Male,0,No,No,61,Yes,Yes,Fiber optic,No,Yes,Yes,Yes,No,No,Two year,Yes,Bank transfer (automatic),91.34,5055.07,No
CUST-00821,Male,0,Yes,Yes,38,Yes,No,Fiber optic,No,Yes,No,No,Yes,No,Month-to-month,Yes,Electronic check,83.7,2785.25,No
CUST-00822,Female,0,Yes,No,6,Yes,No,Fiber optic,No,No,No,Yes,No,No,Month-to-month,Yes,Credit card (automatic),113.54,594.83,Yes
CUST-00823,Female,0,No,No,56,Yes,Yes,DSL,No,No,No,No,No,No,Month-to-month,Yes,Mailed check,72.68,3941.5,Yes
CUST-00824,Male,0,Yes,No,40,Yes,No,DSL,Yes,Yes,No,Yes,Yes,No,Month-to-month,Yes,Bank transfer (automatic),23.81,828.7,No
CUST-00825,Female,0,No,Yes,69,Yes,Yes,DSL,No,No,No,No,No,Yes,Month-to-month,No,Electronic check,75.65,4638.66,No
CUST-00826,Female,0,Yes,No,42,Yes,Yes,DSL,Yes,No,No,No,Yes,No,Month-to-month,Yes,Credit card (automatic),83.22,3090.14,Yes
CUST-00827,Male,0,No,No,2,Yes,Yes,Fiber optic,Yes,No,Yes,No,No,No,Month-to-month,No,Mailed check,52.76,92.61,Yes
CUST-00828,Female,1,Yes,Yes,28,Yes,No,No,No internet service,No internet service,No internet service,No internet service,No internet service,No internet service,Two year,Yes,Electronic check,66.22,1628.43,No
CUST-00829,Male,0,No,No,17,Yes,No,Fiber optic,No,No,No,No,No,No,Month-to-month,No,Electronic check,96.59,1657.7,Yes
CUST-00830,Female,0,Yes,Yes,70,Yes,No,Fiber optic,No,Yes,Yes,No,Yes,No,One year,No,Electronic check,91.32,5742.8,No
CUST-00831,Male,0,No,No,69,Yes,Yes,DSL,No,No,No,No,No,No,Month-to-month,No,Bank transfer (automatic),36.12,2227.68,Yes
CUST-00832,Male,0,Yes,No,39,Yes,No,Fiber optic,No,No,No,No,No,Yes,Month-to-month,No,Electronic check,42.27,1443.75,No
CUST-00833,Male,1,No,Yes,7,Yes,No,Fiber optic,No,Yes,Yes,Yes,Yes,Yes,Two year,No,Electronic check,76.21,528.2,No
CUST-00834,Female,0,Yes,No,32,Yes,Yes,DSL,Yes,Yes,No,Yes,Yes,Yes,Month-to-month,Yes,Mailed check,57.82,1625.11,No
CUST-00835,Male,0,Yes,Yes,4,Yes,No,No,No internet service,No internet service,No internet service,No internet service,No internet service,No internet service,Two year,No,Electronic check,94.55,325.69,No
CUST-00836,Female,0,No,No,21,Yes,No,DSL,Yes,Yes,No,No,No,No,One year,No,Credit card (automatic),28.33,624.34,No
CUST-00837,Male,0,No,No,32,Yes,Yes,Fiber optic,No,No,No,Yes,Yes,No,Month-to-month,Yes,Mailed check,51.21,1579.26,Yes
CUST-00838,Male,0,Yes,No,14,Yes,Yes,Fiber optic,Yes,Yes,No,Yes,No,Yes,Month-to-month,Yes,Electronic check,55.5,769.01,Yes
CUST-00839,Female,0,No,No,70,Yes,No,No,No internet service,No internet service,No internet service,No internet service,No internet service,No internet service,Month-to-month,No,Mailed check,61.93,4446.91,Yes
CUST-00840,Male,0,Yes,No,46,Yes,No,No,No internet service,No internet service,No internet service,No internet service,No internet service,No internet service,Two year,Yes,Electronic check,96.17,3762.45,No
CUST-00841,Male,0,No,No,20,No,No phone service,No,No internet service,No internet service,No internet service,No internet service,No internet service,No internet service,Two year,Yes,Mailed check,19.89,402.09,No
CUST-00842,Female,0,No,No,58,No,No phone service,Fiber optic,No,Yes,No,No,No,No,One year,No,Credit card (automatic),32.75,1876.78,No
CUST-00843,Male,0,No,Yes,48,No,No phone service,Fiber optic,Yes,No,No,Yes,Yes,Yes,One year,Yes,Mailed check,74.22,3265.27,No
CUST-00844,Male,0,No,Yes,7,Yes,No,DSL,No,No,No,Yes,Yes,No,Month-to-month,Yes,Credit card (automatic),67.65,407.86,No
CUST-00845,Male,0,No,No,40,Yes,Yes,Fiber optic,Yes,Yes,No,Yes,Yes,No,Two year,No,Electronic check,115.05,4420.82,No
CUST-00846,Male,0,Yes,No,59,Yes,No,No,No internet service,No internet service,No internet service,No internet service,No internet service,No internet service,Two year,Yes,Bank transfer (automatic),23.7,1274.45,No
CUST-00847,Female,0,No,No,36,Yes,Yes,Fiber optic,No,No,Yes,Yes,No,Yes,One year,Yes,Electronic check,48.24,1489.15,Yes
CUST-00848,Female,0,Yes,Yes,44,Yes,No,DSL,No,No,Yes,Yes,No,No,Month-to-month,Yes,Credit card (automatic),97.34,4440.42,No
CUST-00849,Male,0,No,No,31,Yes,Yes,DSL,No,No,No,Yes,Yes,Yes,One year,No,Bank transfer (automatic),116.06,3092.15,No
CUST-00850,Female,0,No,No,42,Yes,Yes,Fiber optic,No,No,Yes,Yes,Yes,Yes,Month-to-month,Yes,Credit card (automatic),119.41,4763.03,No
CUST-00851,Male,0,Yes,No,44,Yes,No,DSL,No,No,No,Yes,No,No,Two year,No,Bank transfer (automatic),47.75,2086.92,No
CUST-00852,Female,0,No,No,43,Yes,Yes,Fiber optic,Yes,Yes,Yes,No,Yes,No,Two year,No,Bank transfer (automatic),78.76,3231.58,No
CUST-00853,Male,1,No,No,43,Yes,Yes,DSL,No,Yes,No,Yes,No,No,Two year,Yes,Mailed check,115.69,5207.22,No
CUST-00854,Male,1,No,No,47,Yes,No,DSL,Yes,Yes,No,No,Yes,Yes,Month-to-month,No,Mailed check,117.68,5370.15,No
CUST-00855,Male,1,Yes,No,6,No,No phone service,DSL,No,Yes,No,No,No,Yes,One year,Yes,Bank transfer (automatic),30.02,174.17,No
CUST-00856,Male,0,Yes,No,66,Yes,Yes,No,No internet service,No internet service,No internet service,No internet service,No internet service,No internet service,One year,Yes,Bank transfer (automatic),54.15,3488.53,No
CUST-00857,Male,0,No,Yes,9,Yes,Yes,Fiber optic,Yes,Yes,No,No,No,No,Month-to-month,Yes,Mailed check,92.83,872.8,No
CUST-00858,Male,0,Yes,No,11,Yes,No,Fiber optic,No,No,No,No,No,No,Two year,Yes,Bank transfer (automatic),75.02,755.22,No
CUST-00859,Female,0,Yes,No,18,No,No phone service,Fiber optic,Yes,Yes,Yes,Yes,Yes,Yes,Two year,No,Credit card (automatic),76.76,1405.66,No
CUST-00860,Male,0,No,No,25,Yes,No,Fiber optic,No,No,No,Yes,No,No,One year,No,Credit card (automatic),61.92,1342.42,No
CUST-00861,Female,0,Yes,Yes,58,Yes,No,No,No internet service,No internet service,No internet service,No internet service,No internet service,No internet service,Month-to-month,Yes,Electronic check,104.12,5926.69,No
CUST-00862,Male,0,No,Yes,30,Yes,Yes,No,No internet service,No internet service,No internet service,No internet service,No internet service,No internet service,Two year,No,Mailed check,24.58,711.69,No
CUST-00863,Female,1,No,No,1,Yes,Yes,DSL,Yes,No,No,No,No,No,One year,Yes,Credit card (automatic),41.38,40.4,No
CUST-00864,Female,0,No,No,63,Yes,Yes,DSL,Yes,Yes,No,No,No,No,Two year,No,Electronic check,89.72,5305.92,No
CUST-00865,Female,0,Yes,No,29,Yes,No,Fiber optic,Yes,No,No,No,No,Yes,Month-to-month,Yes,Electronic check,101.57,2919.06,Yes
CUST-00866,Male,0,Yes,No,66,Yes,No,DSL,Yes,Yes,No,Yes,No,No,One year,No,Mailed check,117.01,7590.31,No
CUST-00867,Male,1,Yes,No,53,Yes,Yes,No,No internet service,No internet service,No internet service,No internet service,No internet service,No internet service,One year,Yes,Mailed check,48.2,2607.0,No
CUST-00868,Female,0,No,Yes,19,Yes,No,Fiber optic,No,No,No,No,Yes,Yes,Month-to-month,No,Mailed check,40.47,794.11,Yes
CUST-00869,Male,0,Yes,No,66,No,No phone service,Fiber optic,No,Yes,Yes,No,No,Yes,Month-to-month,Yes,Electronic check,44.36,2609.72,No
CUST-00870,Female,1,No,No,52,Yes,Yes,Fiber optic,No,No,No,No,No,No,Two year,Yes,Electronic check,43.43,2254.79,Yes
CUST-00871,Male,0,No,No,31,Yes,Yes,Fiber optic,No,No,Yes,Yes,Yes,Yes,Two year,Yes,Credit card (automatic),66.63,1980.72,Yes
CUST-00872,Female,0,No,No,60,Yes,No,DSL,Yes,No,Yes,Yes,No,Yes,Two year,Yes,Mailed check,46.94,2560.18,No
CUST-00873,Female,0,Yes,No,68,Yes,Yes,No,No internet service,No internet service,No internet service,No internet service,No internet service,No internet service,Two year,Yes,Credit card (automatic),32.2,1944.93,No
CUST-00874,Male,0,Yes,No,30,Yes,Yes,DSL,No,No,Yes,No,Yes,No,Month-to-month,No,Mailed check,23.47,632.37,No
CUST-00875,Female,0,No,No,13,Yes,No,No,No internet service,No internet service,No internet service,No internet service,No internet service,No internet service,Two year,Yes,Electronic check,44.09,533.52,No
CUST-00876,Male,0,Yes,No,15,No,No phone service,DSL,No,Yes,No,No,Yes,Yes,Month-to-month,No,Credit card (automatic),101.39,1440.05,Yes
CUST-00877,Female,1,Yes,No,20,Yes,No,Fiber optic,No,No,Yes,Yes,No,Yes,One year,Yes,Electronic check,104.14,1902.27,Yes
CUST-00878,Female,1,Yes,Yes,34,No,No phone service,DSL,Yes,No,Yes,No,No,Yes,Month-to-month,Yes,Mailed check,78.29,2463.14,No
CUST-00879,Male,0,No,No,20,Yes,Yes,Fiber optic,Yes,Yes,Yes,No,Yes,No,Month-to-month,Yes,Credit card (automatic),58.36,1204.99,Yes
CUST-00880,Male,0,No,Yes,50,Yes,No,Fiber optic,No,Yes,Yes,Yes,Yes,Yes,Two year,Yes,Credit card (automatic),45.18,2006.38,No
CUST-00881,Male,0,No,Yes,27,Yes,No,DSL,No,No,Yes,Yes,No,No,One year,No,Bank transfer (automatic),22.02,510.6,No
CUST-00882,Female,0,No,Yes,30,Yes,Yes,Fiber optic,Yes,Yes,Yes,Yes,No,Yes,Month-to-month,Yes,Electronic check,119.02,3565.42,No
CUST-00883,Male,0,Yes,No,56,Yes,Yes,DSL,No,Yes,No,Yes,No,No,Month-to-month,No,Electronic check,56.93,2924.46,No
CUST-00884,Female,0,No,No,65,Yes,Yes,Fiber optic,No,Yes,No,No,Yes,No,Two year,No,Electronic check,56.04,3282.8,No
CUST-00885,Female,0,Yes,No,55,Yes,No,Fiber optic,Yes,No,Yes,No,No,Yes,One year,Yes,Bank transfer (automatic),58.54,3346.83,No
CUST-00886,Male,0,No,Yes,24,Yes,No,No,No internet service,No internet service,No internet service,No internet service,No internet service,No internet service,Month-to-month,Yes,Credit card (automatic),97.24,2155.72,Yes
CUST-00887,Male,1,Yes,Yes,25,Yes,Yes,DSL,No,No,No,Yes,Yes,Yes,One year,Yes,Electronic check,85.16,1988.2,No
CUST-00888,Female,0,Yes,No,53,Yes,No,DSL,Yes,Yes,No,Yes,Yes,No,Month-to-month,No,Electronic check,114.21,5882.18,No
CUST-00889,Female,0,No,Yes,11,Yes,Yes,Fiber optic,No,No,Yes,Yes,Yes,Yes,Month-to-month,Yes,Mailed check,25.61,261.65,Yes
CUST-00890,Male,0,Yes,No,60,No,No phone service,No,No internet service,No internet service,No internet service,No internet service,No internet service,No internet service,Month-to-month,Yes,Credit card (automatic),116.01,7066.51,Yes
CUST-00891,Male,0,No,No,47,Yes,Yes,No,No internet service,No internet service,No internet service,No internet service,No internet service,No internet service,Month-to-month,No,Mailed check,78.13,3450.27,No
CUST-00892,Male,0,Yes,No,25,Yes,Yes,Fiber optic,Yes,Yes,No,Yes,Yes,Yes,Two year,No,Bank transfer (automatic),112.8,2614.39,No
CUST-00893,Male,0,Yes,No,25,Yes,Yes,No,No internet service,No internet service,No internet service,No internet service,No internet service,No internet service,Month-to-month,No,Bank transfer (automatic),95.92,2312.79,No
CUST-00894,Male,0,Yes,Yes,17,No,No phone service,No,No internet service,No internet service,No internet service,No internet service,No internet service,No internet service,Month-to-month,Yes,Credit card (automatic),118.61,2088.51,Yes
CUST-00895,Female,0,No,No,12,Yes,Yes,DSL,No,No,Yes,No,No,No,Month-to-month,No,Credit card (automatic),39.72,456.09,No
CUST-00896,Female,0,Yes,No,52,Yes,Yes,DSL,No,No,No,Yes,No,Yes,Two year,Yes,Credit card (automatic),71.11,3372.42,No
CUST-00897,Female,0,No,No,11,Yes,No,DSL,Yes,No,Yes,No,No,Yes,Month-to-month,Yes,Mailed check,113.74,1148.94,Yes
CUST-00898,Female,0,Yes,Yes,10,Yes,No,DSL,No,No,Yes,Yes,Yes,No,One year,No,Electronic check,32.03,284.91,No
CUST-00899,Male,1,Yes,No,60,Yes,Yes,Fiber optic,Yes,No,No,No,Yes,Yes,Month-to-month,No,Bank transfer (automatic),97.56,5709.96,No
CUST-00900,Male,0,Yes,No,54,Yes,No,Fiber optic,No,No,No,No,Yes,No,Month-to-month,Yes,Bank transfer (automatic),111.22,5139.93,Yes
CUST-00901,Male,1,No,Yes,63,Yes,No,Fiber optic,No,No,No,Yes,Yes,No,One year,Yes,Bank transfer (automatic),56.24,3498.62,No
CUST-00902,Female,0,No,No,20,Yes,No,DSL,Yes,No,No,No,No,Yes,One year,Yes,Electronic check,63.19,1300.99,Yes
CUST-00903,Female,1,Yes,Yes,5,Yes,No,No,No internet service,No internet service,No internet service,No internet service,No internet service,No internet service,Two year,No,Bank transfer (automatic),102.87,504.21,No
CUST-00904,Male,0,No,No,41,Yes,Yes,Fiber optic,No,No,No,Yes,Yes,No,One year,No,Electronic check,75.77,3163.77,No
CUST-00905,Male,0,No,No,63,No,No phone service,Fiber optic,Yes,No,Yes,No,Yes,Yes,One year,Yes,Electronic check,66.81,3649.25,No
CUST-00906,Female,0,Yes,No,56,Yes,No,No,No internet service,No internet service,No internet service,No internet service,No internet service,No internet service,Month-to-month,No,Mailed check,45.95,2565.23,No
CUST-00907,Female,0,No,No,32,Yes,No,DSL,No,No,Yes,Yes,No,No,One year,Yes,Bank transfer (automatic),72.68,2329.56,Yes
CUST-00908,Male,0,Yes,No,27,Yes,Yes,Fiber optic,No,Yes,No,Yes,Yes,Yes,Month-to-month,Yes,Electronic check,56.34,1396.75,Yes
CUST-00909,Male,0,No,No,68,Yes,Yes,Fiber optic,Yes,No,No,No,No,No,Two year,No,Electronic check,66.05,4448.58,No
CUST-00910,Female,0,No,No,48,Yes,No,No,No internet service,No internet service,No internet service,No internet service,No internet service,No internet service,One year,Yes,Credit card (automatic),104.71,4707.7,No
CUST-00911,Male,0,Yes,Yes,7,Yes,No,DSL,No,Yes,No,Yes,Yes,No,Month-to-month,No,Credit card (automatic),104.25,725.32,Yes
CUST-00912,Male,0,Yes,No,46,Yes,No,Fiber optic,No,Yes,No,Yes,No,Yes,One year,Yes,Credit card (automatic),20.14,916.68,No
CUST-00913,Male,0,No,No,18,No,No phone service,No,No internet service,No internet service,No internet service,No internet service,No internet service,No internet service,Two year,No,Electronic check,73.68,1207.32,No
CUST-00914,Female,0,No,No,38,Yes,No,Fiber optic,Yes,No,No,Yes,Yes,No,Month-to-month,No,Mailed check,114.97,3738.1,Yes
CUST-00915,Female,0,No,No,65,Yes,Yes,DSL,Yes,No,No,No,Yes,No,Two year,Yes,Bank transfer (automatic),63.5,4151.5,No
CUST-00916,Female,0,Yes,No,17,Yes,Yes,Fiber optic,No,Yes,Yes,No,No,No,Month-to-month,No,Bank transfer (automatic),29.26,452.02,Yes
CUST-00917,Female,1,Yes,No,38,Yes,No,DSL,Yes,Yes,No,No,Yes,No,One year,Yes,Mailed check,19.15,702.26,No
CUST-00918,Female,0,Yes,No,63,No,No phone service,Fiber optic,No,No,Yes,No,No,Yes,Month-to-month,Yes,Mailed check,59.63,3662.87,No
CUST-00919,Female,0,Yes,No,42,Yes,No,No,No internet service,No internet service,No internet service,No internet service,No internet service,No internet service,Month-to-month,No,Bank transfer (automatic),107.45,4634.78,No
CUST-00920,Female,1,No,No,8,Yes,Yes,Fiber optic,Yes,No,Yes,No,No,No,Month-to-month,Yes,Bank transfer (automatic),109.06,746.62,Yes
CUST-00921,Male,0,No,No,30,Yes,Yes,DSL,Yes,No,No,Yes,No,Yes,Month-to-month,No,Electronic check,85.49,2453.35,Yes
CUST-00922,Male,0,No,Yes,64,Yes,No,DSL,No,No,No,No,Yes,No,One year,No,Bank transfer (automatic),115.2,7201.96,No
CUST-00923,Male,0,Yes,Yes,9,Yes,Yes,Fiber optic,No,No,No,No,Yes,No,Month-to-month,Yes,Mailed check,25.37,221.98,No
CUST-00924,Male,0,No,No,57,Yes,No,Fiber optic,No,No,Yes,Yes,Yes,Yes,One year,No,Electronic check,55.79,3185.58,Yes
CUST-00925,Male,0,No,Yes,59,Yes,Yes,Fiber optic,Yes,No,No,No,No,No,Two year,Yes,Electronic check,98.85,5028.92,Yes
CUST-00926,Male,0,No,No,67,Yes,Yes,Fiber optic,Yes,Yes,No,No,No,No,One year,Yes,Electronic check,103.67,6222.6,No
CUST-00927,Male,0,No,No,5,Yes,Yes,Fiber optic,No,No,Yes,No,Yes,No,Month-to-month,Yes,Mailed check,27.33,133.66,No
CUST-00928,Female,0,No,Yes,4,Yes,Yes,No,No internet service,No internet service,No internet service,No internet service,No internet service,No internet service,Month-to-month,Yes,Bank transfer (automatic),77.89,285.87,No
CUST-00929,Female,0,No,No,8,Yes,Yes,No,No internet service,No internet service,No internet service,No internet service,No internet service,No internet service,Two year,Yes,Electronic check,85.95,620.17,No
CUST-00930,Male,0,Yes,No,42,Yes,Yes,DSL,Yes,No,No,No,Yes,No,Two year,Yes,Bank transfer (automatic),40.63,1579.15,No
CUST-00931,Male,0,Yes,No,35,Yes,No,DSL,Yes,No,No,No,No,No,One year,Yes,Mailed check,21.4,766.4,No
CUST-00932,Female,0,No,Yes,13,Yes,No,DSL,No,No,No,Yes,No,Yes,Month-to-month,Yes,Electronic check,20.11,233.33,Yes
CUST-00933,Male,0,No,No,5,Yes,No,DSL,No,Yes,No,No,Yes,No,Month-to-month,No,Bank transfer (automatic),54.62,275.84,No
CUST-00934,Male,0,Yes,No,40,Yes,No,DSL,No,Yes,No,No,No,Yes,Two year,Yes,Bank transfer (automatic),31.0,1143.4,No
CUST-00935,Female,1,Yes,Yes,19,Yes,No,Fiber optic,Yes,Yes,No,No,Yes,Yes,Two year,Yes,Electronic check,76.26,1425.58,No
CUST-00936,Male,1,No,No,4,Yes,No,DSL,No,No,No,No,Yes,No,Month-to-month,Yes,Bank transfer (automatic),43.5,152.93,Yes
CUST-00937,Female,0,No,No,59,Yes,No,DSL,Yes,No,No,No,No,Yes,Month-to-month,Yes,Bank transfer (automatic),52.49,2735.9,Yes
CUST-00938,Male,0,Yes,Yes,18,Yes,No,DSL,Yes,No,No,No,No,No,One year,Yes,Mailed check,53.15,838.42,No
CUST-00939,Female,0,No,No,24,Yes,No,DSL,No,No,No,No,Yes,No,One year,Yes,Bank transfer (automatic),112.99,2762.44,No
CUST-00940,Female,0,No,No,31,Yes,Yes,Fiber optic,No,Yes,Yes,No,No,Yes,Month-to-month,Yes,Electronic check,105.88,3249.63,No
CUST-00941,Female,0,Yes,Yes,58,No,No phone service,DSL,Yes,No,No,No,No,No,One year,Yes,Bank transfer (automatic),84.17,5009.7,No
CUST-00942,Male,0,Yes,Yes,28,Yes,No,No,No internet service,No internet service,No internet service,No internet service,No internet service,No internet service,Month-to-month,Yes,Electronic check,34.01,928.45,No
CUST-00943,Female,0,No,Yes,9,Yes,Yes,DSL,No,Yes,Yes,No,Yes,No,Two year,Yes,Electronic check,25.85,227.66,No
CUST-00944,Male,0,No,Yes,45,Yes,No,No,No internet service,No internet service,No internet service,No internet service,No internet service,No internet service,One year,Yes,Electronic check,54.28,2333.93,No
CUST-00945,Male,1,No,No,49,Yes,No,DSL,No,Yes,Yes,Yes,No,Yes,Month-to-month,No,Electronic check,76.25,3219.68,No
CUST-00946,Male,0,No,Yes,2,Yes,Yes,Fiber optic,No,No,No,No,No,No,Month-to-month,Yes,Electronic check,91.95,157.61,No
CUST-00947,Male,0,Yes,No,6,Yes,Yes,DSL,No,Yes,No,No,Yes,No,Two year,No,Credit card (automatic),20.45,116.4,Yes
CUST-00948,Female,0,No,No,29,Yes,Yes,No,No internet service,No internet service,No internet service,No internet service,No internet service,No internet service,Two year,Yes,Credit card (automatic),37.87,1042.53,No
CUST-00949,Female,0,Yes,No,26,Yes,No,DSL,No,Yes,Yes,No,No,No,Month-to-month,Yes,Bank transfer (automatic),62.72,1459.12,No
CUST-00950,Male,0,Yes,Yes,28,Yes,No,No,No internet service,No internet service,No internet service,No internet service,No internet service,No internet service,Month-to-month,No,Bank transfer (automatic),54.68,1481.51,No
CUST-00951,Male,0,Yes,No,7,Yes,No,DSL,No,No,No,No,Yes,Yes,Two year,Yes,Mailed check,64.75,466.82,No
CUST-00952,Female,0,Yes,Yes,34,Yes,No,DSL,No,Yes,Yes,Yes,Yes,No,Month-to-month,Yes,Mailed check,51.39,1758.72,No
CUST-00953,Male,0,No,No,56,Yes,No,Fiber optic,No,No,Yes,Yes,No,Yes,One year,No,Credit card (automatic),77.96,4205.64,No
CUST-00954,Female,0,No,No,10,Yes,No,Fiber optic,Yes,Yes,No,No,Yes,No,One year,Yes,Mailed check,106.33,959.62,No
CUST-00955,Male,0,No,No,57,Yes,No,No,No internet service,No internet service,No internet service,No internet service,No internet service,No internet service,One year,No,Bank transfer (automatic),26.36,1348.99,No
CUST-00956,Male,0,Yes,No,47,Yes,No,Fiber optic,No,No,Yes,No,No,No,Month-to-month,No,Mailed check,47.88,2287.18,Yes
CUST-00957,Female,1,No,No,27,Yes,No,Fiber optic,No,No,Yes,No,Yes,No,Month-to-month,Yes,Mailed check,45.17,1126.42,Yes
CUST-00958,Male,0,No,No,39,Yes,No,Fiber optic,Yes,Yes,Yes,No,No,No,Month-to-month,Yes,Credit card (automatic),73.5,2788.49,Yes
CUST-00959,Female,0,No,No,22,Yes,Yes,Fiber optic,No,No,No,No,No,Yes,Month-to-month,No,Electronic check,109.01,2463.22,Yes
CUST-00960,Male,0,No,No,19,No,No phone service,Fiber optic,Yes,No,Yes,No,No,No,Month-to-month,Yes,Mailed check,101.63,1783.56,Yes
CUST-00961,Male,0,Yes,No,9,Yes,Yes,DSL,No,No,Yes,No,No,Yes,Month-to-month,Yes,Electronic check,110.06,981.25,No
CUST-00962,Male,0,Yes,No,19,Yes,No,Fiber optic,Yes,Yes,Yes,No,Yes,Yes,Two year,No,Mailed check,39.68,761.7,No
CUST-00963,Female,0,Yes,No,2,Yes,Yes,No,No internet service,No internet service,No internet service,No internet service,No internet service,No internet service,Month-to-month,Yes,Bank transfer (automatic),53.04,93.33,Yes
CUST-00964,Male,0,No,No,61,Yes,No,Fiber optic,No,No,No,Yes,No,No,Month-to-month,No,Mailed check,46.1,2433.96,Yes
CUST-00965,Male,0,No,No,59,Yes,No,No,No internet service,No internet service,No internet service,No internet service,No internet service,No internet service,One year,Yes,Bank transfer (automatic),73.68,4412.08,No
CUST-00966,Male,0,Yes,No,70,Yes,Yes,No,No internet service,No internet service,No internet service,No internet service,No internet service,No internet service,One year,Yes,Mailed check,86.46,6236.2,No
CUST-00967,Male,0,Yes,Yes,71,Yes,Yes,No,No internet service,No internet service,No internet service,No internet service,No internet service,No internet service,Month-to-month,Yes,Mailed check,60.37,3988.99,No
CUST-00968,Female,0,Yes,Yes,70,Yes,Yes,DSL,No,No,No,No,Yes,No,Month-to-month,Yes,Mailed check,49.39,3275.74,No
CUST-00969,Female,0,No,No,33,Yes,Yes,DSL,No,Yes,Yes,Yes,No,No,Month-to-month,Yes,Credit card (automatic),82.46,2713.63,No
CUST-00970,Male,0,Yes,No,65,Yes,Yes,DSL,No,Yes,No,No,Yes,No,Month-to-month,No,Bank transfer (automatic),68.83,3975.95,No
CUST-00971,Female,0,Yes,No,25,Yes,Yes,No,No internet service,No internet service,No internet service,No internet service,No internet service,No internet service,Month-to-month,No,Mailed check,102.53,2186.18,No
CUST-00972,Male,0,Yes,No,70,Yes,No,DSL,No,No,No,No,Yes,No,Two year,Yes,Bank transfer (automatic),23.5,1679.09,No
CUST-00973,Male,0,No,No,28,Yes,No,Fiber optic,No,Yes,Yes,No,No,No,Month-to-month,Yes,Credit card (automatic),93.08,2557.36,No
CUST-00974,Male,0,No,No,18,Yes,Yes,DSL,Yes,Yes,Yes,Yes,Yes,Yes,Month-to-month,Yes,Mailed check,88.66,1573.89,Yes
CUST-00975,Female,0,No,Yes,63,Yes,No,DSL,No,No,No,Yes,Yes,No,Month-to-month,Yes,Credit card (automatic),106.4,6472.94,No
CUST-00976,Female,0,Yes,No,49,Yes,No,DSL,Yes,Yes,No,No,Yes,Yes,Two year,Yes,Electronic check,104.18,4911.84,No
CUST-00977,Female,0,Yes,Yes,66,Yes,Yes,DSL,Yes,Yes,No,Yes,No,No,Two year,Yes,Bank transfer (automatic),33.33,2298.56,No
CUST-00978,Female,1,Yes,No,40,Yes,No,Fiber optic,No,No,No,No,No,Yes,Month-to-month,Yes,Mailed check,83.42,3256.76,No
CUST-00979,Female,0,Yes,Yes,66,Yes,No,No,No internet service,No internet service,No internet service,No internet service,No internet service,No internet service,Two year,No,Electronic check,79.62,4613.49,No
CUST-00980,Female,0,Yes,No,4,Yes,Yes,Fiber optic,No,No,Yes,No,Yes,No,Month-to-month,Yes,Credit card (automatic),88.83,321.03,Yes
CUST-00981,Female,0,Yes,No,34,Yes,Yes,Fiber optic,No,No,No,Yes,No,No,Month-to-month,No,Mailed check,118.09,3635.5,Yes
CUST-00982,Female,0,No,Yes,5,Yes,No,Fiber optic,No,Yes,No,Yes,Yes,Yes,One year,Yes,Mailed check,29.16,130.02,No
CUST-00983,Female,0,Yes,No,22,Yes,No,No,No internet service,No internet service,No internet service,No internet service,No internet service,No internet service,Month-to-month,Yes,Mailed check,82.18,1849.23,Yes
CUST-00984,Male,1,Yes,No,20,No,No phone service,No,No internet service,No internet service,No internet service,No internet service,No internet service,No internet service,Month-to-month,Yes,Mailed check,78.88,1505.28,No
CUST-00985,Female,0,No,Yes,47,Yes,Yes,No,No internet service,No internet service,No internet service,No internet service,No internet service,No internet service,Two year,Yes,Bank transfer (automatic),18.76,833.81,No
CUST-00986,Female,0,No,No,34,Yes,No,DSL,No,Yes,Yes,Yes,No,Yes,One year,Yes,Credit card (automatic),85.18,3033.38,No
CUST-00987,Female,0,No,No,44,Yes,No,No,No internet service,No internet service,No internet service,No internet service,No internet service,No internet service,Two year,No,Credit card (automatic),68.71,2594.22,No
CUST-00988,Female,0,No,No,6,Yes,Yes,DSL,Yes,No,Yes,No,Yes,Yes,Month-to-month,Yes,Bank transfer (automatic),96.85,546.23,Yes
CUST-00989,Female,0,Yes,Yes,56,Yes,Yes,Fiber optic,No,No,Yes,Yes,No,Yes,Month-to-month,No,Mailed check,95.03,4751.41,No
CUST-00990,Female,0,No,Yes,29,Yes,No,Fiber optic,Yes,Yes,Yes,No,No,Yes,Month-to-month,Yes,Mailed check,22.45,609.04,No
CUST-00991,Female,0,No,No,53,Yes,Yes,Fiber optic,No,No,Yes,Yes,No,Yes,Month-to-month,No,Bank transfer (automatic),97.6,4564.42,Yes
CUST-00992,Female,0,Yes,Yes,1,Yes,Yes,Fiber optic,Yes,No,Yes,No,No,No,Month-to-month,Yes,Mailed check,109.51,96.24,No
CUST-00993,Female,0,Yes,Yes,59,Yes,No,DSL,No,Yes,No,Yes,No,No,Two year,No,Electronic check,82.46,4395.42,No
CUST-00994,Female,0,No,No,48,Yes,Yes,No,No internet service,No internet service,No internet service,No internet service,No internet service,No internet service,Month-to-month,Yes,Bank transfer (automatic),106.66,4479.69,Yes
CUST-00995,Female,0,Yes,No,7,Yes,Yes,Fiber optic,No,No,Yes,Yes,No,No,Month-to-month,Yes,Credit card (automatic),39.23,285.48,No
CUST-00996,Male,0,Yes,No,32,Yes,Yes,DSL,Yes,No,Yes,No,No,No,Two year,Yes,Electronic check,109.9,3077.43,No
CUST-00997,Male,0,Yes,No,61,Yes,Yes,Fiber optic,No,Yes,No,No,No,No,Month-to-month,Yes,Electronic check,113.46,6527.87,No
CUST-00998,Female,0,Yes,No,57,Yes,Yes,Fiber optic,No,No,Yes,No,No,No,Month-to-month,Yes,Credit card (automatic),47.05,2697.63,No
CUST-00999,Female,0,Yes,No,51,Yes,Yes,DSL,Yes,Yes,No,No,No,Yes,Month-to-month,No,Credit card (automatic),53.23,2766.16,No
CUST-01000,Male,0,Yes,Yes,19,No,No phone service,DSL,Yes,No,Yes,Yes,No,No,Two year,Yes,Mailed check,90.51,1792.2,No
CUST-01001,Female,0,Yes,No,27,No,No phone service,No,No internet service,No internet service,No internet service,No internet service,No internet service,No internet service,Two year,No,Electronic check,52.28,1356.82,No
CUST-01002,Male,0,Yes,No,63,No,No phone service,No,No internet service,No internet service,No internet service,No internet service,No internet service,No internet service,Month-to-month,No,Credit card (automatic),118.93,6836.12,No
CUST-01003,Male,0,No,No,60,Yes,No,DSL,Yes,Yes,Yes,No,Yes,Yes,Month-to-month,Yes,Credit card (automatic),47.4,2780.46,Yes
CUST-01004,Male,0,Yes,No,61,Yes,No,Fiber optic,No,No,No,No,No,Yes,Month-to-month,No,Bank transfer (automatic),20.95,1238.04,No
CUST-01005,Male,0,No,No,61,Yes,No,Fiber optic,No,No,Yes,No,Yes,No,Month-to-month,No,Credit card (automatic),101.4,5987.76,No
CUST-01006,Male,0,No,Yes,45,Yes,Yes,Fiber optic,No,Yes,No,Yes,No,No,Month-to-month,Yes,Bank transfer (automatic),22.42,929.42,Yes
CUST-01007,Female,0,No,Yes,21,Yes,No,Fiber optic,Yes,Yes,No,No,No,No,Month-to-month,Yes,Bank transfer (automatic),117.37,2528.09,No
CUST-01008,Male,0,No,No,44,Yes,No,DSL,Yes,Yes,No,No,No,No,Month-to-month,Yes,Credit card (automatic),79.2,3348.84,No
CUST-01009,Female,0,Yes,No,1,Yes,No,DSL,No,Yes,No,No,No,Yes,Two year,Yes,Mailed check,62.81,60.98,No
CUST-01010,Female,0,Yes,Yes,44,Yes,Yes,DSL,No,Yes,No,No,No,No,Two year,Yes,Mailed check,92.72,3820.81,No
CUST-01011,Male,0,No,No,62,Yes,No,Fiber optic,Yes,Yes,Yes,No,No,Yes,Month-to-month,Yes,Bank transfer (automatic),91.02,5059.11,Yes
CUST-01012,Male,0,Yes,No,61,Yes,Yes,No,No internet service,No internet service,No internet service,No internet service,No internet service,No internet service,Two year,Yes,Electronic check,57.63,3145.91,No
CUST-01013,Female,0,No,No,50,Yes,Yes,No,No internet service,No internet service,No internet service,No internet service,No internet service,No internet service,Two year,No,Bank transfer (automatic),39.82,1943.79,No
CUST-01014,Male,0,No,No,41,Yes,No,No,No internet service,No internet service,No internet service,No internet service,No internet service,No internet service,Two year,Yes,Mailed check,104.18,3641.77,No
CUST-01015,Male,0,Yes,Yes,33,Yes,Yes,No,No internet service,No internet service,No internet service,No internet service,No internet service,No internet service,Month-to-month,Yes,Electronic check,112.04,3832.58,No
CUST-01016,Female,0,No,No,12,Yes,Yes,DSL,Yes,No,No,No,Yes,No,Month-to-month,Yes,Electronic check,119.48,1343.74,No
CUST-01017,Female,0,No,No,2,Yes,Yes,Fiber optic,No,No,No,No,Yes,No,One year,Yes,Electronic check,55.05,112.52,Yes
CUST-01018,Male,0,Yes,Yes,21,No,No phone service,DSL,No,No,Yes,No,Yes,No,Two year,Yes,Mailed check,76.85,1511.11,No
CUST-01019,Female,0,Yes,No,14,Yes,Yes,No,No internet service,No internet service,No internet service,No internet service,No internet service,No internet service,Month-to-month,Yes,Electronic check,118.07,1443.74,No
CUST-01020,Male,0,No,No,34,Yes,No,No,No internet service,No internet service,No internet service,No internet service,No internet service,No internet service,Month-to-month,No,Mailed check,60.07,1779.27,Yes
CUST-01021,Male,0,No,Yes,64,Yes,Yes,Fiber optic,Yes,Yes,Yes,No,No,No,One year,Yes,Bank transfer (automatic),98.63,5367.37,No
CUST-01022,Male,0,Yes,No,23,Yes,Yes,Fiber optic,No,Yes,Yes,No,Yes,No,Two year,No,Bank transfer (automatic),113.86,2377.72,No
CUST-01023,Female,0,Yes,Yes,50,Yes,Yes,DSL,Yes,Yes,Yes,No,Yes,No,Month-to-month,Yes,Bank transfer (automatic),36.92,1728.69,Yes
CUST-01024,Female,0,No,No,14,Yes,Yes,DSL,No,Yes,Yes,Yes,No,No,Two year,No,Mailed check,91.91,1099.87,No
CUST-01025,Female,0,No,No,46,Yes,No,No,No internet service,No internet service,No internet service,No internet service,No internet service,No internet service,Month-to-month,No,Bank transfer (automatic),89.7,3881.8,No
CUST-01026,Female,0,No,No,5,Yes,No,No,No internet service,No internet service,No internet service,No internet service,No internet service,No internet service,Month-to-month,Yes,Credit card (automatic),57.67,252.58,Yes
CUST-01027,Female,1,No,No,66,Yes,Yes,DSL,No,No,Yes,No,Yes,Yes,Month-to-month,Yes,Electronic check,118.06,7464.27,No
CUST-01028,Male,0,Yes,No,22,Yes,Yes,DSL,No,Yes,Yes,No,Yes,No,Month-to-month,Yes,Credit card (automatic),106.42,2278.21,No
CUST-01029,Male,0,Yes,No,70,No,No phone service,DSL,No,No,Yes,No,Yes,Yes,Month-to-month,Yes,Credit card (automatic),119.42,7954.31,Yes
CUST-01030,Male,0,No,No,2,Yes,Yes,No,No internet service,No internet service,No internet service,No internet service,No internet service,No internet service,One year,No,Bank transfer (automatic),74.11,141.33,No
CUST-01031,Male,0,No,No,29,Yes,Yes,No,No internet service,No internet service,No internet service,No internet service,No internet service,No internet service,Two year,Yes,Credit card (automatic),40.66,1040.56,No
CUST-01032,Female,0,Yes,No,61,Yes,No,Fiber optic,Yes,No,No,Yes,No,No,Month-to-month,Yes,Electronic check,46.49,2750.0,No
CUST-01033,Male,0,Yes,No,71,Yes,No,Fiber optic,Yes,No,Yes,Yes,No,No,Month-to-month,No,Electronic check,98.74,7328.51,No
CUST-01034,Female,0,No,Yes,16,No,No phone service,Fiber optic,Yes,No,Yes,No,Yes,Yes,Month-to-month,No,Credit card (automatic),54.88,917.74,Yes
CUST-01035,Male,0,Yes,Yes,64,Yes,No,DSL,No,Yes,Yes,No,Yes,No,Two year,No,Electronic check,39.93,2350.64,No
CUST-01036,Female,1,No,No,14,Yes,Yes,No,No internet service,No internet service,No internet service,No internet service,No internet service,No internet service,Month-to-month,Yes,Bank transfer (automatic),112.03,1561.66,No
CUST-01037,Female,0,Yes,No,43,No,No phone service,Fiber optic,Yes,No,Yes,Yes,No,Yes,Month-to-month,No,Electronic check,52.78,2129.54,No
CUST-01038,Male,0,Yes,No,43,Yes,Yes,DSL,Yes,No,Yes,Yes,Yes,Yes,Month-to-month,Yes,Mailed check,26.33,993.56,No
CUST-01039,Male,0,Yes,Yes,70,Yes,Yes,Fiber optic,No,No,Yes,Yes,Yes,No,Two year,Yes,Mailed check,75.79,5295.09,No
CUST-01040,Male,0,No,No,55,Yes,No,Fiber optic,No,Yes,No,No,Yes,No,One year,Yes,Electronic check,74.12,3745.61,No
CUST-01041,Male,0,No,Yes,31,Yes,No,Fiber optic,No,No,No,No,Yes,Yes,One year,Yes,Bank transfer (automatic),61.08,1897.62,No
CUST-01042,Female,0,No,No,40,No,No phone service,Fiber optic,Yes,No,No,No,Yes,Yes,Month-to-month,No,Electronic check,63.53,2352.83,No
CUST-01043,Male,0,No,No,27,Yes,Yes,No,No internet service,No internet service,No internet service,No internet service,No internet service,No internet service,Month-to-month,Yes,Mailed check,40.42,965.84,No
CUST-01044,Male,0,Yes,Yes,52,Yes,No,Fiber optic,No,No,Yes,No,No,No,Two year,No,Bank transfer (automatic),48.17,2556.45,No
CUST-01045,Female,0,Yes,No,7,Yes,Yes,Fiber optic,No,Yes,No,No,Yes,No,Month-to-month,Yes,Bank transfer (automatic),67.63,407.31,Yes
CUST-01046,Male,0,No,No,46,Yes,No,Fiber optic,Yes,Yes,Yes,No,No,No,Month-to-month,Yes,Bank transfer (automatic),117.16,4975.0,No
CUST-01047,Male,1,No,Yes,33,Yes,Yes,DSL,Yes,Yes,No,No,No,No,Month-to-month,Yes,Mailed check,117.97,3832.7,No
CUST-01048,Male,0,No,No,8,Yes,Yes,Fiber optic,No,No,No,Yes,No,No,Two year,Yes,Electronic check,26.89,220.99,Yes
CUST-01049,Male,0,No,No,5,Yes,No,DSL,No,Yes,Yes,Yes,No,Yes,Month-to-month,Yes,Mailed check,110.45,487.21,Yes
CUST-01050,Male,0,Yes,Yes,61,Yes,Yes,No,No internet service,No internet service,No internet service,No internet service,No internet service,No internet service,Two year,Yes,Mailed check,62.89,3334.55,No
CUST-01051,Female,0,Yes,No,72,Yes,Yes,No,No internet service,No internet service,No internet service,No internet service,No internet service,No internet service,Two year,Yes,Electronic check,64.83,4249.66,No
CUST-01052,Male,1,No,Yes,60,Yes,No,DSL,Yes,No,Yes,No,Yes,Yes,Month-to-month,Yes,Bank transfer (automatic),54.65,2955.16,No
CUST-01053,Male,0,Yes,No,24,Yes,No,No,No internet service,No internet service,No internet service,No internet service,No internet service,No internet service,Two year,No,Mailed check,107.7,2555.98,No
CUST-01054,Male,0,Yes,No,7,Yes,Yes,Fiber optic,No,No,Yes,Yes,No,No,One year,Yes,Electronic check,64.63,406.05,No
CUST-01055,Male,0,No,No,61,Yes,Yes,No,No internet service,No internet service,No internet service,No internet service,No internet service,No internet service,One year,Yes,Electronic check,18.58,1104.81,No
CUST-01056,Male,1,Yes,Yes,36,Yes,Yes,Fiber optic,Yes,Yes,Yes,Yes,Yes,Yes,Two year,Yes,Electronic check,113.41,4006.01,No
CUST-01057,Female,0,No,Yes,27,No,No phone service,Fiber optic,Yes,No,Yes,Yes,No,No,Month-to-month,Yes,Credit card (automatic),117.36,3203.95,No
CUST-01058,Male,0,Yes,No,29,Yes,No,Fiber optic,No,Yes,No,No,No,No,One year,Yes,Credit card (automatic),62.11,1748.39,No
CUST-01059,Female,0,No,No,20,Yes,No,DSL,Yes,No,No,Yes,No,Yes,One year,Yes,Credit card (automatic),62.48,1292.33,No
CUST-01060,Female,0,No,No,70,Yes,Yes,DSL,Yes,Yes,Yes,Yes,No,No,Month-to-month,No,Bank transfer (automatic),19.79,1369.26,No
CUST-01061,Male,0,No,Yes,3,Yes,Yes,DSL,No,No,Yes,No,Yes,No,One year,No,Credit card (automatic),38.58,103.99,No
CUST-01062,Male,1,Yes,No,39,Yes,Yes,DSL,Yes,Yes,No,No,Yes,No,One year,No,Mailed check,30.25,1224.55,No
CUST-01063,Male,0,Yes,No,45,Yes,Yes,DSL,Yes,Yes,No,Yes,Yes,Yes,Month-to-month,Yes,Electronic check,99.15,3962.02,No
CUST-01064,Male,0,Yes,No,68,Yes,No,Fiber optic,No,Yes,No,No,Yes,No,Month-to-month,Yes,Mailed check,70.57,4257.46,No
CUST-01065,Female,0,Yes,No,31,Yes,No,Fiber optic,Yes,Yes,No,No,No,No,Month-to-month,Yes,Electronic check,47.51,1470.54,Yes
CUST-01066,Male,0,No,No,38,Yes,No,No,No internet service,No internet service,No internet service,No internet service,No internet service,No internet service,Month-to-month,Yes,Bank transfer (automatic),112.31,4070.61,Yes
CUST-01067,Male,0,Yes,Yes,6,Yes,No,DSL,No,No,Yes,Yes,Yes,Yes,Two year,Yes,Electronic check,83.9,444.0,No
CUST-01068,Male,1,Yes,No,8,Yes,Yes,No,No internet service,No internet service,No internet service,No internet service,No internet service,No internet service,Month-to-month,No,Mailed check,113.54,792.77,No
CUST-01069,Male,0,Yes,Yes,28,No,No phone service,Fiber optic,Yes,No,Yes,No,No,Yes,One year,Yes,Credit card (automatic),43.93,1087.21,No
CUST-01070,Male,0,No,No,15,Yes,Yes,Fiber optic,No,No,No,No,No,Yes,Month-to-month,No,Credit card (automatic),106.38,1652.02,No
CUST-01071,Male,0,Yes,No,8,Yes,No,Fiber optic,No,Yes,No,Yes,No,No,Month-to-month,Yes,Mailed check,105.19,814.0,Yes
CUST-01072,Female,0,No,No,54,Yes,No,Fiber optic,No,No,No,No,Yes,Yes,One year,Yes,Electronic check,109.51,5888.89,No
CUST-01073,Female,0,No,No,6,Yes,No,DSL,No,Yes,No,No,No,Yes,Two year,Yes,Mailed check,101.38,532.61,No
CUST-01074,Male,0,No,No,29,Yes,No,Fiber optic,Yes,No,No,Yes,No,Yes,Month-to-month,No,Credit card (automatic),100.23,2691.17,Yes
CUST-01075,Male,0,No,No,34,Yes,Yes,Fiber optic,Yes,Yes,Yes,No,Yes,Yes,One year,Yes,Electronic check,104.6,3419.09,No
CUST-01076,Male,0,Yes,Yes,7,Yes,Yes,No,No internet service,No internet service,No internet service,No internet service,No internet service,No internet service,Two year,Yes,Electronic check,109.39,728.94,No
CUST-01077,Female,0,No,No,40,No,No phone service,No,No internet service,No internet service,No internet service,No internet service,No internet service,No internet service,Month-to-month,No,Credit card (automatic),61.22,2263.96,No
CUST-01078,Male,0,No,No,13,Yes,No,Fiber optic,No,Yes,No,Yes,Yes,No,Month-to-month,Yes,Mailed check,40.34,455.8,Yes
CUST-01079,Female,0,No,No,62,Yes,Yes,Fiber optic,Yes,No,No,No,Yes,Yes,Two year,No,Credit card (automatic),25.36,1551.21,No
CUST-01080,Male,1,No,Yes,65,Yes,Yes,No,No internet service,No internet service,No internet service,No internet service,No internet service,No internet service,Two year,Yes,Bank transfer (automatic),46.06,2902.84,No
CUST-01081,Male,0,Yes,Yes,41,Yes,Yes,No,No internet service,No internet service,No internet service,No internet service,No internet service,No internet service,Two year,No,Electronic check,106.02,4060.36,No
CUST-01082,Male,0,Yes,No,42,Yes,Yes,No,No internet service,No internet service,No internet service,No internet service,No internet service,No internet service,Two year,No,Bank transfer (automatic),119.7,5205.39,No
CUST-01083,Male,0,No,No,66,Yes,Yes,Fiber optic,Yes,No,Yes,Yes,No,No,Month-to-month,No,Electronic check,61.15,4040.78,Yes
CUST-01084,Female,0,No,Yes,11,No,No phone service,DSL,No,Yes,No,No,Yes,Yes,Month-to-month,No,Electronic check,65.73,667.33,Yes
CUST-01085,Female,0,Yes,Yes,50,Yes,Yes,No,No internet service,No internet service,No internet service,No internet service,No internet service,No internet service,Month-to-month,Yes,Mailed check,58.06,2498.2,No
CUST-01086,Male,0,Yes,Yes,71,Yes,Yes,DSL,Yes,Yes,Yes,No,Yes,Yes,Month-to-month,Yes,Mailed check,74.19,5320.58,No
CUST-01087,Male,0,Yes,No,35,Yes,No,Fiber optic,Yes,Yes,Yes,No,No,Yes,Two year,No,Electronic check,66.76,2191.79,No
CUST-01088,Female,0,No,No,20,Yes,Yes,Fiber optic,Yes,Yes,No,Yes,No,Yes,Month-to-month,No,Bank transfer (automatic),87.77,1657.88,No
CUST-01089,Female,0,No,No,28,Yes,Yes,Fiber optic,No,No,No,Yes,No,No,Month-to-month,Yes,Bank transfer (automatic),46.02,1246.64,No
CUST-01090,Female,0,No,Yes,37,Yes,No,DSL,Yes,Yes,Yes,Yes,Yes,Yes,Month-to-month,Yes,Mailed check,59.11,2147.91,Yes
CUST-01091,Female,1,Yes,No,3,Yes,No,No,No internet service,No internet service,No internet service,No internet service,No internet service,No internet service,Two year,Yes,Bank transfer (automatic),59.06,172.17,No
CUST-01092,Male,0,Yes,Yes,59,Yes,No,Fiber optic,No,No,No,No,Yes,Yes,Month-to-month,Yes,Mailed check,50.51,2700.77,No
CUST-01093,Female,0,Yes,No,27,Yes,No,Fiber optic,Yes,Yes,No,No,No,No,Month-to-month,Yes,Mailed check,99.42,2377.2,No
CUST-01094,Male,0,Yes,No,32,No,No phone service,Fiber optic,Yes,Yes,No,Yes,Yes,No,One year,No,Mailed check,73.11,2001.71,No
CUST-01095,Female,0,No,No,48,Yes,No,No,No internet service,No internet service,No internet service,No internet service,No internet service,No internet service,Month-to-month,No,Electronic check,75.12,3074.32,No
CUST-01096,Female,0,Yes,No,46,Yes,Yes,Fiber optic,No,Yes,No,No,No,No,Two year,Yes,Mailed check,42.6,2014.02,No
CUST-01097,Female,0,No,No,47,Yes,Yes,Fiber optic,Yes,No,Yes,Yes,Yes,No,One year,Yes,Mailed check,61.24,3019.05,No
CUST-01098,Female,1,No,No,40,Yes,Yes,Fiber optic,Yes,No,Yes,Yes,No,No,Month-to-month,Yes,Credit card (automatic),53.15,1959.17,No
CUST-01099,Female,1,No,No,3,No,No phone service,No,No internet service,No internet service,No internet service,No internet service,No internet service,No internet service,Month-to-month,No,Mailed check,110.59,296.14,No
CUST-01100,Male,0,Yes,Yes,29,Yes,No,Fiber optic,No,Yes,Yes,No,Yes,Yes,Month-to-month,Yes,Electronic check,21.86,589.48,No
CUST-01101,Male,0,Yes,No,58,Yes,No,No,No internet service,No internet service,No internet service,No internet service,No internet service,No internet service,Month-to-month,Yes,Bank transfer (automatic),35.85,1810.34,No
CUST-01102,Female,1,Yes,Yes,50,Yes,No,DSL,No,No,No,Yes,Yes,No,Month-to-month,No,Mailed check,85.38,4166.3,No
CUST-01103,Female,0,No,No,10,Yes,Yes,DSL,No,No,Yes,Yes,No,No,One year,No,Mailed check,79.71,713.41,No
CUST-01104,Male,1,No,Yes,61,Yes,No,DSL,Yes,No,No,Yes,No,Yes,Month-to-month,Yes,Bank transfer (automatic),90.9,5065.18,No
CUST-01105,Female,0,Yes,Yes,61,Yes,Yes,Fiber optic,No,No,No,Yes,No,No,Month-to-month,No,Electronic check,22.63,1409.54,Yes
CUST-01106,Female,0,Yes,No,23,Yes,No,Fiber optic,No,Yes,No,Yes,No,No,Month-to-month,No,Bank transfer (automatic),108.02,2394.57,No
CUST-01107,Male,0,No,No,6,Yes,Yes,Fiber optic,Yes,No,Yes,Yes,No,Yes,Month-to-month,Yes,Bank transfer (automatic),112.96,594.37,No
CUST-01108,Female,0,No,No,60,No,No phone service,Fiber optic,No,Yes,No,Yes,No,No,Month-to-month,No,Electronic check,97.75,5097.3,No
CUST-01109,Female,0,No,Yes,27,Yes,No,Fiber optic,No,Yes,Yes,No,Yes,Yes,One year,Yes,Credit card (automatic),35.83,948.87,No
CUST-01110,Male,0,Yes,Yes,55,Yes,Yes,No,No internet service,No internet service,No internet service,No internet service,No internet service,No internet service,Month-to-month,No,Electronic check,98.47,4779.66,No
CUST-01111,Male,0,Yes,No,31,Yes,No,No,No internet service,No internet service,No internet service,No internet service,No internet service,No internet service,Month-to-month,No,Bank transfer (automatic),50.29,1386.5,No
CUST-01112,Male,0,Yes,No,30,Yes,No,Fiber optic,No,No,No,Yes,Yes,No,Month-to-month,Yes,Mailed check,33.51,975.5,Yes
CUST-01113,Female,0,Yes,No,67,Yes,Yes,No,No internet service,No internet service,No internet service,No internet service,No internet service,No internet service,One year,No,Bank transfer (automatic),26.27,1816.62,No
CUST-01114,Male,0,No,No,13,Yes,Yes,Fiber optic,Yes,Yes,Yes,Yes,No,Yes,One year,No,Electronic check,22.81,284.16,No
CUST-01115,Male,0,Yes,No,59,Yes,No,DSL,Yes,Yes,No,Yes,No,Yes,Month-to-month,Yes,Electronic check,103.92,5785.86,Yes
CUST-01116,Male,0,Yes,No,54,Yes,No,DSL,No,Yes,No,No,No,Yes,One year,No,Mailed check,103.99,5737.51,No
CUST-01117,Male,0,No,No,21,Yes,No,DSL,Yes,Yes,Yes,No,No,No,One year,No,Bank transfer (automatic),21.38,407.99,No
CUST-01118,Male,1,Yes,No,43,Yes,No,Fiber optic,No,No,No,Yes,Yes,No,Month-to-month,Yes,Bank transfer (automatic),90.99,3352.74,Yes
CUST-01119,Male,1,No,Yes,11,Yes,No,No,No internet service,No internet service,No internet service,No internet service,No internet service,No internet service,One year,Yes,Credit card (automatic),43.92,464.54,No
CUST-01120,Female,0,Yes,Yes,67,Yes,No,No,No internet service,No internet service,No internet service,No internet service,No internet service,No internet service,Month-to-month,Yes,Mailed check,40.72,2390.97,No
CUST-01121,Female,0,No,No,38,Yes,Yes,DSL,Yes,No,Yes,No,Yes,Yes,Month-to-month,Yes,Electronic check,75.32,2467.52,No
CUST-01122,Male,0,Yes,Yes,24,Yes,No,Fiber optic,Yes,Yes,Yes,Yes,No,Yes,Two year,Yes,Mailed check,64.71,1350.23,No
CUST-01123,Male,1,No,Yes,51,No,No phone service,Fiber optic,No,No,Yes,No,Yes,Yes,One year,Yes,Electronic check,37.29,1658.49,Yes
CUST-01124,Male,0,Yes,No,61,Yes,Yes,No,No internet service,No internet service,No internet service,No internet service,No internet service,No internet service,Month-to-month,Yes,Electronic check,18.58,1112.0,Yes
CUST-01125,Female,0,Yes,No,46,Yes,No,DSL,No,Yes,Yes,No,Yes,No,Two year,Yes,Mailed check,50.9,2262.91,No
CUST-01126,Female,0,No,No,43,Yes,Yes,Fiber optic,No,No,No,No,Yes,No,Month-to-month,Yes,Credit card (automatic),59.35,2332.68,No
CUST-01127,Female,0,Yes,No,27,Yes,No,No,No internet service,No internet service,No internet service,No internet service,No internet service,No internet service,Month-to-month,No,Electronic check,66.47,1612.74,Yes
CUST-01128,Female,0,Yes,No,30,Yes,Yes,No,No internet service,No internet service,No internet service,No internet service,No internet service,No internet service,Two year,Yes,Bank transfer (automatic),59.64,1521.07,No
CUST-01129,Female,0,No,No,63,Yes,No,DSL,No,Yes,Yes,Yes,Yes,Yes,Month-to-month,No,Mailed check,56.8,3155.35,No
CUST-01130,Female,1,No,Yes,10,Yes,Yes,DSL,No,No,Yes,Yes,No,No,One year,No,Electronic check,116.26,1122.03,No
CUST-01131,Female,1,Yes,No,3,Yes,No,Fiber optic,Yes,No,No,No,No,Yes,Two year,Yes,Electronic check,111.83,322.5,No
CUST-01132,Female,0,Yes,No,60,Yes,Yes,No,No internet service,No internet service,No internet service,No internet service,No internet service,No internet service,Month-to-month,No,Bank transfer (automatic),57.9,3464.57,No
CUST-01133,Female,0,Yes,No,27,Yes,Yes,DSL,Yes,No,No,No,No,Yes,Two year,Yes,Electronic check,114.02,2637.07,No
CUST-01134,Male,0,Yes,No,45,Yes,Yes,No,No internet service,No internet service,No internet service,No internet service,No internet service,No internet service,Month-to-month,Yes,Credit card (automatic),26.89,1220.97,No
CUST-01135,Male,0,No,No,62,Yes,Yes,DSL,Yes,No,Yes,Yes,Yes,Yes,Two year,Yes,Mailed check,19.3,1156.34,No
CUST-01136,Male,0,No,No,24,Yes,Yes,Fiber optic,Yes,No,Yes,No,No,Yes,Month-to-month,No,Electronic check,51.75,1123.49,No
CUST-01137,Male,0,Yes,No,46,Yes,Yes,Fiber optic,Yes,Yes,No,No,No,No,Month-to-month,Yes,Bank transfer (automatic),36.9,1590.66,No
CUST-01138,Female,0,No,No,44,Yes,No,Fiber optic,Yes,Yes,No,No,Yes,No,Two year,No,Electronic check,89.85,3992.44,No
CUST-01139,Female,0,No,No,63,Yes,No,Fiber optic,No,No,No,No,No,Yes,Month-to-month,Yes,Credit card (automatic),81.88,4885.77,No
CUST-01140,Male,0,No,No,4,Yes,Yes,Fiber optic,Yes,Yes,No,No,No,No,Month-to-month,Yes,Electronic check,117.4,465.66,Yes
CUST-01141,Female,0,Yes,No,16,Yes,Yes,No,No internet service,No internet service,No internet service,No internet service,No internet service,No internet service,Month-to-month,No,Credit card (automatic),94.9,1414.37,No
CUST-01142,Male,0,Yes,No,51,Yes,Yes,DSL,No,Yes,Yes,No,Yes,No,Two year,No,Mailed check,58.26,2850.25,No
CUST-01143,Female,1,No,Yes,48,Yes,No,Fiber optic,Yes,No,No,No,No,No,Month-to-month,No,Bank transfer (automatic),45.42,2216.28,No
CUST-01144,Male,1,Yes,Yes,65,Yes,Yes,Fiber optic,Yes,No,No,No,No,Yes,Month-to-month,No,Electronic check,23.56,1453.81,Yes
CUST-01145,Female,1,Yes,No,69,Yes,Yes,Fiber optic,No,No,Yes,Yes,No,No,Two year,No,Electronic check,44.95,2985.63,No
CUST-01146,Female,0,Yes,No,45,Yes,Yes,No,No internet service,No internet service,No internet service,No internet service,No internet service,No internet service,Month-to-month,No,Electronic check,36.6,1539.01,No
CUST-01147,Male,0,Yes,Yes,3,Yes,No,Fiber optic,Yes,No,No,No,No,No,One year,Yes,Electronic check,103.59,276.01,Yes
CUST-01148,Female,0,No,No,17,No,No phone service,Fiber optic,Yes,No,Yes,Yes,No,No,One year,Yes,Electronic check,51.24,910.01,No
CUST-01149,Male,1,No,No,37,Yes,No,Fiber optic,Yes,No,Yes,Yes,No,Yes,One year,No,Credit card (automatic),87.74,2772.78,Yes
CUST-01150,Male,0,Yes,No,5,Yes,Yes,Fiber optic,No,No,No,Yes,Yes,Yes,Month-to-month,No,Bank transfer (automatic),84.09,367.83,No
CUST-01151,Male,0,Yes,Yes,47,Yes,Yes,DSL,No,Yes,Yes,No,No,No,Two year,Yes,Electronic check,24.05,1121.92,No
CUST-01152,Male,0,No,No,44,Yes,No,No,No internet service,No internet service,No internet service,No internet service,No internet service,No internet service,Month-to-month,Yes,Mailed check,20.3,891.54,Yes
CUST-01153,Female,0,Yes,No,33,Yes,Yes,DSL,No,Yes,No,Yes,No,Yes,Two year,No,Bank transfer (automatic),63.4,1843.82,No
CUST-01154,Female,0,No,No,21,Yes,Yes,Fiber optic,No,No,No,No,No,No,Month-to-month,Yes,Credit card (automatic),112.43,2306.17,Yes
CUST-01155,Female,0,No,Yes,67,Yes,Yes,Fiber optic,Yes,Yes,Yes,Yes,Yes,No,Month-to-month,Yes,Mailed check,83.21,5725.47,No
CUST-01156,Male,0,Yes,No,68,Yes,No,DSL,No,No,No,No,No,Yes,One year,Yes,Bank transfer (automatic),105.4,7239.4,No
CUST-01157,Female,0,No,Yes,32,Yes,No,DSL,Yes,Yes,No,No,No,No,Two year,Yes,Mailed check,22.49,612.37,No
CUST-01158,Male,1,No,No,24,Yes,Yes,DSL,Yes,No,Yes,No,Yes,No,Month-to-month,Yes,Credit card (automatic),56.59,1165.4,No
CUST-01159,Female,0,Yes,Yes,35,Yes,Yes,DSL,Yes,Yes,Yes,Yes,No,No,Month-to-month,Yes,Bank transfer (automatic),24.0,792.36,Yes
CUST-01160,Female,0,Yes,No,18,Yes,No,No,No internet service,No internet service,No internet service,No internet service,No internet service,No internet service,Month-to-month,Yes,Bank transfer (automatic),52.78,874.44,Yes
CUST-01161,Female,0,No,Yes,67,Yes,No,No,No internet service,No internet service,No internet service,No internet service,No internet service,No internet service,Two year,No,Credit card (automatic),46.99,2734.81,No
CUST-01162,Male,1,Yes,Yes,54,Yes,Yes,DSL,No,No,No,No,Yes,No,Month-to-month,Yes,Electronic check,111.99,5373.51,No
CUST-01163,Female,0,No,No,26,Yes,Yes,DSL,Yes,No,Yes,No,Yes,Yes,Month-to-month,Yes,Mailed check,101.45,2739.51,Yes
CUST-01164,Female,1,No,No,60,Yes,Yes,No,No internet service,No internet service,No internet service,No internet service,No internet service,No internet service,Month-to-month,Yes,Mailed check,100.25,5555.35,No
CUST-01165,Male,0,Yes,No,65,Yes,No,DSL,Yes,No,No,No,No,Yes,Month-to-month,Yes,Electronic check,20.54,1193.93,Yes
CUST-01166,Female,1,Yes,No,51,Yes,No,No,No internet service,No internet service,No internet service,No internet service,No internet service,No internet service,Month-to-month,Yes,Mailed check,69.8,3141.14,No
CUST-01167,Male,1,No,No,60,Yes,No,DSL,Yes,Yes,No,No,Yes,No,Two year,Yes,Bank transfer (automatic),27.92,1621.68,No
CUST-01168,Female,0,Yes,Yes,59,Yes,No,Fiber optic,Yes,No,Yes,No,Yes,Yes,One year,Yes,Electronic check,106.3,5913.56,No
CUST-01169,Male,0,No,No,17,Yes,Yes,Fiber optic,No,No,Yes,Yes,Yes,No,Month-to-month,No,Mailed check,64.12,1000.9,Yes
CUST-01170,Male,0,No,No,21,Yes,No,DSL,No,No,Yes,Yes,No,Yes,Two year,Yes,Electronic check,27.91,541.35,No
CUST-01171,Female,0,No,No,67,Yes,No,DSL,Yes,No,No,Yes,No,Yes,One year,Yes,Electronic check,118.33,7059.45,No
CUST-01172,Male,0,Yes,Yes,28,Yes,No,Fiber optic,No,No,No,Yes,Yes,Yes,One year,Yes,Mailed check,47.39,1325.97,No
CUST-01173,Male,0,No,No,44,Yes,Yes,DSL,Yes,No,No,Yes,No,No,One year,No,Bank transfer (automatic),38.37,1687.83,No
CUST-01174,Male,0,No,Yes,70,Yes,Yes,Fiber optic,Yes,No,Yes,No,No,No,Two year,Yes,Mailed check,75.59,4531.97,No
CUST-01175,Male,0,No,No,62,Yes,Yes,DSL,No,No,Yes,No,Yes,Yes,Two year,No,Bank transfer (automatic),67.42,3732.98,No
CUST-01176,Male,0,Yes,Yes,42,Yes,Yes,Fiber optic,No,Yes,Yes,No,Yes,No,Month-to-month,Yes,Mailed check,46.0,1665.95,No
CUST-01177,Male,0,No,Yes,22,Yes,No,Fiber optic,Yes,Yes,No,Yes,Yes,Yes,Month-to-month,No,Bank transfer (automatic),93.21,1779.0,No
CUST-01178,Female,0,No,No,38,Yes,No,Fiber optic,No,Yes,No,Yes,Yes,No,Month-to-month,No,Mailed check,47.53,1881.05,Yes
CUST-01179,Male,0,Yes,No,14,Yes,Yes,DSL,No,No,Yes,Yes,Yes,Yes,Month-to-month,Yes,Mailed check,53.19,700.73,Yes
CUST-01180,Male,0,No,No,26,Yes,Yes,Fiber optic,No,No,No,No,Yes,No,Month-to-month,No,Electronic check,89.4,2068.45,Yes
CUST-01181,Female,0,Yes,Yes,40,Yes,Yes,Fiber optic,No,No,Yes,Yes,No,No,Month-to-month,Yes,Credit card (automatic),76.28,3182.71,No
CUST-01182,Female,1,Yes,Yes,54,Yes,No,No,No internet service,No internet service,No internet service,No internet service,No internet service,No internet service,Two year,Yes,Credit card (automatic),47.46,2422.44,No
CUST-01183,Female,0,No,No,13,Yes,No,No,No internet service,No internet service,No internet service,No internet service,No internet service,No internet service,Month-to-month,Yes,Mailed check,112.12,1438.67,No
CUST-01184,Female,0,Yes,No,19,Yes,No,DSL,No,No,No,Yes,Yes,No,Month-to-month,No,Mailed check,91.32,1807.04,No
CUST-01185,Female,0,No,Yes,42,Yes,No,DSL,No,Yes,No,Yes,Yes,Yes,Month-to-month,Yes,Bank transfer (automatic),48.83,2124.6,Yes
CUST-01186,Female,0,No,No,41,Yes,Yes,DSL,Yes,Yes,Yes,Yes,No,No,Month-to-month,No,Electronic check,105.99,4531.98,No
CUST-01187,Female,1,Yes,Yes,50,Yes,Yes,DSL,Yes,Yes,Yes,No,Yes,No,One year,No,Electronic check,49.9,2539.63,No
CUST-01188,Male,1,Yes,No,3,Yes,No,DSL,No,No,No,No,No,No,Month-to-month,Yes,Electronic check,117.52,349.09,No
CUST-01189,Male,0,No,Yes,31,Yes,No,DSL,Yes,Yes,No,No,Yes,Yes,One year,No,Electronic check,110.62,3058.35,No
CUST-01190,Female,0,No,Yes,15,Yes,Yes,DSL,No,Yes,Yes,No,Yes,Yes,Month-to-month,Yes,Electronic check,58.91,783.4,Yes
CUST-01191,Male,0,No,Yes,54,Yes,Yes,DSL,Yes,No,No,No,No,No,One year,No,Credit card (automatic),85.63,4256.51,No
CUST-01192,Male,0,No,Yes,53,Yes,Yes,DSL,Yes,Yes,No,No,No,Yes,Month-to-month,No,Electronic check,72.62,3964.65,No
CUST-01193,Male,1,Yes,Yes,45,Yes,No,DSL,Yes,No,No,No,No,Yes,One year,Yes,Bank transfer (automatic),101.31,4100.4,No
CUST-01194,Female,0,Yes,No,38,Yes,Yes,DSL,No,No,No,Yes,No,Yes,Month-to-month,Yes,Mailed check,105.97,3592.05,No
CUST-01195,Female,0,No,Yes,50,Yes,No,Fiber optic,Yes,No,Yes,No,No,No,Two year,Yes,Electronic check,82.29,3971.3,No
CUST-01196,Male,0,No,Yes,24,No,No phone service,DSL,Yes,No,No,No,No,No,Two year,No,Bank transfer (automatic),74.67,1606.24,No
CUST-01197,Female,1,Yes,Yes,17,No,No phone service,DSL,Yes,Yes,Yes,Yes,Yes,Yes,Month-to-month,No,Electronic check,52.62,864.02,No
CUST-01198,Male,0,No,No,18,Yes,Yes,DSL,Yes,Yes,No,Yes,No,No,Two year,No,Mailed check,109.8,1937.45,No
CUST-01199,Male,0,No,No,42,Yes,Yes,Fiber optic,No,Yes,No,Yes,No,Yes,Month-to-month,Yes,Mailed check,79.83,3087.33,No
CUST-01200,Male,0,No,No,17,Yes,Yes,No,No internet service,No internet service,No internet service,No internet service,No internet service,No internet service,Two year,Yes,Credit card (automatic),24.89,398.11,No
CUST-01201,Male,0,Yes,No,16,Yes,Yes,DSL,Yes,No,Yes,Yes,Yes,No,Month-to-month,No,Credit card (automatic),86.19,1301.08,No
CUST-01202,Female,0,No,Yes,52,Yes,Yes,Fiber optic,Yes,No,No,No,No,Yes,Month-to-month,Yes,Mailed check,39.71,1804.93,Yes
CUST-01203,Female,1,No,Yes,36,Yes,Yes,Fiber optic,No,No,No,No,No,Yes,Two year,Yes,Electronic check,32.42,1018.31,Yes
CUST-01204,Female,0,No,No,39,Yes,No,Fiber optic,Yes,No,Yes,Yes,No,Yes,Month-to-month,No,Bank transfer (automatic),118.57,4067.94,No
CUST-01205,Male,0,No,No,25,Yes,Yes,No,No internet service,No internet service,No internet service,No internet service,No internet service,No internet service,One year,No,Electronic check,109.45,2740.1,No
CUST-01206,Female,0,No,No,42,Yes,No,No,No internet service,No internet service,No internet service,No internet service,No internet service,No internet service,One year,No,Mailed check,92.23,3887.51,No
CUST-01207,Male,0,No,No,21,Yes,Yes,DSL,Yes,No,No,No,Yes,No,Two year,Yes,Mailed check,77.88,1530.62,No
CUST-01208,Female,0,No,No,68,No,No phone service,Fiber optic,No,Yes,Yes,No,Yes,No,Two year,Yes,Credit card (automatic),57.28,3331.82,No
CUST-01209,Male,0,Yes,No,59,Yes,Yes,Fiber optic,No,Yes,Yes,Yes,No,Yes,Month-to-month,No,Mailed check,50.28,2529.66,No
CUST-01210,Male,0,Yes,Yes,30,Yes,Yes,No,No internet service,No internet service,No internet service,No internet service,No internet service,No internet service,One year,Yes,Mailed check,52.32,1635.26,No
CUST-01211,Male,1,No,Yes,57,Yes,No,No,No internet service,No internet service,No internet service,No internet service,No internet service,No internet service,Month-to-month,Yes,Electronic check,64.17,3276.46,No
CUST-01212,Female,0,Yes,No,33,Yes,Yes,DSL,No,No,No,No,No,No,Month-to-month,Yes,Bank transfer (automatic),52.89,1542.2,Yes
CUST-01213,Female,0,Yes,Yes,53,Yes,Yes,DSL,No,No,Yes,Yes,No,No,One year,Yes,Electronic check,40.92,1880.23,No
CUST-01214,Female,0,Yes,No,16,Yes,Yes,Fiber optic,No,No,No,No,Yes,Yes,Month-to-month,Yes,Bank transfer (automatic),111.06,1758.97,Yes
CUST-01215,Female,0,Yes,No,49,Yes,No,Fiber optic,No,Yes,No,Yes,Yes,No,Month-to-month,Yes,Electronic check,95.4,4653.49,No
CUST-01216,Male,0,Yes,No,5,Yes,No,Fiber optic,No,No,Yes,Yes,Yes,Yes,Month-to-month,Yes,Credit card (automatic),83.4,434.38,Yes
CUST-01217,Female,0,Yes,Yes,60,Yes,Yes,Fiber optic,No,No,No,No,No,Yes,Month-to-month,No,Electronic check,63.16,3859.86,Yes
CUST-01218,Female,0,No,No,71,Yes,Yes,DSL,No,Yes,No,Yes,No,No,One year,Yes,Credit card (automatic),100.04,6072.81,No
CUST-01219,Male,0,No,No,55,Yes,Yes,No,No internet service,No internet service,No internet service,No internet service,No internet service,No internet service,Month-to-month,No,Mailed check,34.42,1917.15,No
CUST-01220,Male,0,No,No,35,Yes,Yes,No,No internet service,No internet service,No internet service,No internet service,No internet service,No internet service,Two year,No,Credit card (automatic),32.21,1176.36,No
CUST-01221,Male,0,Yes,Yes,69,Yes,No,Fiber optic,Yes,No,No,Yes,Yes,Yes,Month-to-month,No,Mailed check,115.31,7599.53,No
CUST-01222,Female,1,No,Yes,42,Yes,No,Fiber optic,No,No,Yes,Yes,Yes,Yes,Month-to-month,Yes,Electronic check,114.12,4230.98,Yes
CUST-01223,Male,0,No,No,69,Yes,No,Fiber optic,No,Yes,No,Yes,No,Yes,Month-to-month,Yes,Electronic check,86.19,5331.31,Yes
CUST-01224,Male,0,No,No,24,Yes,No,DSL,Yes,No,No,No,No,No,One year,Yes,Mailed check,65.49,1599.31,No
CUST-01225,Male,0,Yes,No,71,Yes,No,DSL,No,No,No,Yes,Yes,No,One year,No,Credit card (automatic),108.74,8054.88,No
CUST-01226,Female,0,Yes,No,71,Yes,No,DSL,No,No,Yes,No,No,No,Month-to-month,No,Bank transfer (automatic),93.46,6909.01,Yes
CUST-01227,Male,0,No,No,55,Yes,Yes,No,No internet service,No internet service,No internet service,No internet service,No internet service,No internet service,Month-to-month,Yes,Bank transfer (automatic),96.42,5033.53,No
CUST-01228,Female,0,No,No,14,Yes,Yes,Fiber optic,No,No,No,Yes,No,Yes,Two year,No,Mailed check,84.36,1149.58,No
CUST-01229,Female,0,No,Yes,55,Yes,Yes,DSL,Yes,Yes,No,No,No,No,Month-to-month,Yes,Mailed check,112.02,6061.26,Yes
CUST-01230,Male,0,No,No,15,Yes,No,Fiber optic,No,No,Yes,Yes,No,No,Month-to-month,No,Bank transfer (automatic),49.72,697.22,Yes
CUST-01231,Male,0,Yes,Yes,5,Yes,Yes,DSL,No,No,Yes,No,No,Yes,One year,No,Bank transfer (automatic),45.18,234.43,Yes
CUST-01232,Female,0,No,Yes,4,No,No phone service,DSL,No,No,No,No,Yes,Yes,Month-to-month,Yes,Mailed check,77.98,316.22,Yes
CUST-01233,Male,1,Yes,Yes,30,Yes,Yes,Fiber optic,No,Yes,No,Yes,No,Yes,Month-to-month,No,Credit card (automatic),53.76,1414.26,No
CUST-01234,Male,0,No,No,53,Yes,No,Fiber optic,No,Yes,Yes,Yes,Yes,No,Two year,No,Mailed check,23.76,1103.74,No
CUST-01235,Female,0,No,Yes,30,Yes,Yes,Fiber optic,No,Yes,Yes,No,No,Yes,Two year,Yes,Mailed check,116.12,3351.74,No
CUST-01236,Female,0,No,Yes,61,Yes,Yes,Fiber optic,Yes,No,Yes,No,Yes,No,Month-to-month,Yes,Bank transfer (automatic),110.16,6432.04,Yes
CUST-01237,Male,0,Yes,No,71,Yes,No,Fiber optic,No,No,Yes,Yes,No,No,Month-to-month,No,Credit card (automatic),19.06,1155.36,Yes
CUST-01238,Female,0,Yes,Yes,68,Yes,Yes,Fiber optic,No,No,Yes,No,No,No,Two year,Yes,Bank transfer (automatic),106.55,6818.59,No
CUST-01239,Male,0,No,No,55,Yes,No,Fiber optic,Yes,Yes,Yes,Yes,Yes,Yes,One year,Yes,Credit card (automatic),70.82,4049.49,No
CUST-01240,Male,0,No,No,71,Yes,Yes,DSL,Yes,No,No,No,No,No,One year,No,Credit card (automatic),69.52,4635.25,No
CUST-01241,Male,0,No,No,42,Yes,Yes,Fiber optic,No,Yes,Yes,Yes,No,Yes,One year,Yes,Bank transfer (automatic),35.07,1449.96,Yes
CUST-01242,Female,0,No,Yes,29,Yes,Yes,Fiber optic,No,Yes,No,No,Yes,No,One year,No,Mailed check,38.06,1093.59,No
CUST-01243,Male,0,Yes,Yes,35,Yes,Yes,DSL,No,No,No,No,Yes,No,Two year,No,Bank transfer (automatic),46.65,1397.77,No
CUST-01244,Male,1,No,No,45,Yes,Yes,DSL,Yes,Yes,Yes,No,No,No,Two year,No,Mailed check,74.73,3045.94,No
CUST-01245,Male,0,No,No,29,Yes,No,DSL,No,Yes,No,Yes,Yes,No,Two year,No,Electronic check,67.24,2023.3,No
CUST-01246,Female,1,No,Yes,70,Yes,No,Fiber optic,No,Yes,No,No,Yes,No,Month-to-month,Yes,Bank transfer (automatic),46.18,3077.58,Yes
CUST-01247,Female,0,Yes,No,3,Yes,No,Fiber optic,No,No,Yes,No,No,Yes,Month-to-month,No,Credit card (automatic),100.22,314.42,No
CUST-01248,Female,0,No,No,57,Yes,Yes,DSL,No,Yes,No,No,Yes,Yes,Month-to-month,Yes,Mailed check,53.86,3159.05,No
CUST-01249,Female,1,Yes,Yes,66,Yes,No,No,No internet service,No internet service,No internet service,No internet service,No internet service,No internet service,Two year,Yes,Electronic check,38.08,2277.31,No
CUST-01250,Female,0,No,No,22,Yes,No,Fiber optic,No,Yes,No,Yes,No,No,Month-to-month,No,Mailed check,60.18,1196.02,Yes
CUST-01251,Male,1,No,Yes,27,Yes,Yes,No,No internet service,No internet service,No internet service,No internet service,No internet service,No internet service,Two year,Yes,Electronic check,90.0,2237.96,No
CUST-01252,Female,0,Yes,No,22,Yes,Yes,Fiber optic,No,No,Yes,No,Yes,No,Month-to-month,No,Bank transfer (automatic),51.01,1068.13,No
CUST-01253,Female,0,Yes,No,49,Yes,Yes,DSL,No,No,No,No,Yes,Yes,One year,Yes,Bank transfer (automatic),50.49,2546.74,No
CUST-01254,Female,1,No,Yes,24,Yes,No,No,No internet service,No internet service,No internet service,No internet service,No internet service,No internet service,Month-to-month,No,Bank transfer (automatic),29.81,679.87,No
CUST-01255,Male,0,No,No,27,Yes,No,No,No internet service,No internet service,No internet service,No internet service,No internet service,No internet service,Two year,Yes,Mailed check,28.37,771.11,No
CUST-01256,Female,1,Yes,No,36,Yes,Yes,Fiber optic,No,Yes,Yes,Yes,No,Yes,Month-to-month,Yes,Mailed check,47.88,1664.7,Yes
CUST-01257,Female,1,Yes,No,17,Yes,No,DSL,Yes,Yes,No,Yes,No,Yes,Two year,No,Electronic check,91.4,1391.88,No
CUST-01258,Male,0,No,No,56,Yes,No,DSL,Yes,No,No,Yes,Yes,No,One year,No,Credit card (automatic),72.86,3812.22,No
CUST-01259,Female,0,No,No,10,Yes,No,No,No internet service,No internet service,No internet service,No internet service,No internet service,No internet service,One year,Yes,Mailed check,102.14,952.48,No
CUST-01260,Male,0,Yes,No,54,Yes,No,DSL,No,Yes,No,Yes,No,No,Month-to-month,Yes,Mailed check,91.27,5167.43,No
CUST-01261,Male,0,No,Yes,38,Yes,Yes,Fiber optic,No,Yes,Yes,No,Yes,No,One year,Yes,Mailed check,83.04,3029.23,No
CUST-01262,Male,0,Yes,Yes,4,Yes,Yes,Fiber optic,No,No,No,Yes,No,No,Month-to-month,No,Bank transfer (automatic),32.56,112.68,No
CUST-01263,Male,0,Yes,No,50,Yes,Yes,DSL,No,No,No,No,No,No,Month-to-month,Yes,Credit card (automatic),111.33,5371.28,No
CUST-01264,Male,0,Yes,No,61,Yes,No,Fiber optic,Yes,No,No,No,Yes,Yes,Two year,No,Bank transfer (automatic),21.03,1235.74,No
CUST-01265,Female,0,No,Yes,21,Yes,Yes,Fiber optic,No,No,No,Yes,No,No,Month-to-month,No,Mailed check,115.67,2298.11,Yes
CUST-01266,Male,1,Yes,No,36,No,No phone service,Fiber optic,No,No,No,No,No,No,Month-to-month,No,Bank transfer (automatic),99.96,3289.54,No
CUST-01267,Male,0,No,No,46,Yes,No,Fiber optic,No,No,No,No,No,No,Month-to-month,Yes,Electronic check,43.73,1809.59,Yes
CUST-01268,Female,0,Yes,No,71,No,No phone service,No,No internet service,No internet service,No internet service,No internet service,No internet service,No internet service,One year,No,Credit card (automatic),118.52,7498.64,No
CUST-01269,Male,0,No,Yes,44,Yes,No,Fiber optic,No,No,No,Yes,Yes,Yes,Month-to-month,No,Electronic check,63.73,2434.7,No
CUST-01270,Female,0,No,No,64,Yes,Yes,Fiber optic,Yes,No,Yes,No,Yes,No,One year,No,Mailed check,100.07,5928.42,No
CUST-01271,Female,0,No,No,18,No,No phone service,Fiber optic,No,No,No,No,Yes,No,Month-to-month,Yes,Mailed check,113.08,2023.08,Yes
CUST-01272,Female,0,No,No,13,No,No phone service,DSL,Yes,Yes,No,No,Yes,Yes,Month-to-month,No,Credit card (automatic),68.76,863.43,No
CUST-01273,Male,1,No,Yes,13,Yes,Yes,No,No internet service,No internet service,No internet service,No internet service,No internet service,No internet service,Month-to-month,Yes,Credit card (automatic),81.24,900.89,Yes
CUST-01274,Male,0,No,No,25,Yes,Yes,Fiber optic,Yes,No,No,No,No,Yes,Month-to-month,Yes,Electronic check,84.78,2155.21,Yes
CUST-01275,Male,0,Yes,No,5,Yes,No,DSL,Yes,Yes,No,No,Yes,No,Month-to-month,Yes,Electronic check,77.51,360.41,Yes
CUST-01276,Female,1,Yes,No,39,Yes,No,Fiber optic,Yes,Yes,Yes,Yes,No,No,Month-to-month,Yes,Credit card (automatic),36.94,1427.01,Yes
CUST-01277,Male,1,No,Yes,29,Yes,Yes,Fiber optic,Yes,Yes,Yes,Yes,No,Yes,Month-to-month,Yes,Mailed check,47.78,1389.42,No
CUST-01278,Male,0,Yes,No,57,Yes,No,DSL,No,No,No,No,Yes,Yes,Month-to-month,Yes,Bank transfer (automatic),28.94,1559.37,Yes
CUST-01279,Male,0,Yes,Yes,46,Yes,No,No,No internet service,No internet service,No internet service,No internet service,No internet service,No internet service,Month-to-month,Yes,Mailed check,62.44,2896.58,No
CUST-01280,Female,0,No,Yes,33,Yes,No,DSL,No,Yes,No,Yes,No,No,Two year,No,Mailed check,36.9,1183.53,No
CUST-01281,Female,0,Yes,Yes,10,No,No phone service,Fiber optic,No,Yes,Yes,Yes,No,No,One year,No,Electronic check,35.87,362.03,Yes
CUST-01282,Male,0,No,Yes,58,Yes,Yes,Fiber optic,Yes,No,Yes,No,Yes,Yes,Month-to-month,No,Bank transfer (automatic),29.77,1703.56,Yes
CUST-01283,Male,0,Yes,No,25,Yes,Yes,DSL,Yes,No,No,Yes,Yes,Yes,Month-to-month,Yes,Mailed check,61.17,1349.93,No
CUST-01284,Male,1,No,Yes,39,Yes,No,No,No internet service,No internet service,No internet service,No internet service,No internet service,No internet service,Month-to-month,Yes,Bank transfer (automatic),27.44,961.18,No
CUST-01285,Male,0,No,No,16,Yes,Yes,Fiber optic,No,No,No,No,No,No,Month-to-month,No,Bank transfer (automatic),92.41,1382.37,Yes
CUST-01286,Female,0,No,No,60,Yes,Yes,Fiber optic,Yes,No,Yes,No,Yes,No,Two year,Yes,Electronic check,109.81,6099.78,No
CUST-01287,Female,0,Yes,No,28,Yes,Yes,Fiber optic,No,No,No,Yes,No,No,Month-to-month,Yes,Electronic check,49.95,1275.73,Yes
CUST-01288,Female,0,No,No,44,Yes,Yes,No,No internet service,No internet service,No internet service,No internet service,No internet service,No internet service,Month-to-month,Yes,Electronic check,103.62,4297.61,No
CUST-01289,Female,0,No,No,58,Yes,Yes,Fiber optic,No,Yes,Yes,No,No,No,One year,Yes,Mailed check,78.07,4320.87,No
CUST-01290,Male,0,No,No,32,Yes,Yes,Fiber optic,No,No,No,Yes,No,No,Two year,Yes,Electronic check,59.4,1961.64,Yes
CUST-01291,Male,0,No,No,63,Yes,No,No,No internet service,No internet service,No internet service,No internet service,No internet service,No internet service,One year,No,Electronic check,100.85,5781.78,No
CUST-01292,Male,0,Yes,No,45,Yes,Yes,DSL,Yes,No,No,No,Yes,No,Month-to-month,No,Bank transfer (automatic),98.36,3810.92,No
CUST-01293,Female,0,No,No,53,Yes,Yes,DSL,No,Yes,Yes,Yes,No,No,Two year,No,Bank transfer (automatic),113.91,5509.85,No
CUST-01294,Male,0,No,No,61,Yes,Yes,No,No internet service,No internet service,No internet service,No internet service,No internet service,No internet service,Two year,Yes,Bank transfer (automatic),113.94,6903.34,No
CUST-01295,Female,0,Yes,No,50,Yes,No,No,No internet service,No internet service,No internet service,No internet service,No internet service,No internet service,Month-to-month,Yes,Electronic check,89.12,4127.82,No
CUST-01296,Female,0,No,No,27,Yes,Yes,Fiber optic,No,No,Yes,Yes,No,No,Month-to-month,No,Bank transfer (automatic),111.08,2665.72,No
CUST-01297,Male,0,No,Yes,26,Yes,No,Fiber optic,No,No,Yes,No,No,No,One year,No,Mailed check,23.59,568.86,Yes
CUST-01298,Male,1,No,Yes,3,No,No phone service,Fiber optic,No,Yes,No,No,No,No,Month-to-month,Yes,Electronic check,37.36,111.41,Yes
CUST-01299,Male,0,Yes,No,39,Yes,No,DSL,Yes,Yes,No,No,Yes,Yes,Month-to-month,No,Credit card (automatic),49.23,1667.91,No
CUST-01300,Female,0,No,Yes,65,Yes,Yes,Fiber optic,No,Yes,No,Yes,Yes,No,Month-to-month,No,Bank transfer (automatic),98.86,6356.02,No
CUST-01301,Male,1,No,No,35,Yes,No,Fiber optic,Yes,No,Yes,Yes,Yes,No,One year,Yes,Electronic check,22.39,687.36,No
CUST-01302,Female,1,No,Yes,53,No,No phone service,DSL,Yes,No,No,No,No,No,Month-to-month,No,Electronic check,95.31,5283.7,No
CUST-01303,Male,0,No,No,46,Yes,Yes,Fiber optic,No,Yes,Yes,Yes,No,No,Month-to-month,Yes,Credit card (automatic),86.39,3730.9,Yes
CUST-01304,Female,0,No,No,68,Yes,No,Fiber optic,No,No,No,Yes,No,Yes,Two year,No,Electronic check,107.54,6788.61,No
CUST-01305,Female,0,No,Yes,22,Yes,No,Fiber optic,No,No,No,Yes,No,No,One year,Yes,Electronic check,22.81,485.28,No
CUST-01306,Male,0,No,No,60,Yes,Yes,Fiber optic,No,No,No,No,No,No,Two year,No,Credit card (automatic),81.39,4291.91,No
CUST-01307,Female,0,Yes,No,6,Yes,Yes,No,No internet service,No internet service,No internet service,No internet service,No internet service,No internet service,Month-to-month,Yes,Bank transfer (automatic),28.19,155.02,No
CUST-01308,Female,0,Yes,No,52,Yes,No,Fiber optic,Yes,No,Yes,No,Yes,No,One year,No,Mailed check,23.75,1191.0,No
CUST-01309,Male,0,Yes,No,29,Yes,Yes,Fiber optic,No,Yes,No,Yes,No,No,Month-to-month,Yes,Mailed check,114.65,2872.05,Yes
CUST-01310,Female,0,Yes,Yes,43,Yes,Yes,Fiber optic,Yes,Yes,No,Yes,Yes,No,Month-to-month,No,Bank transfer (automatic),40.68,1576.64,Yes
CUST-01311,Male,0,Yes,No,34,Yes,No,DSL,No,Yes,Yes,No,Yes,No,Month-to-month,Yes,Credit card (automatic),37.29,1203.8,Yes
CUST-01312,Female,0,Yes,Yes,31,Yes,Yes,Fiber optic,Yes,No,No,Yes,No,Yes,Month-to-month,Yes,Credit card (automatic),107.22,3272.97,No
CUST-01313,Male,0,No,No,46,Yes,Yes,Fiber optic,Yes,No,Yes,No,Yes,No,Month-to-month,Yes,Electronic check,49.88,2093.37,Yes
CUST-01314,Male,0,Yes,No,4,Yes,Yes,Fiber optic,No,Yes,Yes,Yes,Yes,No,Month-to-month,Yes,Bank transfer (automatic),104.42,407.25,Yes
CUST-01315,Female,0,Yes,No,2,Yes,Yes,No,No internet service,No internet service,No internet service,No internet service,No internet service,No internet service,Month-to-month,Yes,Bank transfer (automatic),86.36,155.49,Yes
CUST-01316,Female,0,Yes,No,5,Yes,No,Fiber optic,Yes,Yes,No,No,Yes,Yes,Month-to-month,Yes,Credit card (automatic),37.34,174.92,No
CUST-01317,Female,0,No,No,46,Yes,Yes,DSL,Yes,Yes,Yes,No,Yes,No,Month-to-month,Yes,Credit card (automatic),71.0,3052.0,No
CUST-01318,Female,1,Yes,Yes,19,No,No phone service,Fiber optic,Yes,No,Yes,Yes,Yes,No,One year,No,Electronic check,85.41,1390.91,Yes
CUST-01319,Female,0,Yes,No,38,Yes,No,Fiber optic,No,No,Yes,No,No,No,Month-to-month,No,Electronic check,91.73,3618.29,No
CUST-01320,Male,0,Yes,No,59,Yes,Yes,Fiber optic,No,Yes,No,No,Yes,Yes,One year,Yes,Electronic check,67.16,3965.24,Yes
CUST-01321,Female,1,No,Yes,72,Yes,Yes,No,No internet service,No internet service,No internet service,No internet service,No internet service,No internet service,Two year,Yes,Bank transfer (automatic),54.22,3776.65,No
CUST-01322,Male,0,No,No,20,Yes,Yes,Fiber optic,No,No,Yes,No,No,No,Month-to-month,No,Credit card (automatic),114.79,2099.95,No
CUST-01323,Male,0,No,No,68,Yes,Yes,DSL,No,Yes,Yes,Yes,No,No,One year,Yes,Bank transfer (automatic),60.58,4181.56,No
CUST-01324,Female,1,Yes,Yes,53,Yes,No,DSL,No,No,Yes,No,No,Yes,One year,Yes,Mailed check,88.59,4652.58,No
CUST-01325,Male,0,No,No,55,Yes,Yes,Fiber optic,No,Yes,No,Yes,No,No,Month-to-month,No,Credit card (automatic),103.38,4991.09,No
CUST-01326,Male,0,No,No,39,Yes,No,DSL,Yes,No,No,No,Yes,Yes,Month-to-month,Yes,Credit card (automatic),35.22,1322.51,No
CUST-01327,Male,0,Yes,Yes,36,No,No phone service,Fiber optic,No,No,Yes,Yes,No,No,Month-to-month,No,Credit card (automatic),67.26,2185.91,No
CUST-01328,Male,0,Yes,No,58,Yes,Yes,No,No internet service,No internet service,No internet service,No internet service,No internet service,No internet service,Month-to-month,Yes,Bank transfer (automatic),74.32,4290.06,No
CUST-01329,Female,0,Yes,No,15,Yes,No,Fiber optic,No,Yes,No,No,Yes,Yes,One year,Yes,Credit card (automatic),76.15,1067.42,No
CUST-01330,Male,0,No,No,1,Yes,No,Fiber optic,Yes,No,No,No,No,No,Month-to-month,Yes,Bank transfer (automatic),33.2,29.9,Yes
CUST-01331,Female,0,Yes,No,9,No,No phone service,Fiber optic,Yes,No,No,No,Yes,No,Two year,Yes,Bank transfer (automatic),20.64,192.01,No
CUST-01332,Female,0,Yes,No,23,Yes,No,DSL,No,No,No,No,Yes,Yes,One year,No,Electronic check,85.84,2037.79,No
CUST-01333,Male,0,No,No,52,Yes,No,Fiber optic,Yes,No,Yes,Yes,No,No,One year,No,Electronic check,81.38,4291.77,No
CUST-01334,Female,0,No,Yes,26,Yes,Yes,Fiber optic,No,No,No,Yes,Yes,No,Two year,Yes,Bank transfer (automatic),89.42,2020.75,Yes
CUST-01335,Female,0,No,No,60,Yes,No,Fiber optic,Yes,Yes,No,Yes,Yes,No,Month-to-month,No,Bank transfer (automatic),40.75,2447.45,No
CUST-01336,Female,0,No,Yes,18,Yes,No,DSL,No,Yes,No,No,No,No,Month-to-month,Yes,Electronic check,52.45,817.8,Yes
CUST-01337,Male,0,No,No,58,Yes,Yes,No,No internet service,No internet service,No internet service,No internet service,No internet service,No internet service,Two year,Yes,Credit card (automatic),76.18,3848.05,No
CUST-01338,Female,0,No,No,65,Yes,Yes,Fiber optic,Yes,Yes,No,Yes,No,Yes,Two year,Yes,Credit card (automatic),23.88,1369.83,No
CUST-01339,Female,0,Yes,Yes,69,Yes,No,DSL,Yes,No,No,No,Yes,Yes,Month-to-month,No,Credit card (automatic),39.06,2662.34,No
CUST-01340,Female,0,Yes,No,14,Yes,Yes,No,No internet service,No internet service,No internet service,No internet service,No internet service,No internet service,One year,No,Mailed check,107.84,1399.26,No
CUST-01341,Male,1,No,No,46,Yes,Yes,Fiber optic,Yes,Yes,Yes,Yes,No,Yes,Month-to-month,Yes,Electronic check,33.73,1580.62,No
CUST-01342,Female,0,No,Yes,69,Yes,Yes,Fiber optic,Yes,Yes,No,Yes,Yes,No,Month-to-month,No,Credit card (automatic),34.75,2395.82,No
CUST-01343,Male,0,No,Yes,32,Yes,Yes,Fiber optic,Yes,Yes,No,No,Yes,Yes,One year,Yes,Bank transfer (automatic),91.55,2939.85,No
CUST-01344,Male,0,Yes,No,51,Yes,Yes,No,No internet service,No internet service,No internet service,No internet service,No internet service,No internet service,Month-to-month,No,Electronic check,108.11,5713.07,No
CUST-01345,Male,1,Yes,Yes,69,Yes,Yes,Fiber optic,Yes,Yes,Yes,Yes,Yes,No,Two year,No,Mailed check,117.04,7824.59,No
CUST-01346,Male,0,Yes,No,15,Yes,No,Fiber optic,Yes,No,No,No,No,No,Month-to-month,No,Credit card (automatic),103.3,1581.49,No
CUST-01347,Male,0,No,No,53,Yes,No,Fiber optic,No,No,Yes,No,Yes,Yes,Two year,Yes,Mailed check,90.66,4330.61,No
CUST-01348,Male,0,No,No,71,Yes,Yes,DSL,Yes,No,No,Yes,No,Yes,Month-to-month,No,Electronic check,108.4,7954.87,No
CUST-01349,Female,0,No,Yes,69,No,No phone service,DSL,No,No,Yes,No,Yes,Yes,Two year,Yes,Electronic check,69.12,4949.88,No
CUST-01350,Male,0,No,No,15,Yes,No,DSL,No,No,No,Yes,Yes,No,Month-to-month,No,Electronic check,47.72,664.33,No
CUST-01351,Female,0,Yes,Yes,30,Yes,Yes,DSL,No,Yes,Yes,No,No,Yes,One year,No,Bank transfer (automatic),91.46,2515.33,No
CUST-01352,Female,1,Yes,No,24,Yes,Yes,Fiber optic,Yes,No,Yes,Yes,No,No,One year,No,Electronic check,59.49,1298.78,Yes
CUST-01353,Male,0,Yes,No,35,Yes,Yes,DSL,No,No,Yes,No,No,Yes,Month-to-month,Yes,Electronic check,56.38,1867.06,Yes
CUST-01354,Female,0,No,No,69,Yes,Yes,Fiber optic,Yes,Yes,No,No,Yes,Yes,Two year,Yes,Electronic check,61.43,4164.06,Yes
CUST-01355,Female,1,Yes,No,12,Yes,No,Fiber optic,No,No,Yes,Yes,No,No,Month-to-month,No,Mailed check,81.76,933.38,Yes
CUST-01356,Female,0,No,No,46,Yes,Yes,Fiber optic,No,Yes,Yes,Yes,Yes,Yes,One year,Yes,Mailed check,110.03,4836.22,No
CUST-01357,Female,0,No,No,69,Yes,No,DSL,No,Yes,Yes,Yes,No,No,One year,No,Bank transfer (automatic),115.11,6847.4,No
CUST-01358,Male,0,Yes,Yes,36,Yes,Yes,Fiber optic,No,Yes,No,Yes,No,Yes,Month-to-month,Yes,Mailed check,84.74,3140.39,No
CUST-01359,Female,0,Yes,No,48,No,No phone service,DSL,No,Yes,No,No,Yes,No,Two year,Yes,Bank transfer (automatic),21.67,920.42,No
CUST-01360,Male,0,Yes,Yes,67,Yes,Yes,Fiber optic,Yes,No,No,No,No,Yes,Month-to-month,No,Electronic check,59.56,3968.17,No
CUST-01361,Female,0,No,No,54,Yes,Yes,Fiber optic,No,Yes,No,Yes,Yes,No,Month-to-month,Yes,Mailed check,31.24,1536.11,No
CUST-01362,Female,0,Yes,No,36,Yes,Yes,Fiber optic,Yes,No,No,Yes,No,No,Month-to-month,Yes,Mailed check,74.94,2546.77,No
CUST-01363,Male,0,Yes,No,52,Yes,Yes,Fiber optic,No,Yes,No,Yes,No,No,Month-to-month,Yes,Electronic check,58.34,2582.94,Yes
CUST-01364,Female,0,No,No,22,Yes,No,Fiber optic,Yes,Yes,No,Yes,No,No,One year,No,Credit card (automatic),93.23,2078.28,No
CUST-01365,Female,0,No,Yes,38,Yes,Yes,No,No internet service,No internet service,No internet service,No internet service,No internet service,No internet service,Month-to-month,Yes,Credit card (automatic),79.32,3141.36,No
CUST-01366,Female,0,No,No,62,No,No phone service,DSL,No,No,No,Yes,No,No,Month-to-month,No,Bank transfer (automatic),36.65,1987.53,No
CUST-01367,Male,0,No,Yes,65,Yes,No,No,No internet service,No internet service,No internet service,No internet service,No internet service,No internet service,Two year,Yes,Electronic check,33.66,1943.92,No
CUST-01368,Female,0,No,Yes,3,Yes,Yes,Fiber optic,No,Yes,Yes,Yes,No,Yes,Two year,No,Electronic check,28.21,73.16,Yes
CUST-01369,Male,0,No,Yes,8,Yes,Yes,Fiber optic,No,No,No,Yes,Yes,Yes,One year,No,Credit card (automatic),93.74,649.27,Yes
CUST-01370,Female,1,Yes,No,39,Yes,No,Fiber optic,No,No,Yes,Yes,Yes,No,Month-to-month,Yes,Electronic check,51.88,1942.09,Yes
CUST-01371,Male,0,Yes,No,18,Yes,Yes,Fiber optic,Yes,Yes,Yes,Yes,No,No,Month-to-month,No,Mailed check,62.91,999.62,No
CUST-01372,Male,0,No,No,3,Yes,No,No,No internet service,No internet service,No internet service,No internet service,No internet service,No internet service,One year,Yes,Mailed check,61.64,165.37,No
CUST-01373,Female,0,No,Yes,18,Yes,Yes,DSL,No,No,No,No,No,No,Two year,Yes,Electronic check,85.22,1442.35,No
CUST-01374,Female,0,No,No,1,Yes,Yes,Fiber optic,Yes,No,Yes,No,No,No,Month-to-month,Yes,Bank transfer (automatic),22.7,21.48,Yes
CUST-01375,Male,0,No,No,26,Yes,Yes,DSL,No,No,Yes,No,Yes,No,Month-to-month,Yes,Bank transfer (automatic),54.2,1278.89,No
CUST-01376,Male,0,No,No,52,Yes,No,DSL,Yes,No,No,Yes,Yes,No,Month-to-month,Yes,Credit card (automatic),27.88,1516.86,Yes
CUST-01377,Female,0,Yes,Yes,12,Yes,Yes,Fiber optic,Yes,Yes,Yes,Yes,Yes,Yes,Month-to-month,No,Electronic check,22.95,240.33,Yes
CUST-01378,Male,0,Yes,No,38,No,No phone service,DSL,Yes,Yes,No,Yes,Yes,Yes,Month-to-month,Yes,Electronic check,26.33,888.77,No
CUST-01379,Female,1,Yes,No,41,Yes,Yes,No,No internet service,No internet service,No internet service,No internet service,No internet service,No internet service,One year,Yes,Mailed check,60.98,2339.76,No
CUST-01380,Female,0,No,Yes,53,Yes,No,Fiber optic,Yes,No,No,Yes,Yes,No,Two year,Yes,Mailed check,88.79,4273.01,No
CUST-01381,Female,0,Yes,No,13,Yes,Yes,Fiber optic,Yes,No,Yes,No,Yes,Yes,Two year,Yes,Credit card (automatic),65.23,862.06,No
CUST-01382,Female,0,Yes,Yes,13,Yes,No,DSL,No,No,Yes,Yes,No,Yes,Two year,Yes,Bank transfer (automatic),42.96,494.46,No
CUST-01383,Male,0,Yes,No,18,Yes,Yes,DSL,Yes,Yes,No,Yes,No,Yes,Two year,No,Mailed check,84.42,1508.77,No
CUST-01384,Female,0,Yes,Yes,19,Yes,No,No,No internet service,No internet service,No internet service,No internet service,No internet service,No internet service,Month-to-month,No,Electronic check,38.61,642.02,No
CUST-01385,Male,0,Yes,Yes,19,Yes,No,Fiber optic,Yes,No,No,No,Yes,No,One year,No,Bank transfer (automatic),56.62,972.06,No
CUST-01386,Female,0,Yes,No,70,Yes,No,DSL,Yes,Yes,No,No,Yes,Yes,Month-to-month,Yes,Mailed check,115.1,8040.8,No
CUST-01387,Male,0,No,No,48,Yes,No,DSL,Yes,No,Yes,Yes,Yes,Yes,Month-to-month,Yes,Mailed check,102.6,4273.63,No
CUST-01388,Female,0,Yes,No,71,No,No phone service,DSL,No,Yes,No,No,No,No,Two year,No,Credit card (automatic),111.18,8142.7,No
CUST-01389,Male,0,Yes,No,71,Yes,No,DSL,No,Yes,No,No,Yes,Yes,Month-to-month,No,Mailed check,34.14,2216.16,No
CUST-01390,Male,0,No,No,28,Yes,Yes,No,No internet service,No internet service,No internet service,No internet service,No internet service,No internet service,Month-to-month,Yes,Electronic check,81.32,2087.5,No
CUST-01391,Female,0,No,No,19,Yes,Yes,Fiber optic,No,No,No,No,Yes,No,Month-to-month,No,Electronic check,49.61,845.4,Yes
CUST-01392,Female,1,Yes,No,48,Yes,Yes,Fiber optic,Yes,No,Yes,No,No,Yes,Month-to-month,Yes,Credit card (automatic),101.28,4979.5,No
CUST-01393,Female,0,Yes,No,29,Yes,No,No,No internet service,No internet service,No internet service,No internet service,No internet service,No internet service,Month-to-month,No,Credit card (automatic),64.36,1825.35,No
CUST-01394,Female,0,No,No,48,Yes,Yes,DSL,No,No,Yes,No,Yes,No,One year,Yes,Bank transfer (automatic),93.12,3838.76,No
CUST-01395,Male,0,Yes,No,19,Yes,No,Fiber optic,No,Yes,No,No,No,Yes,Two year,No,Bank transfer (automatic),49.8,977.52,Yes
CUST-01396,Female,0,Yes,Yes,47,Yes,No,Fiber optic,No,Yes,Yes,No,Yes,Yes,Two year,No,Mailed check,25.0,1217.67,No
CUST-01397,Male,1,Yes,No,60,No,No phone service,DSL,No,Yes,No,No,Yes,Yes,One year,Yes,Credit card (automatic),94.72,5456.2,No
CUST-01398,Male,0,Yes,Yes,48,Yes,Yes,Fiber optic,Yes,Yes,Yes,Yes,Yes,Yes,Two year,No,Mailed check,79.41,3480.04,No
CUST-01399,Female,0,No,No,20,Yes,Yes,Fiber optic,No,No,Yes,No,No,Yes,Month-to-month,Yes,Electronic check,106.39,1877.05,No
CUST-01400,Male,0,No,No,19,Yes,No,Fiber optic,Yes,No,Yes,No,No,No,Two year,No,Electronic check,29.79,510.68,Yes
CUST-01401,Male,0,No,No,42,Yes,Yes,Fiber optic,Yes,No,Yes,No,No,No,Month-to-month,No,Credit card (automatic),116.9,5033.93,No
CUST-01402,Male,0,No,Yes,49,Yes,No,Fiber optic,No,No,Yes,Yes,No,No,Month-to-month,Yes,Mailed check,111.13,4853.33,Yes
CUST-01403,Male,0,Yes,No,15,Yes,No,Fiber optic,Yes,No,Yes,Yes,No,Yes,One year,No,Credit card (automatic),84.56,1116.03,Yes
CUST-01404,Female,0,No,Yes,60,Yes,No,DSL,Yes,No,Yes,No,Yes,Yes,Two year,Yes,Mailed check,71.6,3932.87,No
CUST-01405,Female,0,Yes,No,68,Yes,Yes,DSL,No,Yes,Yes,Yes,No,No,Month-to-month,Yes,Credit card (automatic),58.71,3634.17,No
CUST-01406,Female,0,Yes,No,27,Yes,Yes,Fiber optic,Yes,No,No,No,No,Yes,Month-to-month,Yes,Mailed check,27.63,744.52,No
CUST-01407,Female,1,No,Yes,55,Yes,Yes,DSL,No,No,Yes,No,Yes,No,One year,Yes,Bank transfer (automatic),112.74,5746.94,No
CUST-01408,Male,0,No,No,15,Yes,Yes,No,No internet service,No internet service,No internet service,No internet service,No internet service,No internet service,One year,No,Electronic check,37.9,506.36,Yes
CUST-01409,Male,0,Yes,Yes,52,Yes,No,No,No internet service,No internet service,No internet service,No internet service,No internet service,No internet service,Two year,No,Mailed check,54.42,2486.87,No
CUST-01410,Female,0,No,No,31,Yes,No,Fiber optic,Yes,Yes,No,Yes,No,Yes,Month-to-month,No,Electronic check,36.95,1087.2,No
CUST-01411,Female,0,Yes,No,7,No,No phone service,No,No internet service,No internet service,No internet service,No internet service,No internet service,No internet service,One year,Yes,Bank transfer (automatic),44.65,324.9,No
CUST-01412,Female,0,Yes,Yes,13,Yes,No,Fiber optic,Yes,Yes,Yes,No,No,No,Month-to-month,No,Electronic check,58.04,703.92,Yes
CUST-01413,Male,0,Yes,Yes,54,Yes,Yes,DSL,No,No,No,Yes,No,Yes,Two year,Yes,Mailed check,89.07,4123.7,No
CUST-01414,Female,0,No,No,13,No,No phone service,Fiber optic,No,Yes,No,No,No,Yes,Month-to-month,Yes,Bank transfer (automatic),100.73,1184.72,No
CUST-01415,Female,1,No,No,20,Yes,No,Fiber optic,Yes,No,No,No,No,No,Month-to-month,Yes,Electronic check,23.94,438.43,Yes
CUST-01416,Female,0,No,Yes,10,Yes,Yes,DSL,Yes,Yes,No,Yes,No,No,One year,No,Electronic check,101.16,985.18,No
CUST-01417,Male,0,Yes,Yes,52,Yes,No,DSL,Yes,No,Yes,No,No,No,Month-to-month,Yes,Mailed check,98.9,5263.8,No
CUST-01418,Male,0,Yes,No,37,No,No phone service,DSL,No,Yes,No,Yes,No,No,Month-to-month,Yes,Bank transfer (automatic),31.76,1225.46,No
CUST-01419,Male,0,No,Yes,52,Yes,Yes,DSL,No,No,No,Yes,No,No,Month-to-month,Yes,Electronic check,45.99,2145.19,No
CUST-01420,Male,0,Yes,No,27,Yes,No,DSL,No,Yes,Yes,Yes,No,Yes,Month-to-month,Yes,Mailed check,26.58,732.54,No
CUST-01421,Male,0,Yes,No,34,Yes,Yes,Fiber optic,Yes,Yes,No,Yes,No,Yes,Month-to-month,Yes,Electronic check,67.4,1991.43,Yes
CUST-01422,Male,0,No,Yes,62,Yes,Yes,DSL,No,No,No,No,No,No,Two year,Yes,Bank transfer (automatic),116.81,6972.25,No
CUST-01423,Male,1,No,No,16,Yes,No,DSL,Yes,Yes,No,No,No,No,Month-to-month,No,Credit card (automatic),107.4,1579.48,No
CUST-01424,Male,0,Yes,No,59,Yes,Yes,DSL,Yes,No,No,No,Yes,No,Month-to-month,Yes,Credit card (automatic),107.15,5527.59,Yes
CUST-01425,Female,0,Yes,No,21,Yes,Yes,No,No internet service,No internet service,No internet service,No internet service,No internet service,No internet service,Month-to-month,No,Mailed check,30.98,578.32,No
CUST-01426,Female,0,Yes,No,16,Yes,No,Fiber optic,Yes,No,No,No,Yes,Yes,Two year,No,Mailed check,109.93,1589.57,No
CUST-01427,Male,0,No,No,13,Yes,Yes,Fiber optic,No,No,No,Yes,Yes,No,Month-to-month,No,Electronic check,20.05,258.94,Yes
CUST-01428,Male,0,No,No,33,Yes,Yes,Fiber optic,No,No,Yes,No,No,No,One year,No,Bank transfer (automatic),95.76,3312.14,Yes
CUST-01429,Female,0,No,Yes,54,Yes,Yes,Fiber optic,Yes,No,No,Yes,No,No,Month-to-month,No,Bank transfer (automatic),48.55,2245.23,Yes
CUST-01430,Male,0,Yes,No,69,Yes,Yes,Fiber optic,Yes,No,Yes,Yes,Yes,Yes,Two year,Yes,Mailed check,69.18,4820.24,No
CUST-01431,Male,0,Yes,No,27,Yes,Yes,DSL,No,No,No,No,No,No,One year,No,Bank transfer (automatic),92.85,2387.29,No
CUST-01432,Male,0,No,Yes,52,Yes,Yes,DSL,No,Yes,Yes,No,Yes,No,Month-to-month,No,Credit card (automatic),84.02,3815.16,No
CUST-01433,Female,0,No,No,65,Yes,No,DSL,No,No,Yes,No,Yes,No,Month-to-month,Yes,Electronic check,52.17,3039.92,Yes
CUST-01434,Female,0,No,No,44,No,No phone service,Fiber optic,No,No,No,No,Yes,No,Month-to-month,No,Credit card (automatic),101.39,4171.92,Yes
CUST-01435,Female,0,Yes,No,30,Yes,No,DSL,No,Yes,Yes,No,No,No,Two year,No,Bank transfer (automatic),84.52,2522.57,No
CUST-01436,Female,0,No,Yes,23,Yes,No,DSL,Yes,No,Yes,No,Yes,Yes,Month-to-month,Yes,Credit card (automatic),104.06,2149.66,Yes
CUST-01437,Female,0,No,No,16,Yes,No,Fiber optic,Yes,Yes,No,No,Yes,No,Month-to-month,Yes,Credit card (automatic),55.37,866.36,No
CUST-01438,Male,0,No,No,55,Yes,No,Fiber optic,No,No,Yes,No,No,No,Month-to-month,No,Credit card (automatic),29.97,1491.3,No
CUST-01439,Female,0,No,No,18,Yes,No,Fiber optic,No,No,No,No,No,Yes,Two year,Yes,Mailed check,55.94,1021.93,No
CUST-01440,Male,0,Yes,No,17,Yes,No,Fiber optic,No,No,No,No,No,No,Two year,Yes,Mailed check,68.44,1060.1,No
CUST-01441,Male,0,Yes,No,52,Yes,Yes,No,No internet service,No internet service,No internet service,No internet service,No internet service,No internet service,Month-to-month,No,Bank transfer (automatic),32.69,1724.53,No
CUST-01442,Female,0,Yes,No,45,Yes,Yes,No,No internet service,No internet service,No internet service,No internet service,No internet service,No internet service,Month-to-month,No,Bank transfer (automatic),75.29,3097.82,No
CUST-01443,Female,0,No,Yes,56,Yes,No,No,No internet service,No internet service,No internet service,No internet service,No internet service,No internet service,One year,No,Electronic check,85.46,4592.94,No
CUST-01444,Male,0,No,No,54,Yes,No,No,No internet service,No internet service,No internet service,No internet service,No internet service,No internet service,Month-to-month,No,Credit card (automatic),18.26,994.11,Yes
CUST-01445,Male,0,No,Yes,9,Yes,No,DSL,No,Yes,Yes,No,Yes,Yes,Month-to-month,Yes,Credit card (automatic),74.61,583.68,Yes
CUST-01446,Male,0,Yes,No,17,No,No phone service,Fiber optic,No,No,Yes,No,Yes,No,Month-to-month,No,Electronic check,31.05,466.34,Yes
CUST-01447,Female,0,No,No,27,Yes,Yes,DSL,Yes,No,No,No,No,Yes,Month-to-month,Yes,Credit card (automatic),32.54,914.88,Yes
CUST-01448,Female,0,No,Yes,37,Yes,No,Fiber optic,No,No,Yes,Yes,No,No,Month-to-month,Yes,Credit card (automatic),56.44,1850.83,No
CUST-01449,Female,0,Yes,No,22,Yes,No,Fiber optic,Yes,Yes,Yes,No,No,No,Month-to-month,Yes,Mailed check,27.47,622.13,Yes
CUST-01450,Female,0,No,No,72,Yes,No,DSL,Yes,No,Yes,Yes,Yes,Yes,Month-to-month,Yes,Credit card (automatic),76.35,5237.69,No
CUST-01451,Female,1,Yes,Yes,67,Yes,No,No,No internet service,No internet service,No internet service,No internet service,No internet service,No internet service,Month-to-month,Yes,Electronic check,93.19,5442.72,No
CUST-01452,Male,0,Yes,Yes,38,Yes,No,DSL,Yes,No,No,No,No,Yes,One year,Yes,Electronic check,51.3,1842.94,No
CUST-01453,Female,0,Yes,Yes,72,No,No phone service,Fiber optic,No,Yes,No,No,Yes,No,Month-to-month,No,Credit card (automatic),113.37,7853.28,No
CUST-01454,Male,0,No,Yes,44,Yes,Yes,Fiber optic,No,No,No,No,No,No,Month-to-month,Yes,Mailed check,90.5,3507.73,Yes
CUST-01455,Male,0,No,No,36,No,No phone service,DSL,No,No,No,No,No,No,Month-to-month,No,Electronic check,118.88,4292.27,Yes
CUST-01456,Male,0,Yes,No,25,Yes,Yes,Fiber optic,No,No,No,Yes,Yes,Yes,Month-to-month,Yes,Credit card (automatic),79.89,1744.23,No
CUST-01457,Female,0,No,Yes,42,Yes,No,DSL,No,Yes,No,Yes,No,No,Month-to-month,Yes,Mailed check,65.0,2376.77,Yes
CUST-01458,Female,0,No,No,13,Yes,Yes,No,No internet service,No internet service,No internet service,No internet service,No internet service,No internet service,One year,No,Electronic check,95.93,1203.01,No
CUST-01459,Female,0,No,No,56,Yes,Yes,No,No internet service,No internet service,No internet service,No internet service,No internet service,No internet service,Month-to-month,Yes,Mailed check,58.25,3316.64,No
CUST-01460,Male,0,Yes,No,51,Yes,No,Fiber optic,Yes,Yes,Yes,No,Yes,No,One year,No,Mailed check,18.08,897.12,No
CUST-01461,Male,0,No,Yes,50,Yes,No,No,No internet service,No internet service,No internet service,No internet service,No internet service,No internet service,Month-to-month,No,Credit card (automatic),39.73,1706.97,No
CUST-01462,Male,0,No,No,52,Yes,No,DSL,Yes,No,No,No,No,Yes,Two year,No,Mailed check,38.99,1900.69,No
CUST-01463,Male,0,Yes,No,33,Yes,No,Fiber optic,No,Yes,Yes,No,No,No,Month-to-month,Yes,Bank transfer (automatic),67.89,2227.83,Yes
CUST-01464,Male,0,Yes,No,25,Yes,No,DSL,Yes,Yes,No,Yes,No,Yes,Month-to-month,Yes,Mailed check,90.59,2044.44,No
CUST-01465,Male,1,No,No,58,Yes,Yes,Fiber optic,Yes,Yes,No,Yes,No,Yes,Two year,Yes,Electronic check,74.8,4291.97,No
CUST-01466,Female,1,Yes,Yes,40,Yes,Yes,DSL,No,No,Yes,No,No,Yes,One year,Yes,Electronic check,28.52,1059.58,No
CUST-01467,Female,0,No,No,38,Yes,No,Fiber optic,Yes,No,Yes,No,Yes,Yes,Month-to-month,Yes,Electronic check,44.57,1766.83,Yes
CUST-01468,Female,0,Yes,No,3,Yes,No,Fiber optic,No,No,Yes,No,No,Yes,Month-to-month,No,Bank transfer (automatic),31.93,90.7,Yes
CUST-01469,Female,1,No,No,16,Yes,Yes,DSL,No,No,Yes,Yes,No,Yes,Month-to-month,Yes,Electronic check,26.11,426.09,No
CUST-01470,Male,0,Yes,No,2,Yes,Yes,DSL,Yes,Yes,No,Yes,No,Yes,One year,Yes,Electronic check,33.98,62.5,No
CUST-01471,Male,0,Yes,No,23,Yes,Yes,DSL,No,Yes,No,Yes,Yes,No,One year,Yes,Electronic check,71.02,1630.15,Yes
CUST-01472,Female,1,Yes,No,30,Yes,No,Fiber optic,Yes,No,No,No,No,No,One year,No,Mailed check,95.09,2610.99,No
CUST-01473,Male,0,No,No,10,Yes,No,DSL,No,No,Yes,No,No,Yes,Two year,No,Bank transfer (automatic),58.49,530.46,No
CUST-01474,Female,0,No,Yes,65,Yes,No,DSL,No,Yes,No,No,No,Yes,Month-to-month,Yes,Mailed check,38.48,2213.81,No
CUST-01475,Female,0,Yes,No,22,No,No phone service,Fiber optic,Yes,Yes,No,No,No,Yes,One year,No,Bank transfer (automatic),61.89,1331.76,No
CUST-01476,Female,0,Yes,No,52,Yes,Yes,DSL,Yes,No,No,Yes,Yes,No,Month-to-month,No,Credit card (automatic),51.65,2540.11,No
CUST-01477,Male,1,No,No,56,No,No phone service,Fiber optic,No,Yes,Yes,No,Yes,Yes,Two year,Yes,Mailed check,22.56,1164.99,No
CUST-01478,Female,0,Yes,No,33,Yes,No,Fiber optic,No,No,No,Yes,No,No,Month-to-month,No,Credit card (automatic),112.1,3185.44,No
CUST-01479,Female,0,No,No,30,Yes,Yes,Fiber optic,No,Yes,Yes,No,No,Yes,Month-to-month,Yes,Mailed check,19.08,562.01,Yes
CUST-01480,Female,0,Yes,No,24,Yes,No,Fiber optic,Yes,Yes,Yes,Yes,Yes,No,Two year,Yes,Bank transfer (automatic),22.2,525.94,No
CUST-01481,Male,0,No,No,5,Yes,Yes,DSL,No,Yes,Yes,Yes,Yes,No,One year,Yes,Bank transfer (automatic),48.64,222.29,Yes
CUST-01482,Male,0,No,Yes,53,Yes,No,DSL,Yes,Yes,No,Yes,Yes,Yes,One year,Yes,Credit card (automatic),97.23,5059.8,No
CUST-01483,Female,0,No,Yes,55,Yes,No,Fiber optic,No,Yes,Yes,No,No,Yes,Month-to-month,No,Electronic check,67.86,3829.47,Yes
CUST-01484,Male,1,No,Yes,23,No,No phone service,DSL,Yes,Yes,No,Yes,Yes,No,Month-to-month,Yes,Electronic check,70.15,1483.65,No
CUST-01485,Male,0,Yes,No,10,Yes,Yes,No,No internet service,No internet service,No internet service,No internet service,No internet service,No internet service,One year,Yes,Mailed check,80.94,804.5,No
CUST-01486,Male,0,Yes,Yes,33,Yes,Yes,Fiber optic,No,Yes,No,Yes,Yes,Yes,Two year,No,Electronic check,22.1,743.24,Yes
CUST-01487,Male,0,No,No,62,Yes,Yes,Fiber optic,Yes,Yes,Yes,No,No,Yes,Month-to-month,No,Mailed check,115.8,6731.19,Yes
CUST-01488,Male,0,No,Yes,27,Yes,Yes,DSL,No,Yes,No,Yes,Yes,No,Month-to-month,Yes,Credit card (automatic),74.05,1761.0,No
CUST-01489,Male,0,No,No,7,Yes,No,No,No internet service,No internet service,No internet service,No internet service,No internet service,No internet service,Month-to-month,Yes,Electronic check,102.01,612.57,Yes
CUST-01490,Male,0,No,No,27,Yes,No,Fiber optic,No,No,No,Yes,Yes,Yes,Two year,No,Mailed check,61.77,1664.4,Yes
CUST-01491,Male,0,No,No,10,Yes,No,Fiber optic,Yes,Yes,Yes,No,No,Yes,Two year,No,Bank transfer (automatic),62.45,596.12,No
CUST-01492,Male,0,Yes,No,57,Yes,Yes,Fiber optic,Yes,Yes,Yes,No,No,Yes,Month-to-month,No,Bank transfer (automatic),35.17,1774.49,No
CUST-01493,Male,0,Yes,No,30,Yes,No,Fiber optic,No,Yes,Yes,No,No,No,Month-to-month,Yes,Electronic check,54.72,1399.26,Yes
CUST-01494,Female,0,Yes,No,3,Yes,Yes,Fiber optic,Yes,No,Yes,No,Yes,No,Month-to-month,Yes,Bank transfer (automatic),36.86,103.43,No
CUST-01495,Female,0,Yes,No,29,Yes,Yes,Fiber optic,No,Yes,No,Yes,No,Yes,Month-to-month,No,Credit card (automatic),111.1,3015.32,Yes
CUST-01496,Male,0,No,No,14,Yes,Yes,Fiber optic,No,Yes,Yes,Yes,Yes,No,One year,Yes,Bank transfer (automatic),51.5,753.1,No
CUST-01497,Female,0,Yes,No,25,Yes,No,DSL,No,No,Yes,No,Yes,Yes,Month-to-month,No,Electronic check,58.75,1289.49,Yes
CUST-01498,Female,0,Yes,No,10,No,No phone service,DSL,Yes,Yes,Yes,Yes,No,No,One year,Yes,Mailed check,31.69,281.19,No
CUST-01499,Male,1,Yes,No,49,Yes,Yes,DSL,No,No,No,Yes,No,No,One year,No,Electronic check,119.2,6078.39,No
CUST-01500,Male,0,Yes,No,38,Yes,No,DSL,No,No,No,No,Yes,No,One year,No,Mailed check,76.29,2517.91,No
CUST-01501,Male,0,Yes,Yes,71,Yes,No,DSL,No,No,No,Yes,No,No,Month-to-month,Yes,Credit card (automatic),76.6,5511.38,Yes
CUST-01502,Female,0,No,Yes,14,Yes,Yes,No,No internet service,No internet service,No internet service,No internet service,No internet service,No internet service,One year,No,Electronic check,32.84,467.02,No
CUST-01503,Female,0,Yes,No,30,Yes,Yes,Fiber optic,Yes,Yes,No,No,Yes,No,Month-to-month,Yes,Mailed check,87.28,2340.98,Yes
CUST-01504,Male,0,No,No,40,No,No phone service,No,No internet service,No internet service,No internet service,No internet service,No internet service,No internet service,Month-to-month,Yes,Bank transfer (automatic),87.47,3227.12,No
CUST-01505,Male,0,No,No,12,Yes,No,DSL,No,Yes,Yes,No,No,Yes,Two year,No,Mailed check,110.23,1365.57,No
CUST-01506,Male,0,No,No,14,Yes,Yes,Fiber optic,Yes,No,No,Yes,No,No,One year,No,Bank transfer (automatic),46.93,642.2,No
CUST-01507,Female,0,Yes,No,1,Yes,No,Fiber optic,No,Yes,Yes,Yes,No,Yes,Two year,No,Electronic check,106.72,108.65,No
CUST-01508,Female,0,Yes,No,68,Yes,No,Fiber optic,Yes,Yes,No,No,Yes,No,Month-to-month,Yes,Credit card (automatic),63.25,4361.62,Yes
CUST-01509,Female,0,Yes,No,49,Yes,No,Fiber optic,No,No,No,Yes,Yes,Yes,One year,No,Credit card (automatic),40.97,1913.51,No
CUST-01510,Female,0,Yes,No,18,Yes,Yes,Fiber optic,No,No,Yes,No,Yes,Yes,Month-to-month,Yes,Mailed check,85.4,1326.33,No
CUST-01511,Male,0,No,No,36,Yes,Yes,Fiber optic,No,Yes,No,No,No,No,Month-to-month,Yes,Electronic check,21.33,735.5,Yes
CUST-01512,Male,0,No,Yes,64,Yes,Yes,Fiber optic,No,No,Yes,Yes,Yes,Yes,Month-to-month,Yes,Credit card (automatic),105.52,5777.68,No
CUST-01513,Male,0,No,Yes,28,Yes,No,Fiber optic,Yes,No,Yes,No,Yes,No,Month-to-month,No,Mailed check,24.67,632.29,Yes
CUST-01514,Male,0,Yes,No,32,No,No phone service,No,No internet service,No internet service,No internet service,No internet service,No internet service,No internet service,One year,No,Mailed check,58.67,1643.72,No
CUST-01515,Female,0,No,No,72,Yes,Yes,No,No internet service,No internet service,No internet service,No internet service,No internet service,No internet service,One year,No,Electronic check,32.62,2193.86,No
CUST-01516,Female,1,Yes,No,25,Yes,No,Fiber optic,Yes,No,No,No,Yes,No,Month-to-month,Yes,Electronic check,66.0,1433.15,Yes
CUST-01517,Male,0,No,No,47,Yes,No,DSL,Yes,No,Yes,No,Yes,No,Month-to-month,Yes,Electronic check,115.66,5057.35,No
CUST-01518,Male,0,No,No,20,Yes,No,DSL,No,No,No,Yes,No,No,Month-to-month,No,Electronic check,32.55,557.75,No
CUST-01519,Female,0,Yes,No,33,Yes,No,DSL,Yes,No,Yes,Yes,No,No,Month-to-month,No,Credit card (automatic),28.97,873.31,No
CUST-01520,Male,0,Yes,Yes,30,Yes,Yes,DSL,No,Yes,No,Yes,No,Yes,Month-to-month,Yes,Credit card (automatic),38.19,1064.97,No
CUST-01521,Female,0,No,No,37,Yes,Yes,Fiber optic,Yes,Yes,No,No,Yes,No,One year,No,Mailed check,113.72,3757.38,No
CUST-01522,Male,0,Yes,No,53,No,No phone service,DSL,No,No,No,No,Yes,Yes,Month-to-month,Yes,Electronic check,46.68,2577.7,Yes
CUST-01523,Male,0,Yes,Yes,69,Yes,Yes,Fiber optic,No,Yes,No,Yes,Yes,No,Month-to-month,Yes,Electronic check,79.92,5007.85,No
CUST-01524,Male,0,Yes,No,8,Yes,Yes,DSL,Yes,No,Yes,Yes,No,No,Month-to-month,Yes,Mailed check,47.44,368.89,No
CUST-01525,Male,0,Yes,No,1,Yes,No,Fiber optic,No,Yes,Yes,Yes,No,No,One year,No,Credit card (automatic),91.4,82.79,No
CUST-01526,Male,0,No,No,7,Yes,No,DSL,No,No,No,No,Yes,No,Month-to-month,No,Credit card (automatic),82.38,581.94,No
CUST-01527,Male,0,No,No,62,Yes,No,No,No internet service,No internet service,No internet service,No internet service,No internet service,No internet service,One year,Yes,Credit card (automatic),115.88,7091.5,No
CUST-01528,Male,0,No,No,58,Yes,Yes,Fiber optic,No,Yes,No,Yes,No,No,Month-to-month,Yes,Electronic check,51.54,3011.51,Yes
CUST-01529,Female,0,Yes,No,8,Yes,Yes,Fiber optic,Yes,No,Yes,Yes,No,No,Month-to-month,Yes,Electronic check,49.88,352.21,Yes
CUST-01530,Female,0,No,No,64,Yes,Yes,No,No internet service,No internet service,No internet service,No internet service,No internet service,No internet service,Month-to-month,Yes,Electronic check,97.48,5741.05,Yes
CUST-01531,Female,0,No,Yes,8,Yes,Yes,DSL,No,No,No,Yes,Yes,Yes,Two year,Yes,Electronic check,34.14,243.21,No
CUST-01532,Female,0,Yes,No,3,Yes,Yes,No,No internet service,No internet service,No internet service,No internet service,No internet service,No internet service,Month-to-month,Yes,Electronic check,92.27,274.33,Yes
CUST-01533,Female,0,Yes,No,58,Yes,Yes,Fiber optic,Yes,No,No,No,Yes,Yes,Two year,No,Electronic check,96.76,5532.47,No
CUST-01534,Male,0,No,No,32,Yes,No,DSL,No,No,Yes,No,Yes,Yes,Month-to-month,Yes,Mailed check,105.56,3530.09,No
CUST-01535,Male,1,Yes,No,68,Yes,No,DSL,No,Yes,Yes,Yes,Yes,Yes,One year,Yes,Electronic check,88.36,6191.46,No
CUST-01536,Female,0,Yes,No,49,Yes,No,DSL,No,Yes,Yes,No,Yes,No,One year,No,Electronic check,35.04,1781.1,No
CUST-01537,Male,0,Yes,Yes,38,Yes,No,No,No internet service,No internet service,No internet service,No internet service,No internet service,No internet service,Two year,No,Mailed check,52.27,1918.52,No
CUST-01538,Female,0,Yes,No,2,Yes,Yes,Fiber optic,No,No,Yes,No,Yes,No,Month-to-month,No,Electronic check,23.7,41.7,Yes
CUST-01539,Female,0,Yes,No,9,Yes,No,DSL,Yes,Yes,No,Yes,No,No,Month-to-month,Yes,Electronic check,94.78,884.28,No
CUST-01540,Male,1,Yes,No,46,Yes,No,Fiber optic,No,No,No,No,Yes,Yes,Month-to-month,Yes,Bank transfer (automatic),88.5,4171.32,Yes
CUST-01541,Male,0,No,No,65,No,No phone service,DSL,Yes,No,No,No,No,No,Month-to-month,No,Electronic check,70.52,4275.52,No
CUST-01542,Male,0,Yes,No,49,Yes,No,DSL,No,Yes,Yes,No,No,No,Month-to-month,Yes,Bank transfer (automatic),117.83,5546.22,Yes
CUST-01543,Female,0,No,No,29,Yes,Yes,No,No internet service,No internet service,No internet service,No internet service,No internet service,No internet service,Month-to-month,Yes,Credit card (automatic),50.62,1276.71,No
CUST-01544,Male,0,Yes,No,29,Yes,Yes,Fiber optic,No,No,No,No,Yes,No,Month-to-month,Yes,Credit card (automatic),108.83,2916.33,Yes
CUST-01545,Female,1,No,No,33,Yes,Yes,Fiber optic,No,No,Yes,No,Yes,No,Month-to-month,Yes,Electronic check,36.54,1218.79,Yes
CUST-01546,Female,0,No,No,28,Yes,No,No,No internet service,No internet service,No internet service,No internet service,No internet service,No internet service,One year,Yes,Bank transfer (automatic),115.42,3378.41,No
CUST-01547,Female,1,No,No,26,Yes,No,Fiber optic,No,Yes,No,No,No,No,Month-to-month,Yes,Electronic check,47.46,1168.51,No
CUST-01548,Male,0,No,No,29,Yes,Yes,DSL,No,No,No,No,Yes,Yes,One year,Yes,Mailed check,100.24,2635.74,No
CUST-01549,Male,0,No,Yes,11,Yes,No,DSL,No,Yes,Yes,No,Yes,Yes,One year,Yes,Mailed check,29.45,325.53,No
CUST-01550,Female,0,No,No,34,Yes,No,Fiber optic,Yes,No,No,Yes,Yes,Yes,Month-to-month,Yes,Electronic check,59.74,2073.64,Yes
CUST-01551,Male,0,Yes,Yes,48,No,No phone service,Fiber optic,No,Yes,Yes,Yes,No,No,Month-to-month,No,Bank transfer (automatic),116.52,5465.5,Yes
CUST-01552,Male,0,Yes,Yes,27,Yes,No,DSL,Yes,No,No,No,No,No,Month-to-month,No,Credit card (automatic),49.75,1271.41,Yes
CUST-01553,Male,0,No,No,72,Yes,No,Fiber optic,No,No,Yes,No,No,Yes,Month-to-month,No,Electronic check,97.62,7230.33,No
CUST-01554,Female,0,Yes,Yes,40,Yes,No,No,No internet service,No internet service,No internet service,No internet service,No internet service,No internet service,One year,No,Electronic check,67.41,2656.59,No
CUST-01555,Female,0,No,No,31,Yes,No,Fiber optic,No,Yes,Yes,Yes,No,Yes,Month-to-month,Yes,Electronic check,79.74,2101.64,Yes
CUST-01556,Male,0,No,Yes,65,Yes,No,No,No internet service,No internet service,No internet service,No internet service,No internet service,No internet service,Month-to-month,Yes,Bank transfer (automatic),79.05,5366.29,No
CUST-01557,Female,0,Yes,No,39,Yes,No,DSL,Yes,Yes,No,Yes,Yes,Yes,One year,No,Electronic check,76.16,2948.65,No
CUST-01558,Male,0,No,Yes,24,Yes,No,DSL,No,Yes,No,No,Yes,Yes,Two year,No,Electronic check,67.3,1528.83,No
CUST-01559,Male,0,Yes,Yes,68,Yes,No,Fiber optic,Yes,Yes,Yes,Yes,Yes,Yes,Two year,No,Electronic check,37.44,2171.81,No
CUST-01560,Male,0,Yes,No,23,Yes,No,DSL,No,No,No,No,No,No,Two year,No,Mailed check,19.25,380.36,No
CUST-01561,Male,0,No,No,61,Yes,No,DSL,No,No,No,No,Yes,Yes,Two year,Yes,Electronic check,87.09,5544.12,Yes
CUST-01562,Female,1,Yes,No,27,Yes,Yes,DSL,Yes,No,No,No,No,No,Month-to-month,No,Credit card (automatic),90.01,2452.7,No
CUST-01563,Female,0,No,Yes,16,Yes,Yes,Fiber optic,No,No,No,Yes,Yes,No,Two year,Yes,Mailed check,96.93,1348.3,No
CUST-01564,Female,0,No,No,45,Yes,Yes,DSL,No,No,No,Yes,Yes,Yes,Month-to-month,No,Mailed check,112.95,5080.76,No
CUST-01565,Male,0,Yes,No,27,Yes,Yes,DSL,No,Yes,No,No,No,Yes,Two year,Yes,Electronic check,34.58,825.87,No
CUST-01566,Male,0,No,Yes,5,Yes,No,DSL,Yes,No,No,Yes,No,Yes,One year,No,Bank transfer (automatic),108.83,504.76,No
CUST-01567,Male,1,No,No,59,Yes,Yes,Fiber optic,Yes,No,Yes,No,Yes,Yes,Two year,No,Bank transfer (automatic),42.06,2360.52,Yes
CUST-01568,Female,0,Yes,No,72,Yes,Yes,Fiber optic,No,No,No,No,No,No,Two year,No,Electronic check,73.3,5440.23,No
CUST-01569,Male,0,Yes,No,35,Yes,Yes,DSL,Yes,No,No,Yes,No,No,Two year,Yes,Bank transfer (automatic),44.45,1338.58,No
CUST-01570,Female,0,No,No,70,Yes,Yes,Fiber optic,Yes,No,No,No,Yes,No,Two year,Yes,Electronic check,32.17,1974.63,No
CUST-01571,Female,0,No,No,46,Yes,Yes,Fiber optic,Yes,Yes,No,No,No,No,Month-to-month,No,Credit card (automatic),23.24,1073.74,No
CUST-01572,Female,0,Yes,No,56,No,No phone service,Fiber optic,No,Yes,No,Yes,Yes,No,Two year,No,Mailed check,53.05,3117.03,No
CUST-01573,Female,0,Yes,No,24,Yes,Yes,DSL,No,No,No,No,No,No,Month-to-month,Yes,Mailed check,117.08,2824.71,No
CUST-01574,Female,0,No,No,10,Yes,No,Fiber optic,Yes,No,Yes,No,No,Yes,Month-to-month,Yes,Bank transfer (automatic),66.2,665.66,Yes
CUST-01575,Female,1,No,No,38,Yes,No,No,No internet service,No internet service,No internet service,No internet service,No internet service,No internet service,Month-to-month,Yes,Bank transfer (automatic),21.83,793.04,No
CUST-01576,Male,0,Yes,No,70,Yes,No,DSL,No,Yes,Yes,No,Yes,Yes,Month-to-month,No,Mailed check,86.81,5583.81,Yes
CUST-01577,Male,0,No,No,48,Yes,No,DSL,Yes,Yes,No,No,No,Yes,One year,No,Electronic check,38.58,1626.46,No
CUST-01578,Female,0,Yes,No,9,Yes,Yes,DSL,No,Yes,Yes,No,No,No,Month-to-month,No,Credit card (automatic),23.96,191.15,Yes
CUST-01579,Female,0,No,No,50,Yes,No,Fiber optic,Yes,Yes,Yes,Yes,No,No,Month-to-month,Yes,Mailed check,98.84,4638.94,No
CUST-01580,Male,1,Yes,Yes,69,Yes,No,Fiber optic,Yes,No,Yes,No,No,No,One year,No,Mailed check,63.51,4569.4,Yes
CUST-01581,Female,0,Yes,No,48,Yes,No,DSL,Yes,No,No,Yes,No,No,One year,Yes,Electronic check,117.67,5486.86,No
CUST-01582,Female,0,Yes,No,39,Yes,Yes,DSL,Yes,No,Yes,No,Yes,Yes,Month-to-month,No,Credit card (automatic),90.91,3627.89,No
CUST-01583,Male,0,No,No,5,Yes,No,No,No internet service,No internet service,No internet service,No internet service,No internet service,No internet service,Month-to-month,No,Mailed check,47.44,213.21,Yes
CUST-01584,Female,0,No,No,11,Yes,Yes,Fiber optic,No,Yes,No,No,No,No,Month-to-month,No,Mailed check,118.1,1206.28,Yes
CUST-01585,Female,1,No,No,60,Yes,Yes,No,No internet service,No internet service,No internet service,No internet service,No internet service,No internet service,Two year,No,Credit card (automatic),106.82,6385.34,No
CUST-01586,Female,0,No,No,27,Yes,No,No,No internet service,No internet service,No internet service,No internet service,No internet service,No internet service,Two year,Yes,Mailed check,50.24,1171.56,No
CUST-01587,Male,0,Yes,No,7,Yes,No,Fiber optic,Yes,No,Yes,No,Yes,Yes,One year,No,Electronic check,47.63,301.77,No
CUST-01588,Male,1,No,No,60,Yes,No,DSL,No,Yes,No,Yes,No,Yes,Month-to-month,Yes,Electronic check,69.25,4000.79,No
CUST-01589,Male,1,Yes,No,50,Yes,No,Fiber optic,No,Yes,Yes,Yes,No,Yes,Month-to-month,No,Bank transfer (automatic),73.26,3626.06,No
CUST-01590,Female,0,No,Yes,67,Yes,Yes,Fiber optic,Yes,No,No,Yes,No,Yes,Two year,Yes,Electronic check,77.02,4836.1,No
CUST-01591,Female,0,Yes,No,69,Yes,No,Fiber optic,Yes,Yes,Yes,No,No,No,Two year,No,Electronic check,40.19,2837.75,No
CUST-01592,Male,0,Yes,No,55,Yes,Yes,Fiber optic,Yes,Yes,No,No,No,No,Month-to-month,No,Mailed check,23.58,1253.95,No
CUST-01593,Female,0,No,No,16,Yes,Yes,No,No internet service,No internet service,No internet service,No internet service,No internet service,No internet service,One year,No,Mailed check,73.24,1148.7,No
CUST-01594,Female,1,No,No,12,No,No phone service,DSL,No,No,No,No,No,No,Two year,Yes,Mailed check,79.85,866.33,No
CUST-01595,Female,0,No,Yes,27,Yes,Yes,DSL,No,No,Yes,No,No,Yes,Month-to-month,Yes,Electronic check,115.71,2860.39,No
CUST-01596,Female,0,No,No,33,Yes,No,Fiber optic,No,No,No,No,No,No,One year,No,Electronic check,73.45,2079.9,No
CUST-01597,Female,0,Yes,No,55,Yes,Yes,No,No internet service,No internet service,No internet service,No internet service,No internet service,No internet service,Two year,Yes,Bank transfer (automatic),33.94,1614.71,No
CUST-01598,Male,0,No,No,52,No,No phone service,No,No internet service,No internet service,No internet service,No internet service,No internet service,No internet service,Two year,No,Bank transfer (automatic),49.34,2675.35,No
CUST-01599,Female,0,Yes,Yes,37,Yes,No,Fiber optic,Yes,Yes,No,Yes,Yes,Yes,Month-to-month,No,Electronic check,23.3,827.71,Yes
CUST-01600,Male,0,No,No,15,Yes,No,DSL,No,No,Yes,No,Yes,Yes,Two year,Yes,Electronic check,19.57,256.66,No
CUST-01601,Female,0,No,Yes,65,No,No phone service,Fiber optic,Yes,No,Yes,Yes,No,Yes,Month-to-month,No,Credit card (automatic),66.75,3958.14,Yes
CUST-01602,Male,0,Yes,No,68,Yes,No,No,No internet service,No internet service,No internet service,No internet service,No internet service,No internet service,Month-to-month,No,Electronic check,85.52,5680.79,Yes
CUST-01603,Female,0,Yes,No,3,Yes,Yes,Fiber optic,No,No,No,No,Yes,Yes,Month-to-month,Yes,Bank transfer (automatic),115.04,352.6,Yes
CUST-01604,Male,0,Yes,Yes,72,Yes,Yes,Fiber optic,Yes,Yes,No,No,Yes,Yes,Month-to-month,No,Bank transfer (automatic),82.62,5134.64,Yes
CUST-01605,Female,0,Yes,No,5,Yes,Yes,DSL,Yes,Yes,Yes,Yes,No,No,Two year,No,Credit card (automatic),36.47,171.55,No
CUST-01606,Male,0,Yes,No,9,Yes,Yes,DSL,Yes,Yes,No,No,No,Yes,Month-to-month,Yes,Electronic check,110.54,859.27,No
CUST-01607,Female,0,Yes,No,1,Yes,Yes,Fiber optic,Yes,Yes,No,No,Yes,No,Two year,No,Electronic check,107.75,101.55,Yes
CUST-01608,Male,0,Yes,No,30,Yes,Yes,No,No internet service,No internet service,No internet service,No internet service,No internet service,No internet service,Two year,No,Credit card (automatic),59.58,1777.4,No
CUST-01609,Female,0,No,No,71,No,No phone service,No,No internet service,No internet service,No internet service,No internet service,No internet service,No internet service,Month-to-month,Yes,Mailed check,71.29,5085.46,No
CUST-01610,Male,0,No,No,20,Yes,No,No,No internet service,No internet service,No internet service,No internet service,No internet service,No internet service,Month-to-month,No,Mailed check,68.94,1247.67,Yes
CUST-01611,Male,0,Yes,No,27,Yes,Yes,Fiber optic,Yes,No,Yes,No,No,Yes,One year,Yes,Electronic check,62.91,1534.59,No
CUST-01612,Female,1,Yes,No,63,Yes,Yes,Fiber optic,Yes,Yes,No,No,No,No,One year,No,Electronic check,51.64,3408.24,No
CUST-01613,Female,0,Yes,No,31,Yes,Yes,No,No internet service,No internet service,No internet service,No internet service,No internet service,No internet service,Month-to-month,No,Electronic check,118.66,3212.43,Yes
CUST-01614,Male,0,No,Yes,19,Yes,Yes,DSL,Yes,No,Yes,No,No,Yes,Month-to-month,No,Bank transfer (automatic),110.64,2058.17,Yes
CUST-01615,Female,1,No,No,62,Yes,Yes,No,No internet service,No internet service,No internet service,No internet service,No internet service,No internet service,One year,Yes,Electronic check,52.01,3215.88,No
CUST-01616,Male,0,No,No,7,No,No phone service,Fiber optic,No,Yes,Yes,Yes,Yes,No,One year,Yes,Electronic check,80.65,567.2,Yes
CUST-01617,Male,0,No,No,37,Yes,No,No,No internet service,No internet service,No internet service,No internet service,No internet service,No internet service,Two year,Yes,Electronic check,26.71,971.68,No
CUST-01618,Male,0,No,Yes,71,No,No phone service,Fiber optic,No,Yes,No,Yes,Yes,Yes,Month-to-month,Yes,Bank transfer (automatic),94.02,6228.56,No
CUST-01619,Female,1,No,No,8,No,No phone service,DSL,Yes,No,Yes,No,Yes,No,Month-to-month,No,Mailed check,104.06,727.31,No
CUST-01620,Male,0,Yes,Yes,57,No,No phone service,DSL,No,Yes,Yes,Yes,No,Yes,Two year,No,Electronic check,65.62,3606.77,No
CUST-01621,Male,0,No,No,28,Yes,No,Fiber optic,No,Yes,No,No,Yes,Yes,Two year,No,Mailed check,25.75,697.81,No
CUST-01622,Female,0,No,No,17,Yes,Yes,DSL,No,No,No,Yes,Yes,Yes,Month-to-month,No,Electronic check,77.4,1290.13,No
CUST-01623,Female,0,No,No,11,Yes,Yes,Fiber optic,No,No,No,No,No,Yes,One year,Yes,Mailed check,23.6,268.82,No
CUST-01624,Female,0,No,No,15,Yes,Yes,Fiber optic,Yes,No,Yes,No,Yes,Yes,Month-to-month,No,Credit card (automatic),101.23,1424.01,No
CUST-01625,Female,0,Yes,No,30,Yes,Yes,Fiber optic,No,No,No,No,No,Yes,Month-to-month,No,Electronic check,77.67,2427.3,Yes
CUST-01626,Male,0,No,No,6,No,No phone service,DSL,Yes,Yes,Yes,Yes,Yes,No,Month-to-month,No,Electronic check,106.83,572.38,No
CUST-01627,Male,0,Yes,Yes,12,Yes,Yes,No,No internet service,No internet service,No internet service,No internet service,No internet service,No internet service,Month-to-month,Yes,Credit card (automatic),56.65,612.44,No
CUST-01628,Male,0,Yes,No,61,Yes,No,Fiber optic,Yes,Yes,No,Yes,No,Yes,One year,Yes,Bank transfer (automatic),43.52,2323.54,No
CUST-01629,Male,0,Yes,No,36,Yes,Yes,No,No internet service,No internet service,No internet service,No internet service,No internet service,No internet service,Month-to-month,Yes,Electronic check,113.75,3542.27,No
CUST-01630,Female,1,No,No,35,Yes,No,DSL,No,No,No,No,Yes,No,Two year,Yes,Electronic check,109.88,3625.78,Yes
CUST-01631,Male,0,No,No,67,Yes,No,No,No internet service,No internet service,No internet service,No internet service,No internet service,No internet service,Month-to-month,Yes,Credit card (automatic),24.73,1618.64,No
CUST-01632,Male,0,No,No,63,Yes,Yes,DSL,No,Yes,Yes,Yes,Yes,No,Month-to-month,Yes,Electronic check,106.06,6204.49,Yes
CUST-01633,Female,0,No,No,40,Yes,No,Fiber optic,Yes,No,No,No,No,Yes,Month-to-month,No,Mailed check,112.66,4327.96,No
CUST-01634,Male,0,Yes,Yes,31,Yes,No,Fiber optic,No,Yes,No,No,No,No,Month-to-month,Yes,Electronic check,64.23,1852.31,Yes
CUST-01635,Male,0,No,No,37,Yes,No,No,No internet service,No internet service,No internet service,No internet service,No internet service,No internet service,Month-to-month,Yes,Electronic check,109.06,3466.17,No
CUST-01636,Male,0,No,Yes,5,Yes,No,DSL,No,No,No,Yes,No,Yes,Two year,No,Electronic check,63.62,281.47,No
CUST-01637,Male,0,No,No,4,Yes,No,DSL,No,Yes,Yes,No,Yes,No,One year,Yes,Electronic check,23.84,86.17,No
CUST-01638,Male,0,Yes,No,26,Yes,Yes,No,No internet service,No internet service,No internet service,No internet service,No internet service,No internet service,Month-to-month,Yes,Mailed check,73.73,1872.84,No
CUST-01639,Male,0,No,No,24,Yes,No,DSL,Yes,Yes,Yes,Yes,No,No,Month-to-month,Yes,Credit card (automatic),113.47,2785.94,No
CUST-01640,Female,1,No,No,39,Yes,Yes,DSL,Yes,Yes,Yes,Yes,No,No,Two year,Yes,Mailed check,72.48,2505.54,No
CUST-01641,Female,1,No,No,56,Yes,No,Fiber optic,No,No,Yes,No,Yes,Yes,Two year,Yes,Credit card (automatic),32.18,1613.3,No
CUST-01642,Male,0,No,No,54,No,No phone service,DSL,No,No,No,No,No,No,Month-to-month,No,Electronic check,62.84,3369.7,No
CUST-01643,Male,0,No,No,38,Yes,Yes,DSL,Yes,No,Yes,Yes,Yes,Yes,One year,Yes,Electronic check,28.84,1141.09,No
CUST-01644,Female,0,No,No,54,Yes,No,Fiber optic,Yes,Yes,Yes,No,No,No,Month-to-month,Yes,Electronic check,77.7,3862.66,No
CUST-01645,Male,1,No,Yes,19,Yes,No,DSL,Yes,No,Yes,No,Yes,Yes,Month-to-month,Yes,Mailed check,81.72,1419.21,No
CUST-01646,Male,0,No,Yes,26,Yes,No,Fiber optic,Yes,Yes,No,No,No,Yes,Month-to-month,No,Credit card (automatic),85.74,2055.94,Yes
CUST-01647,Male,1,Yes,No,52,No,No phone service,Fiber optic,No,Yes,Yes,No,No,No,One year,Yes,Electronic check,23.39,1075.2,No
CUST-01648,Female,0,No,No,61,Yes,Yes,Fiber optic,Yes,Yes,No,Yes,No,No,Two year,Yes,Bank transfer (automatic),104.51,6046.45,No
CUST-01649,Male,1,No,No,67,Yes,No,No,No internet service,No internet service,No internet service,No internet service,No internet service,No internet service,Two year,Yes,Credit card (automatic),111.51,7162.59,No
CUST-01650,Female,0,No,No,22,Yes,Yes,DSL,No,Yes,Yes,No,No,Yes,One year,No,Mailed check,47.25,916.27,No
CUST-01651,Male,0,No,Yes,17,Yes,No,No,No internet service,No internet service,No internet service,No internet service,No internet service,No internet service,Two year,Yes,Mailed check,97.87,1488.72,No
CUST-01652,Female,0,Yes,No,11,Yes,Yes,No,No internet service,No internet service,No internet service,No internet service,No internet service,No internet service,Month-to-month,No,Mailed check,67.3,659.17,No
CUST-01653,Female,0,Yes,No,39,Yes,Yes,Fiber optic,Yes,No,No,No,No,No,Month-to-month,Yes,Electronic check,72.18,2733.82,No
CUST-01654,Male,0,No,No,61,Yes,Yes,No,No internet service,No internet service,No internet service,No internet service,No internet service,No internet service,Month-to-month,Yes,Mailed check,42.77,2588.91,No
CUST-01655,Female,0,No,No,49,Yes,No,DSL,Yes,No,No,No,Yes,Yes,Two year,Yes,Credit card (automatic),109.26,4877.92,No
CUST-01656,Male,0,Yes,No,61,Yes,Yes,No,No internet service,No internet service,No internet service,No internet service,No internet service,No internet service,Month-to-month,Yes,Mailed check,115.75,7082.49,No
CUST-01657,Female,0,Yes,No,12,Yes,No,Fiber optic,Yes,Yes,No,No,No,No,Two year,No,Mailed check,84.77,1049.62,No
CUST-01658,Male,0,Yes,Yes,13,No,No phone service,DSL,Yes,Yes,No,Yes,No,No,Month-to-month,No,Electronic check,33.47,414.95,Yes
CUST-01659,Male,0,Yes,No,58,Yes,No,Fiber optic,Yes,Yes,No,Yes,Yes,No,Month-to-month,Yes,Mailed check,72.52,4340.49,No
CUST-01660,Female,0,Yes,Yes,11,Yes,No,Fiber optic,Yes,No,Yes,Yes,No,No,Month-to-month,No,Electronic check,48.85,524.06,Yes
CUST-01661,Male,0,Yes,Yes,64,Yes,Yes,DSL,Yes,Yes,No,No,No,Yes,Two year,Yes,Electronic check,63.99,3641.21,No
CUST-01662,Male,1,Yes,Yes,31,Yes,Yes,DSL,No,No,Yes,Yes,No,Yes,Month-to-month,Yes,Credit card (automatic),86.8,2425.41,No
CUST-01663,Female,0,Yes,Yes,11,Yes,No,Fiber optic,Yes,Yes,Yes,Yes,Yes,No,One year,No,Credit card (automatic),25.21,268.45,No
CUST-01664,Male,0,Yes,No,43,Yes,No,Fiber optic,No,No,No,Yes,Yes,No,Month-to-month,No,Bank transfer (automatic),38.74,1490.95,No
CUST-01665,Male,0,No,Yes,36,No,No phone service,Fiber optic,No,No,Yes,No,No,No,Two year,No,Bank transfer (automatic),94.49,2893.92,No
CUST-01666,Female,0,Yes,Yes,2,Yes,Yes,Fiber optic,No,No,Yes,Yes,No,Yes,Month-to-month,No,Electronic check,21.89,39.49,Yes
CUST-01667,Female,0,Yes,No,61,Yes,No,DSL,Yes,No,Yes,No,No,No,Month-to-month,No,Electronic check,79.39,4166.23,Yes
CUST-01668,Male,0,Yes,No,36,Yes,No,Fiber optic,Yes,No,Yes,No,Yes,No,Month-to-month,Yes,Mailed check,45.26,1677.49,No
CUST-01669,Male,0,Yes,No,49,No,No phone service,No,No internet service,No internet service,No internet service,No internet service,No internet service,No internet service,One year,Yes,Credit card (automatic),110.05,5324.18,No
CUST-01670,Female,0,Yes,No,27,Yes,No,No,No internet service,No internet service,No internet service,No internet service,No internet service,No internet service,Month-to-month,No,Credit card (automatic),102.98,2379.78,No
CUST-01671,Female,0,Yes,No,12,Yes,Yes,Fiber optic,Yes,Yes,No,No,No,No,Two year,Yes,Bank transfer (automatic),111.77,1153.04,No
CUST-01672,Male,1,No,No,58,Yes,Yes,No,No internet service,No internet service,No internet service,No internet service,No internet service,No internet service,Two year,Yes,Credit card (automatic),27.57,1368.41,No
CUST-01673,Female,1,No,Yes,6,Yes,Yes,No,No internet service,No internet service,No internet service,No internet service,No internet service,No internet service,Month-to-month,Yes,Electronic check,119.46,723.46,Yes
CUST-01674,Male,0,No,No,44,Yes,Yes,DSL,Yes,Yes,Yes,No,No,Yes,Two year,Yes,Bank transfer (automatic),32.64,1446.48,No
CUST-01675,Male,0,No,Yes,47,Yes,Yes,Fiber optic,No,No,No,No,Yes,Yes,Two year,No,Electronic check,106.75,5004.94,No
CUST-01676,Male,0,Yes,Yes,23,No,No phone service,DSL,No,No,Yes,Yes,No,No,Month-to-month,No,Credit card (automatic),56.35,1140.62,Yes
CUST-01677,Male,0,No,No,26,Yes,No,Fiber optic,Yes,Yes,Yes,No,Yes,No,Two year,No,Electronic check,115.42,3142.94,Yes
CUST-01678,Male,0,Yes,No,7,Yes,Yes,Fiber optic,No,No,No,No,No,Yes,Month-to-month,Yes,Mailed check,18.11,129.19,No
CUST-01679,Female,0,No,No,32,Yes,No,DSL,Yes,Yes,No,No,No,Yes,One year,No,Mailed check,88.3,2765.06,No
CUST-01680,Female,1,Yes,No,33,Yes,Yes,No,No internet service,No internet service,No internet service,No internet service,No internet service,No internet service,Month-to-month,Yes,Electronic check,119.56,3890.29,Yes
CUST-01681,Female,1,No,No,20,Yes,Yes,Fiber optic,Yes,No,Yes,Yes,No,Yes,Two year,No,Electronic check,88.77,1645.4,No
CUST-01682,Female,0,No,No,69,Yes,No,Fiber optic,Yes,No,No,No,Yes,No,Month-to-month,Yes,Mailed check,90.07,5991.86,Yes
CUST-01683,Male,0,Yes,Yes,52,Yes,Yes,DSL,No,No,Yes,Yes,No,Yes,Month-to-month,Yes,Credit card (automatic),86.06,4112.42,Yes
CUST-01684,Male,0,No,No,42,Yes,No,DSL,Yes,Yes,No,No,No,Yes,Month-to-month,No,Bank transfer (automatic),117.9,4916.52,Yes
CUST-01685,Male,0,Yes,No,1,Yes,No,Fiber optic,No,No,Yes,Yes,Yes,No,One year,No,Mailed check,91.2,83.65,Yes
CUST-01686,Male,0,No,Yes,63,Yes,No,No,No internet service,No internet service,No internet service,No internet service,No internet service,No internet service,Month-to-month,No,Electronic check,68.69,4501.21,No
CUST-01687,Female,0,No,No,7,Yes,Yes,No,No internet service,No internet service,No internet service,No internet service,No internet service,No internet service,One year,No,Electronic check,43.27,316.08,No
CUST-01688,Male,1,Yes,No,58,Yes,No,Fiber optic,Yes,Yes,No,Yes,Yes,No,Month-to-month,Yes,Credit card (automatic),97.25,5079.9,No
CUST-01689,Male,0,Yes,Yes,50,Yes,No,DSL,No,No,Yes,No,Yes,Yes,One year,Yes,Credit card (automatic),34.42,1746.29,No
CUST-01690,Female,0,Yes,No,34,No,No phone service,DSL,Yes,Yes,No,Yes,Yes,No,One year,No,Electronic check,24.34,720.18,No
CUST-01691,Female,0,No,No,51,Yes,No,No,No internet service,No internet service,No internet service,No internet service,No internet service,No internet service,Month-to-month,No,Bank transfer (automatic),95.84,4405.56,No
CUST-01692,Female,0,Yes,Yes,10,Yes,No,DSL,Yes,No,No,Yes,No,Yes,One year,No,Credit card (automatic),55.62,502.09,Yes
CUST-01693,Female,0,No,No,26,Yes,Yes,Fiber optic,No,No,No,No,No,Yes,One year,No,Bank transfer (automatic),39.64,1004.43,Yes
CUST-01694,Male,0,No,No,32,Yes,Yes,Fiber optic,No,No,No,No,Yes,No,Month-to-month,Yes,Electronic check,96.23,3183.1,No
CUST-01695,Male,0,Yes,No,42,Yes,Yes,Fiber optic,Yes,No,No,No,Yes,Yes,Month-to-month,No,Mailed check,106.5,4067.58,No
CUST-01696,Female,0,No,Yes,62,Yes,No,Fiber optic,Yes,No,No,Yes,Yes,Yes,Month-to-month,Yes,Electronic check,28.76,1667.3,Yes
CUST-01697,Male,0,No,No,12,Yes,Yes,No,No internet service,No internet service,No internet service,No internet service,No internet service,No internet service,Month-to-month,No,Mailed check,60.32,671.73,Yes
CUST-01698,Male,1,Yes,No,40,Yes,Yes,No,No internet service,No internet service,No internet service,No internet service,No internet service,No internet service,Two year,Yes,Credit card (automatic),20.42,756.41,Yes
CUST-01699,Male,0,Yes,No,34,Yes,No,No,No internet service,No internet service,No internet service,No internet service,No internet service,No internet service,One year,Yes,Bank transfer (automatic),102.42,3361.3,Yes
CUST-01700,Female,0,No,No,70,Yes,No,Fiber optic,No,Yes,No,No,No,Yes,Month-to-month,Yes,Mailed check,18.84,1298.56,No
CUST-01701,Male,0,Yes,No,27,Yes,Yes,DSL,No,No,Yes,No,Yes,Yes,One year,Yes,Credit card (automatic),57.83,1451.47,No
CUST-01702,Female,0,Yes,Yes,8,Yes,Yes,No,No internet service,No internet service,No internet service,No internet service,No internet service,No internet service,Two year,Yes,Electronic check,110.08,890.6,No
CUST-01703,Male,0,Yes,Yes,47,Yes,Yes,DSL,No,Yes,No,Yes,No,No,Two year,Yes,Electronic check,77.5,3524.47,No
CUST-01704,Male,1,No,No,26,Yes,No,Fiber optic,No,No,No,No,No,Yes,Two year,Yes,Mailed check,99.89,2348.72,Yes
CUST-01705,Male,1,No,No,57,Yes,Yes,DSL,Yes,No,No,Yes,Yes,Yes,Two year,No,Bank transfer (automatic),31.77,1673.84,No
CUST-01706,Female,0,No,No,7,Yes,Yes,Fiber optic,No,Yes,No,Yes,No,Yes,Month-to-month,No,Credit card (automatic),29.7,216.79,Yes
CUST-01707,Male,0,Yes,No,26,Yes,Yes,DSL,No,Yes,No,Yes,Yes,No,One year,Yes,Bank transfer (automatic),54.15,1366.39,Yes
CUST-01708,Female,0,No,No,59,Yes,Yes,No,No internet service,No internet service,No internet service,No internet service,No internet service,No internet service,One year,No,Mailed check,86.66,4858.04,No
CUST-01709,Female,0,No,Yes,69,Yes,No,No,No internet service,No internet service,No internet service,No internet service,No internet service,No internet service,Month-to-month,Yes,Bank transfer (automatic),34.66,2150.99,No
CUST-01710,Female,0,Yes,No,47,Yes,Yes,Fiber optic,Yes,No,Yes,Yes,No,Yes,Two year,No,Credit card (automatic),24.69,1110.08,No
CUST-01711,Male,0,Yes,Yes,35,Yes,No,DSL,No,Yes,Yes,Yes,No,No,Month-to-month,No,Bank transfer (automatic),117.53,3563.63,Yes
CUST-01712,Male,0,No,Yes,30,No,No phone service,Fiber optic,No,Yes,Yes,Yes,No,Yes,Two year,No,Mailed check,47.66,1329.74,No
CUST-01713,Male,0,No,No,50,Yes,No,Fiber optic,Yes,Yes,Yes,Yes,Yes,No,Two year,Yes,Bank transfer (automatic),81.69,4179.62,No
CUST-01714,Male,0,No,No,24,Yes,Yes,No,No internet service,No internet service,No internet service,No internet service,No internet service,No internet service,Two year,Yes,Mailed check,85.27,1916.29,No
CUST-01715,Female,1,No,Yes,30,No,No phone service,DSL,Yes,Yes,No,Yes,Yes,No,One year,Yes,Mailed check,21.94,670.29,No
CUST-01716,Female,0,No,No,54,Yes,No,DSL,No,Yes,No,No,No,Yes,Month-to-month,Yes,Credit card (automatic),75.72,3508.27,No
CUST-01717,Female,0,Yes,Yes,67,Yes,Yes,Fiber optic,No,No,No,No,Yes,Yes,Two year,No,Mailed check,38.43,2259.94,No
CUST-01718,Male,0,No,No,32,Yes,Yes,Fiber optic,Yes,Yes,Yes,No,No,Yes,Two year,Yes,Electronic check,27.17,866.58,No
CUST-01719,Female,0,No,Yes,8,No,No phone service,Fiber optic,No,No,No,Yes,Yes,No,Month-to-month,Yes,Bank transfer (automatic),58.48,467.32,Yes
CUST-01720,Male,0,No,No,50,Yes,No,DSL,No,No,Yes,Yes,No,No,Month-to-month,Yes,Mailed check,98.87,4840.61,Yes
CUST-01721,Female,0,Yes,No,47,Yes,No,DSL,Yes,Yes,No,Yes,Yes,No,Month-to-month,No,Mailed check,116.84,5679.64,No
CUST-01722,Male,1,No,No,46,No,No phone service,DSL,Yes,Yes,No,Yes,Yes,Yes,Month-to-month,Yes,Electronic check,68.5,3011.02,No
CUST-01723,Male,0,No,Yes,35,Yes,Yes,DSL,No,Yes,Yes,No,Yes,No,Two year,Yes,Mailed check,108.52,3780.48,No
CUST-01724,Female,0,Yes,Yes,61,Yes,No,No,No internet service,No internet service,No internet service,No internet service,No internet service,No internet service,One year,No,Electronic check,114.41,6311.32,No
CUST-01725,Female,0,Yes,No,51,Yes,No,DSL,No,No,No,Yes,Yes,No,One year,No,Electronic check,63.18,3134.69,No
CUST-01726,Female,0,No,No,63,Yes,No,Fiber optic,Yes,No,Yes,Yes,No,No,Month-to-month,Yes,Credit card (automatic),32.83,2078.0,Yes
CUST-01727,Female,0,Yes,Yes,8,Yes,Yes,Fiber optic,No,No,No,No,Yes,No,Two year,Yes,Credit card (automatic),49.63,392.88,No
CUST-01728,Male,1,No,No,34,Yes,Yes,DSL,No,Yes,Yes,Yes,Yes,No,Month-to-month,Yes,Mailed check,57.53,1979.05,No
CUST-01729,Female,0,No,No,25,Yes,No,No,No internet service,No internet service,No internet service,No internet service,No internet service,No internet service,One year,No,Credit card (automatic),64.36,1497.37,Yes
CUST-01730,Female,0,Yes,No,44,Yes,No,Fiber optic,No,No,Yes,Yes,No,Yes,Two year,Yes,Electronic check,83.76,3340.98,Yes
CUST-01731,Female,0,No,Yes,43,Yes,No,DSL,Yes,No,Yes,No,No,Yes,One year,Yes,Electronic check,83.81,3261.86,No
CUST-01732,Male,0,No,No,50,Yes,No,No,No internet service,No internet service,No internet service,No internet service,No internet service,No internet service,One year,No,Bank transfer (automatic),73.41,3710.13,No
CUST-01733,Male,1,No,No,13,Yes,Yes,Fiber optic,No,Yes,No,No,Yes,Yes,Two year,No,Bank transfer (automatic),41.29,547.94,No
CUST-01734,Female,1,Yes,Yes,46,Yes,No,Fiber optic,Yes,No,No,No,Yes,No,Month-to-month,Yes,Electronic check,55.07,2258.75,Yes
CUST-01735,Male,0,No,No,53,Yes,No,No,No internet service,No internet service,No internet service,No internet service,No internet service,No internet service,Two year,Yes,Credit card (automatic),60.17,2947.85,No
CUST-01736,Female,0,Yes,No,63,Yes,Yes,No,No internet service,No internet service,No internet service,No internet service,No internet service,No internet service,Month-to-month,Yes,Bank transfer (automatic),85.7,5583.17,No
CUST-01737,Male,0,Yes,No,2,No,No phone service,Fiber optic,Yes,No,Yes,No,Yes,No,Month-to-month,Yes,Credit card (automatic),32.43,55.31,No
CUST-01738,Male,0,Yes,No,40,No,No phone service,DSL,No,No,No,Yes,No,No,Two year,Yes,Electronic check,42.65,1568.71,No
CUST-01739,Male,1,Yes,Yes,23,Yes,Yes,DSL,No,No,No,No,Yes,No,Month-to-month,Yes,Bank transfer (automatic),46.95,1050.43,No
CUST-01740,Male,0,Yes,No,59,Yes,No,Fiber optic,No,No,Yes,No,No,No,Month-to-month,Yes,Mailed check,70.87,3677.14,Yes
CUST-01741,Female,0,No,Yes,69,Yes,No,No,No internet service,No internet service,No internet service,No internet service,No internet service,No internet service,Month-to-month,No,Credit card (automatic),95.26,6487.97,No
CUST-01742,Female,0,No,Yes,34,Yes,No,DSL,Yes,Yes,No,No,No,No,Month-to-month,Yes,Electronic check,104.12,3216.15,Yes
CUST-01743,Female,0,Yes,No,27,No,No phone service,DSL,No,Yes,Yes,No,No,Yes,Two year,Yes,Bank transfer (automatic),93.72,2628.02,No
CUST-01744,Male,0,Yes,No,55,Yes,No,No,No internet service,No internet service,No internet service,No internet service,No internet service,No internet service,One year,No,Electronic check,94.31,4486.36,No
CUST-01745,Female,0,No,No,4,Yes,Yes,Fiber optic,Yes,No,No,Yes,No,No,Two year,Yes,Credit card (automatic),42.57,174.26,No
CUST-01746,Female,0,Yes,Yes,68,Yes,Yes,DSL,No,No,Yes,No,No,Yes,Two year,Yes,Mailed check,108.25,7141.42,No
CUST-01747,Female,0,No,No,72,Yes,Yes,DSL,No,No,No,No,No,No,Two year,Yes,Electronic check,23.36,1637.92,No
CUST-01748,Male,0,No,Yes,70,Yes,No,Fiber optic,No,Yes,No,No,Yes,Yes,Two year,Yes,Credit card (automatic),73.1,4365.66,No
CUST-01749,Male,0,No,Yes,27,Yes,Yes,No,No internet service,No internet service,No internet service,No internet service,No internet service,No internet service,One year,Yes,Mailed check,27.02,752.29,No
CUST-01750,Male,0,Yes,No,47,Yes,Yes,No,No internet service,No internet service,No internet service,No internet service,No internet service,No internet service,Month-to-month,No,Electronic check,79.29,3800.73,No
CUST-01751,Female,0,Yes,No,40,Yes,No,DSL,No,Yes,No,Yes,Yes,Yes,One year,Yes,Electronic check,22.82,857.77,No
CUST-01752,Female,0,Yes,Yes,27,Yes,Yes,No,No internet service,No internet service,No internet service,No internet service,No internet service,No internet service,Two year,Yes,Electronic check,83.37,2131.56,No
CUST-01753,Female,1,Yes,Yes,7,Yes,Yes,DSL,No,Yes,No,Yes,Yes,Yes,Two year,No,Bank transfer (automatic),21.44,136.29,No
CUST-01754,Male,0,Yes,Yes,23,Yes,Yes,No,No internet service,No internet service,No internet service,No internet service,No internet service,No internet service,One year,No,Mailed check,34.84,733.86,No
CUST-01755,Male,0,No,No,64,No,No phone service,DSL,No,No,No,No,No,No,One year,Yes,Mailed check,94.84,5738.71,No
CUST-01756,Female,0,No,No,29,Yes,Yes,No,No internet service,No internet service,No internet service,No internet service,No internet service,No internet service,Month-to-month,Yes,Electronic check,48.88,1227.13,No
CUST-01757,Male,0,No,Yes,61,Yes,Yes,Fiber optic,No,No,No,Yes,No,Yes,Month-to-month,Yes,Bank transfer (automatic),108.18,5712.03,No
CUST-01758,Male,0,No,No,44,Yes,No,DSL,Yes,No,No,Yes,Yes,No,One year,Yes,Mailed check,28.01,1248.84,No
CUST-01759,Male,0,Yes,Yes,69,Yes,No,No,No internet service,No internet service,No internet service,No internet service,No internet service,No internet service,Month-to-month,Yes,Electronic check,72.12,4605.73,No
CUST-01760,Male,0,No,Yes,27,Yes,Yes,DSL,Yes,No,No,No,Yes,Yes,Month-to-month,Yes,Bank transfer (automatic),112.43,3175.01,No
CUST-01761,Female,0,Yes,No,12,Yes,No,No,No internet service,No internet service,No internet service,No internet service,No internet service,No internet service,Month-to-month,Yes,Bank transfer (automatic),60.14,626.02,Yes
CUST-01762,Male,0,Yes,No,17,Yes,Yes,DSL,Yes,No,No,No,No,No,Two year,Yes,Electronic check,51.43,907.01,No
CUST-01763,Male,0,No,Yes,37,Yes,No,DSL,No,No,Yes,No,No,Yes,Two year,Yes,Electronic check,116.53,4225.57,No
CUST-01764,Male,0,No,Yes,34,Yes,Yes,No,No internet service,No internet service,No internet service,No internet service,No internet service,No internet service,Month-to-month,No,Electronic check,61.27,1898.99,Yes
CUST-01765,Male,0,No,Yes,36,Yes,No,Fiber optic,No,No,Yes,No,Yes,No,Month-to-month,No,Credit card (automatic),89.28,2903.09,No
CUST-01766,Female,0,Yes,No,6,Yes,Yes,Fiber optic,Yes,Yes,No,No,Yes,Yes,Month-to-month,Yes,Credit card (automatic),111.83,698.55,Yes
CUST-01767,Female,0,Yes,Yes,32,Yes,Yes,DSL,Yes,Yes,No,No,Yes,No,Month-to-month,Yes,Bank transfer (automatic),19.1,560.96,No
CUST-01768,Male,0,Yes,No,22,Yes,No,Fiber optic,No,No,No,Yes,No,Yes,Two year,Yes,Electronic check,76.07,1598.66,No
CUST-01769,Male,1,Yes,No,10,Yes,No,Fiber optic,Yes,Yes,Yes,Yes,Yes,No,Month-to-month,No,Bank transfer (automatic),90.77,944.9,Yes
CUST-01770,Male,0,Yes,Yes,29,No,No phone service,Fiber optic,Yes,No,Yes,No,No,Yes,Two year,No,Credit card (automatic),60.74,1570.13,No
CUST-01771,Male,0,No,No,11,Yes,No,Fiber optic,No,Yes,No,No,No,Yes,One year,Yes,Credit card (automatic),86.64,844.85,No
CUST-01772,Male,0,No,Yes,66,Yes,No,Fiber optic,Yes,No,Yes,No,No,No,Month-to-month,No,Credit card (automatic),100.25,5909.33,No
CUST-01773,Male,0,Yes,No,56,Yes,Yes,No,No internet service,No internet service,No internet service,No internet service,No internet service,No internet service,Two year,Yes,Mailed check,50.19,2521.56,No
CUST-01774,Female,0,No,No,58,Yes,Yes,Fiber optic,Yes,Yes,Yes,No,No,No,Two year,Yes,Mailed check,50.96,2929.07,No
CUST-01775,Male,0,Yes,No,52,Yes,No,DSL,Yes,No,Yes,No,No,Yes,Month-to-month,Yes,Mailed check,26.95,1239.53,No
CUST-01776,Female,0,No,Yes,61,Yes,Yes,DSL,Yes,Yes,Yes,No,No,No,Month-to-month,Yes,Mailed check,115.41,6040.35,Yes
CUST-01777,Female,1,Yes,No,17,Yes,Yes,Fiber optic,No,Yes,No,No,No,No,Month-to-month,Yes,Mailed check,21.36,360.92,No
CUST-01778,Male,0,No,Yes,30,Yes,No,DSL,Yes,No,Yes,No,No,No,Month-to-month,No,Electronic check,66.01,2064.85,Yes
CUST-01779,Female,0,No,No,72,No,No phone service,Fiber optic,Yes,Yes,Yes,No,No,Yes,Month-to-month,No,Credit card (automatic),72.35,4996.14,No
CUST-01780,Female,0,No,No,37,Yes,No,No,No internet service,No internet service,No internet service,No internet service,No internet service,No internet service,Month-to-month,No,Electronic check,32.39,1105.79,No
CUST-01781,Female,0,Yes,No,5,Yes,Yes,No,No internet service,No internet service,No internet service,No internet service,No internet service,No internet service,One year,No,Electronic check,67.99,291.06,No
CUST-01782,Female,0,No,No,26,Yes,Yes,Fiber optic,Yes,Yes,Yes,No,No,No,Month-to-month,No,Electronic check,48.06,1204.73,Yes
CUST-01783,Female,0,Yes,No,70,Yes,No,Fiber optic,No,Yes,No,Yes,No,No,One year,Yes,Credit card (automatic),99.86,6400.06,No
CUST-01784,Female,0,Yes,No,1,Yes,Yes,Fiber optic,Yes,Yes,No,No,No,Yes,Two year,Yes,Credit card (automatic),101.96,99.92,Yes
CUST-01785,Male,1,Yes,No,9,Yes,No,Fiber optic,Yes,No,Yes,Yes,Yes,No,Two year,Yes,Electronic check,62.14,582.26,No
CUST-01786,Female,0,No,No,71,Yes,Yes,No,No internet service,No internet service,No internet service,No internet service,No internet service,No internet service,Month-to-month,Yes,Electronic check,62.32,3780.84,Yes
CUST-01787,Female,0,No,No,64,Yes,Yes,Fiber optic,No,No,No,Yes,Yes,No,Month-to-month,No,Electronic check,25.74,1627.83,Yes
CUST-01788,Female,1,Yes,No,24,Yes,Yes,DSL,Yes,No,No,No,No,No,Month-to-month,Yes,Credit card (automatic),54.43,1286.22,No
CUST-01789,Male,0,No,Yes,5,Yes,No,Fiber optic,No,No,No,No,No,No,Two year,No,Mailed check,59.37,287.54,No
CUST-01790,Female,0,No,Yes,51,Yes,No,Fiber optic,Yes,No,Yes,Yes,Yes,No,Month-to-month,Yes,Mailed check,63.56,3226.83,Yes
CUST-01791,Male,1,No,No,38,Yes,Yes,DSL,Yes,No,No,Yes,No,No,One year,Yes,Mailed check,64.2,2256.23,No
CUST-01792,Female,0,Yes,No,29,Yes,No,DSL,Yes,No,Yes,No,No,No,Month-to-month,No,Credit card (automatic),27.4,694.96,No
CUST-01793,Male,1,No,No,46,No,No phone service,No,No internet service,No internet service,No internet service,No internet service,No internet service,No internet service,Month-to-month,No,Credit card (automatic),34.64,1355.82,No
CUST-01794,Male,0,No,Yes,52,Yes,No,Fiber optic,Yes,No,No,No,Yes,Yes,Month-to-month,Yes,Credit card (automatic),62.26,3010.87,Yes
CUST-01795,Female,0,Yes,No,46,Yes,Yes,No,No internet service,No internet service,No internet service,No internet service,No internet service,No internet service,One year,Yes,Mailed check,56.59,2632.01,No
CUST-01796,Female,1,No,Yes,68,Yes,No,DSL,No,Yes,No,Yes,Yes,No,One year,Yes,Electronic check,32.53,2141.61,No
CUST-01797,Male,0,Yes,No,59,Yes,No,DSL,No,No,Yes,Yes,Yes,Yes,Two year,Yes,Bank transfer (automatic),84.16,4367.18,No
CUST-01798,Female,0,Yes,No,10,No,No phone service,DSL,Yes,No,Yes,No,No,Yes,One year,No,Electronic check,30.0,274.1,No
CUST-01799,Male,0,Yes,Yes,4,Yes,No,Fiber optic,No,Yes,No,No,No,No,Two year,Yes,Electronic check,18.53,72.83,No
CUST-01800,Male,1,Yes,No,52,Yes,No,Fiber optic,No,Yes,Yes,Yes,No,No,Month-to-month,Yes,Credit card (automatic),80.49,4332.64,No
CUST-01801,Male,0,No,No,18,Yes,No,No,No internet service,No internet service,No internet service,No internet service,No internet service,No internet service,Month-to-month,No,Credit card (automatic),26.44,486.28,Yes
CUST-01802,Male,0,Yes,No,51,Yes,No,Fiber optic,Yes,No,No,No,Yes,Yes,Month-to-month,No,Mailed check,24.17,1203.63,No
CUST-01803,Male,0,No,Yes,23,Yes,No,No,No internet service,No internet service,No internet service,No internet service,No internet service,No internet service,Month-to-month,No,Electronic check,26.75,549.84,No
CUST-01804,Female,0,Yes,Yes,25,Yes,No,DSL,Yes,No,Yes,Yes,Yes,Yes,Month-to-month,No,Bank transfer (automatic),113.51,2905.54,No
CUST-01805,Male,0,No,Yes,60,Yes,No,DSL,Yes,No,No,Yes,Yes,No,Two year,No,Bank transfer (automatic),28.75,1783.9,No
CUST-01806,Male,0,No,Yes,37,Yes,Yes,DSL,No,No,Yes,Yes,No,Yes,Month-to-month,Yes,Electronic check,103.58,3954.53,Yes
CUST-01807,Female,0,No,Yes,68,Yes,Yes,Fiber optic,Yes,Yes,No,No,No,Yes,One year,Yes,Credit card (automatic),97.21,6367.25,No
CUST-01808,Male,0,No,Yes,18,Yes,Yes,DSL,Yes,No,Yes,No,No,No,Month-to-month,Yes,Electronic check,103.8,1913.72,No
CUST-01809,Female,0,No,No,29,Yes,Yes,Fiber optic,No,No,No,Yes,Yes,Yes,One year,Yes,Bank transfer (automatic),79.73,2332.14,No
CUST-01810,Female,0,Yes,No,30,Yes,Yes,DSL,No,No,Yes,Yes,Yes,Yes,Month-to-month,Yes,Mailed check,33.82,988.01,No
CUST-01811,Female,0,No,No,7,No,No phone service,DSL,No,No,No,Yes,No,No,Month-to-month,Yes,Electronic check,96.63,707.81,No
CUST-01812,Male,1,No,No,41,Yes,No,Fiber optic,Yes,Yes,No,No,Yes,No,Month-to-month,Yes,Mailed check,75.68,2789.07,Yes
CUST-01813,Male,0,No,No,37,Yes,No,Fiber optic,No,No,No,No,Yes,Yes,Month-to-month,Yes,Credit card (automatic),75.97,2740.14,No
CUST-01814,Male,0,No,No,27,Yes,No,No,No internet service,No internet service,No internet service,No internet service,No internet service,No internet service,One year,Yes,Electronic check,80.09,1849.51,No
CUST-01815,Female,0,No,Yes,21,Yes,Yes,No,No internet service,No internet service,No internet service,No internet service,No internet service,No internet service,Month-to-month,No,Credit card (automatic),33.13,654.11,Yes
CUST-01816,Male,0,Yes,Yes,43,Yes,Yes,DSL,No,Yes,No,No,No,No,Month-to-month,No,Electronic check,47.73,2086.72,No
CUST-01817,Female,0,No,No,51,Yes,No,No,No internet service,No internet service,No internet service,No internet service,No internet service,No internet service,Two year,Yes,Mailed check,119.34,5459.52,No
CUST-01818,Male,0,Yes,No,71,Yes,No,Fiber optic,Yes,Yes,Yes,No,No,No,Two year,Yes,Electronic check,107.09,7605.91,Yes
CUST-01819,Female,0,Yes,No,13,Yes,Yes,Fiber optic,No,No,No,No,Yes,No,Month-to-month,Yes,Credit card (automatic),54.64,711.93,Yes
CUST-01820,Male,1,No,No,53,Yes,No,DSL,No,No,Yes,Yes,No,Yes,Two year,Yes,Electronic check,118.63,6142.35,No
CUST-01821,Male,0,Yes,Yes,63,Yes,No,Fiber optic,No,No,No,No,No,No,Two year,Yes,Electronic check,25.1,1626.67,No
CUST-01822,Male,0,Yes,No,57,Yes,Yes,DSL,Yes,No,No,No,No,Yes,One year,No,Credit card (automatic),53.58,2870.4,No
CUST-01823,Female,0,No,No,25,Yes,No,DSL,No,No,Yes,No,Yes,Yes,Month-to-month,Yes,Bank transfer (automatic),74.63,1663.79,No
CUST-01824,Female,1,No,No,13,Yes,No,DSL,Yes,Yes,No,No,No,Yes,One year,Yes,Electronic check,81.34,1036.6,No
CUST-01825,Male,0,No,No,37,Yes,No,Fiber optic,No,No,Yes,No,Yes,No,One year,No,Credit card (automatic),100.13,3852.01,No
CUST-01826,Male,0,No,No,30,Yes,Yes,Fiber optic,Yes,Yes,Yes,No,No,Yes,Two year,Yes,Credit card (automatic),93.14,2727.2,No
CUST-01827,Female,0,No,Yes,12,Yes,Yes,No,No internet service,No internet service,No internet service,No internet service,No internet service,No internet service,One year,Yes,Electronic check,88.18,1085.39,No
CUST-01828,Female,0,Yes,Yes,65,No,No phone service,Fiber optic,No,No,Yes,No,Yes,Yes,One year,No,Bank transfer (automatic),117.38,7806.69,No
CUST-01829,Female,0,No,No,18,Yes,Yes,No,No internet service,No internet service,No internet service,No internet service,No internet service,No internet service,Month-to-month,Yes,Mailed check,79.03,1210.88,No
CUST-01830,Male,0,Yes,No,62,Yes,Yes,Fiber optic,No,No,No,No,Yes,Yes,One year,No,Mailed check,18.67,1001.83,No
CUST-01831,Female,1,Yes,Yes,24,Yes,Yes,DSL,Yes,No,Yes,Yes,No,No,Month-to-month,No,Credit card (automatic),80.91,1865.04,No
CUST-01832,Male,1,No,Yes,60,Yes,Yes,Fiber optic,Yes,Yes,Yes,No,Yes,No,One year,Yes,Bank transfer (automatic),95.41,5845.48,No
CUST-01833,Female,0,No,No,17,Yes,No,Fiber optic,No,Yes,Yes,Yes,Yes,Yes,One year,Yes,Electronic check,111.65,1758.96,Yes
CUST-01834,Male,1,Yes,No,60,Yes,Yes,Fiber optic,Yes,Yes,No,Yes,No,No,Two year,No,Bank transfer (automatic),58.02,3577.9,No
CUST-01835,Female,0,Yes,No,9,Yes,No,Fiber optic,Yes,Yes,No,No,Yes,No,Month-to-month,No,Electronic check,23.27,192.77,No
CUST-01836,Female,0,No,No,52,Yes,Yes,Fiber optic,No,No,No,Yes,Yes,Yes,Month-to-month,Yes,Mailed check,30.93,1501.18,Yes
CUST-01837,Female,0,No,No,15,Yes,No,DSL,No,Yes,No,No,No,Yes,Month-to-month,Yes,Mailed check,110.61,1517.67,Yes
CUST-01838,Female,0,No,Yes,28,Yes,No,Fiber optic,Yes,No,Yes,No,No,No,Month-to-month,No,Electronic check,114.96,3020.47,Yes
CUST-01839,Female,1,Yes,Yes,9,Yes,Yes,DSL,Yes,No,No,Yes,No,No,Two year,Yes,Electronic check,41.73,353.69,No
CUST-01840,Male,0,No,No,56,No,No phone service,DSL,Yes,No,No,No,Yes,No,Month-to-month,Yes,Bank transfer (automatic),86.91,4604.86,No
CUST-01841,Female,0,Yes,No,36,Yes,Yes,Fiber optic,Yes,No,Yes,No,No,No,Month-to-month,Yes,Bank transfer (automatic),66.28,2164.51,No
CUST-01842,Female,0,Yes,No,56,Yes,No,Fiber optic,Yes,No,Yes,No,No,No,Month-to-month,Yes,Credit card (automatic),79.65,4134.9,No
CUST-01843,Female,0,No,No,71,Yes,No,DSL,No,Yes,No,No,Yes,No,Month-to-month,No,Credit card (automatic),23.14,1595.03,No
CUST-01844,Male,0,No,No,20,Yes,No,Fiber optic,Yes,No,No,No,No,Yes,Two year,Yes,Electronic check,116.33,1981.65,No
CUST-01845,Female,0,Yes,No,55,Yes,Yes,Fiber optic,No,Yes,Yes,Yes,No,No,Month-to-month,Yes,Credit card (automatic),66.1,3488.18,Yes
CUST-01846,Male,0,Yes,Yes,60,Yes,No,DSL,No,Yes,No,Yes,No,No,Month-to-month,No,Electronic check,96.81,4958.57,Yes
CUST-01847,Female,1,No,No,35,Yes,No,Fiber optic,No,Yes,No,Yes,No,No,Month-to-month,Yes,Electronic check,70.69,2403.54,Yes
CUST-01848,Female,0,Yes,No,1,Yes,Yes,DSL,Yes,Yes,No,Yes,Yes,Yes,Month-to-month,Yes,Mailed check,105.39,97.56,No
CUST-01849,Male,0,Yes,No,45,Yes,Yes,No,No internet service,No internet service,No internet service,No internet service,No internet service,No internet service,Month-to-month,Yes,Electronic check,82.55,3501.8,No
CUST-01850,Female,1,Yes,No,69,Yes,No,DSL,No,Yes,Yes,No,No,Yes,Two year,No,Mailed check,50.71,3541.23,No
CUST-01851,Male,0,Yes,No,40,Yes,Yes,Fiber optic,Yes,No,No,No,No,Yes,Two year,Yes,Bank transfer (automatic),68.86,2711.57,No
CUST-01852,Male,0,Yes,Yes,38,Yes,Yes,No,No internet service,No internet service,No internet service,No internet service,No internet service,No internet service,Two year,Yes,Electronic check,98.64,3883.46,No
CUST-01853,Female,0,No,No,24,Yes,Yes,No,No internet service,No internet service,No internet service,No internet service,No internet service,No internet service,Month-to-month,No,Mailed check,45.36,978.94,No
CUST-01854,Male,0,No,No,4,Yes,Yes,No,No internet service,No internet service,No internet service,No internet service,No internet service,No internet service,Month-to-month,Yes,Bank transfer (automatic),98.27,365.36,No
CUST-01855,Female,0,No,No,69,Yes,No,DSL,Yes,No,Yes,Yes,No,No,Month-to-month,No,Bank transfer (automatic),90.29,5572.36,Yes
CUST-01856,Female,0,No,No,13,Yes,Yes,DSL,No,Yes,No,Yes,Yes,Yes,Month-to-month,No,Credit card (automatic),18.85,217.14,No
CUST-01857,Male,0,No,No,21,Yes,No,Fiber optic,No,No,Yes,No,Yes,No,Two year,Yes,Bank transfer (automatic),106.41,2197.57,No
CUST-01858,Male,0,No,No,32,Yes,Yes,Fiber optic,Yes,Yes,No,No,No,Yes,Month-to-month,Yes,Electronic check,71.13,2233.92,No
CUST-01859,Male,0,No,No,38,Yes,Yes,No,No internet service,No internet service,No internet service,No internet service,No internet service,No internet service,Month-to-month,Yes,Electronic check,112.61,4058.27,No
CUST-01860,Male,0,Yes,No,32,Yes,Yes,Fiber optic,Yes,No,No,No,Yes,Yes,Month-to-month,No,Mailed check,19.11,537.71,No
CUST-01861,Female,0,No,Yes,57,Yes,No,Fiber optic,No,No,Yes,Yes,No,No,Month-to-month,No,Bank transfer (automatic),105.9,5815.63,No
CUST-01862,Female,0,Yes,No,48,Yes,No,Fiber optic,No,Yes,No,Yes,No,No,Month-to-month,Yes,Mailed check,96.55,4411.19,Yes
CUST-01863,Male,0,No,No,30,Yes,No,No,No internet service,No internet service,No internet service,No internet service,No internet service,No internet service,Two year,Yes,Mailed check,85.43,2469.97,No
CUST-01864,Female,0,No,No,71,Yes,No,DSL,Yes,Yes,No,Yes,Yes,No,One year,Yes,Mailed check,79.0,5271.09,No
CUST-01865,Female,0,No,No,38,Yes,Yes,No,No internet service,No internet service,No internet service,No internet service,No internet service,No internet service,Two year,Yes,Credit card (automatic),79.13,2605.13,No
CUST-01866,Female,1,No,Yes,44,Yes,No,Fiber optic,No,No,No,No,Yes,No,Month-to-month,Yes,Bank transfer (automatic),103.57,4248.04,Yes
CUST-01867,Female,0,Yes,No,26,Yes,Yes,No,No internet service,No internet service,No internet service,No internet service,No internet service,No internet service,One year,No,Electronic check,119.38,2834.07,No
CUST-01868,Male,0,Yes,No,2,Yes,No,Fiber optic,Yes,No,No,Yes,Yes,Yes,Month-to-month,Yes,Electronic check,65.14,117.76,Yes
CUST-01869,Male,0,Yes,No,43,Yes,Yes,Fiber optic,Yes,Yes,No,No,No,No,Month-to-month,Yes,Bank transfer (automatic),75.78,3201.63,No
CUST-01870,Female,1,Yes,No,43,Yes,No,DSL,Yes,No,No,Yes,Yes,Yes,One year,No,Bank transfer (automatic),36.53,1545.86,No
CUST-01871,Male,0,Yes,No,63,Yes,Yes,No,No internet service,No internet service,No internet service,No internet service,No internet service,No internet service,Month-to-month,Yes,Electronic check,57.98,3816.12,No
CUST-01872,Male,0,Yes,No,58,Yes,Yes,Fiber optic,Yes,No,Yes,No,No,Yes,Month-to-month,Yes,Mailed check,35.27,1998.47,Yes
CUST-01873,Male,1,Yes,Yes,48,Yes,No,Fiber optic,No,No,No,Yes,No,Yes,Two year,Yes,Credit card (automatic),19.06,832.11,No
CUST-01874,Female,0,No,No,5,Yes,No,DSL,Yes,Yes,Yes,Yes,No,No,Month-to-month,No,Mailed check,91.8,439.15,No
CUST-01875,Female,0,Yes,No,35,Yes,Yes,Fiber optic,Yes,No,No,Yes,No,No,Two year,Yes,Credit card (automatic),49.2,1682.25,No
CUST-01876,Female,0,Yes,No,16,Yes,Yes,DSL,No,No,No,No,Yes,Yes,Month-to-month,Yes,Electronic check,106.74,1591.85,Yes
CUST-01877,Male,0,Yes,Yes,49,Yes,No,DSL,No,No,Yes,Yes,Yes,No,Two year,Yes,Mailed check,68.11,3262.65,No
CUST-01878,Female,0,No,Yes,60,Yes,Yes,DSL,No,Yes,No,No,No,No,Month-to-month,No,Mailed check,100.02,6083.58,No
CUST-01879,Female,0,Yes,Yes,51,Yes,No,DSL,No,No,No,No,No,No,Month-to-month,No,Electronic check,61.21,3047.29,No
CUST-01880,Male,0,No,No,59,Yes,Yes,Fiber optic,No,Yes,No,No,Yes,No,Two year,No,Mailed check,102.94,5369.44,No
CUST-01881,Female,0,Yes,Yes,64,Yes,No,DSL,Yes,Yes,No,No,Yes,No,Two year,Yes,Mailed check,105.31,6165.21,No
CUST-01882,Female,0,No,No,13,No,No phone service,DSL,No,No,No,No,No,No,Two year,No,Bank transfer (automatic),65.62,889.44,No
CUST-01883,Male,0,No,No,26,Yes,No,DSL,Yes,No,No,Yes,Yes,No,One year,Yes,Mailed check,113.17,2713.97,No
CUST-01884,Male,0,Yes,No,70,Yes,Yes,Fiber optic,Yes,No,Yes,No,No,Yes,Month-to-month,Yes,Mailed check,48.12,3422.41,No
CUST-01885,Male,0,Yes,No,3,Yes,No,Fiber optic,No,No,No,No,Yes,Yes,One year,No,Electronic check,56.14,147.88,No
CUST-01886,Female,0,Yes,No,12,Yes,No,Fiber optic,No,No,No,Yes,No,No,Month-to-month,No,Mailed check,66.62,837.03,No
CUST-01887,Female,1,No,No,41,No,No phone service,Fiber optic,No,No,Yes,No,Yes,No,Month-to-month,Yes,Credit card (automatic),94.31,3450.2,No
CUST-01888,Female,0,Yes,Yes,65,Yes,No,Fiber optic,No,Yes,No,Yes,No,Yes,Month-to-month,Yes,Electronic check,58.67,3974.77,Yes
CUST-01889,Male,0,No,No,63,Yes,No,No,No internet service,No internet service,No internet service,No internet service,No internet service,No internet service,Month-to-month,No,Mailed check,26.55,1438.38,No
CUST-01890,Male,0,No,No,50,Yes,Yes,DSL,Yes,Yes,No,No,No,Yes,Month-to-month,Yes,Credit card (automatic),18.24,880.38,No
CUST-01891,Female,0,No,Yes,47,Yes,Yes,No,No internet service,No internet service,No internet service,No internet service,No internet service,No internet service,One year,No,Mailed check,107.02,4455.19,No
CUST-01892,Female,0,Yes,No,8,No,No phone service,DSL,Yes,Yes,No,No,Yes,No,One year,No,Electronic check,83.27,652.23,No
CUST-01893,Male,0,Yes,No,31,Yes,No,Fiber optic,Yes,No,No,Yes,Yes,Yes,Month-to-month,Yes,Mailed check,35.34,1128.24,No
CUST-01894,Male,0,No,No,11,Yes,Yes,Fiber optic,No,No,Yes,Yes,No,No,Two year,Yes,Credit card (automatic),110.02,1100.87,Yes
CUST-01895,Male,0,No,No,17,Yes,No,DSL,No,No,No,No,Yes,No,One year,Yes,Bank transfer (automatic),91.67,1450.07,No
CUST-01896,Male,0,No,No,27,Yes,Yes,Fiber optic,No,No,No,No,Yes,Yes,Two year,Yes,Bank transfer (automatic),96.06,2228.72,Yes
CUST-01897,Female,0,No,No,27,Yes,Yes,Fiber optic,No,No,Yes,Yes,Yes,Yes,Month-to-month,No,Electronic check,63.85,1663.85,Yes
CUST-01898,Male,1,No,No,56,Yes,Yes,Fiber optic,Yes,Yes,Yes,No,Yes,No,Month-to-month,Yes,Electronic check,94.81,5153.63,Yes
CUST-01899,Female,0,No,No,69,Yes,Yes,Fiber optic,No,No,No,Yes,Yes,No,Two year,Yes,Bank transfer (automatic),79.81,5361.5,No
CUST-01900,Female,0,No,No,47,Yes,No,DSL,Yes,Yes,No,Yes,No,No,One year,Yes,Electronic check,92.93,4510.84,No
CUST-01901,Female,0,Yes,No,19,Yes,Yes,No,No internet service,No internet service,No internet service,No internet service,No internet service,No internet service,Month-to-month,Yes,Bank transfer (automatic),52.51,866.51,No
CUST-01902,Male,0,No,No,57,Yes,Yes,No,No internet service,No internet service,No internet service,No internet service,No internet service,No internet service,One year,Yes,Electronic check,72.57,3905.82,No
CUST-01903,Male,0,Yes,Yes,31,No,No phone service,Fiber optic,No,No,No,Yes,No,No,Two year,Yes,Electronic check,21.63,609.71,No
CUST-01904,Male,0,Yes,No,16,Yes,Yes,Fiber optic,Yes,Yes,No,Yes,No,No,Month-to-month,Yes,Electronic check,34.55,496.8,Yes
CUST-01905,Male,0,No,No,45,Yes,Yes,DSL,Yes,No,Yes,No,Yes,Yes,Month-to-month,Yes,Mailed check,105.35,4348.34,No
CUST-01906,Female,0,Yes,Yes,27,Yes,No,Fiber optic,No,Yes,Yes,Yes,No,No,One year,No,Electronic check,84.92,2379.34,Yes
CUST-01907,Male,0,Yes,Yes,61,No,No phone service,Fiber optic,No,Yes,Yes,No,No,Yes,Two year,No,Electronic check,102.46,5627.45,Yes
CUST-01908,Male,0,Yes,Yes,26,Yes,Yes,Fiber optic,Yes,No,No,No,Yes,Yes,One year,Yes,Electronic check,75.23,1695.73,No
CUST-01909,Female,1,No,No,29,Yes,No,DSL,Yes,Yes,No,Yes,Yes,No,One year,Yes,Mailed check,62.09,1678.57,No
CUST-01910,Male,0,No,No,44,Yes,No,No,No internet service,No internet service,No internet service,No internet service,No internet service,No internet service,Month-to-month,Yes,Mailed check,101.14,4020.14,No
CUST-01911,Female,0,No,Yes,29,Yes,Yes,No,No internet service,No internet service,No internet service,No internet service,No internet service,No internet service,Month-to-month,Yes,Credit card (automatic),22.81,600.73,No
CUST-01912,Female,0,Yes,No,2,No,No phone service,No,No internet service,No internet service,No internet service,No internet service,No internet service,No internet service,Two year,No,Electronic check,88.04,165.62,No
CUST-01913,Female,0,Yes,No,6,No,No phone service,DSL,Yes,Yes,Yes,No,No,No,Two year,No,Mailed check,80.16,487.24,Yes
CUST-01914,Female,1,Yes,Yes,9,Yes,No,DSL,No,Yes,Yes,Yes,No,No,Two year,Yes,Mailed check,21.64,198.08,No
CUST-01915,Female,0,Yes,Yes,15,Yes,No,Fiber optic,No,No,No,No,No,Yes,Month-to-month,No,Bank transfer (automatic),52.23,741.68,No
CUST-01916,Female,0,No,No,58,Yes,Yes,No,No internet service,No internet service,No internet service,No internet service,No internet service,No internet service,Month-to-month,No,Credit card (automatic),70.88,4183.42,No
CUST-01917,Female,0,Yes,Yes,2,Yes,No,No,No internet service,No internet service,No internet service,No internet service,No internet service,No internet service,Two year,Yes,Bank transfer (automatic),21.31,37.64,Yes
CUST-01918,Female,0,Yes,Yes,3,Yes,No,DSL,Yes,Yes,No,Yes,No,No,Two year,No,Credit card (automatic),49.42,133.93,No
CUST-01919,Male,0,Yes,No,52,Yes,Yes,Fiber optic,No,Yes,No,No,No,No,One year,No,Electronic check,19.52,895.25,No
CUST-01920,Male,0,Yes,No,55,Yes,No,Fiber optic,No,No,No,No,Yes,No,Month-to-month,Yes,Credit card (automatic),45.73,2601.22,No
CUST-01921,Male,1,Yes,No,53,Yes,No,DSL,No,Yes,No,No,No,Yes,Month-to-month,No,Bank transfer (automatic),117.7,6246.47,Yes
CUST-01922,Male,0,No,No,72,Yes,No,Fiber optic,No,Yes,No,No,No,Yes,Month-to-month,Yes,Electronic check,64.27,4644.18,No
CUST-01923,Female,0,No,No,40,Yes,No,DSL,No,No,No,No,No,Yes,One year,Yes,Credit card (automatic),114.85,4535.75,No
CUST-01924,Male,0,No,Yes,39,Yes,Yes,Fiber optic,No,No,No,No,Yes,Yes,Month-to-month,No,Bank transfer (automatic),100.03,3326.32,No
CUST-01925,Female,0,No,Yes,43,Yes,No,No,No internet service,No internet service,No internet service,No internet service,No internet service,No internet service,Month-to-month,No,Mailed check,44.74,1716.62,No
CUST-01926,Male,0,Yes,No,13,Yes,Yes,No,No internet service,No internet service,No internet service,No internet service,No internet service,No internet service,One year,Yes,Bank transfer (automatic),113.55,1512.39,No
CUST-01927,Male,0,No,No,37,Yes,Yes,Fiber optic,No,No,No,Yes,No,No,Two year,Yes,Electronic check,48.61,1702.01,No
CUST-01928,Male,1,No,No,55,No,No phone service,Fiber optic,No,Yes,No,No,Yes,Yes,One year,No,Electronic check,53.22,2922.85,No
CUST-01929,Female,0,Yes,Yes,32,Yes,Yes,Fiber optic,No,No,No,No,No,Yes,Month-to-month,Yes,Bank transfer (automatic),48.94,1399.22,No
CUST-01930,Male,0,No,Yes,14,Yes,No,No,No internet service,No internet service,No internet service,No internet service,No internet service,No internet service,One year,Yes,Credit card (automatic),63.11,762.59,No
CUST-01931,Female,0,No,Yes,65,Yes,Yes,Fiber optic,No,No,Yes,No,Yes,No,Month-to-month,Yes,Credit card (automatic),25.51,1683.89,No
CUST-01932,Female,0,Yes,No,27,Yes,Yes,Fiber optic,No,No,No,Yes,No,Yes,One year,No,Bank transfer (automatic),101.27,2451.82,No
CUST-01933,Male,0,No,Yes,24,Yes,No,No,No internet service,No internet service,No internet service,No internet service,No internet service,No internet service,Two year,Yes,Mailed check,26.36,565.61,No
CUST-01934,Male,0,No,No,22,Yes,No,No,No internet service,No internet service,No internet service,No internet service,No internet service,No internet service,Month-to-month,Yes,Electronic check,66.82,1367.12,Yes
CUST-01935,Male,0,No,No,45,Yes,No,No,No internet service,No internet service,No internet service,No internet service,No internet service,No internet service,Month-to-month,No,Electronic check,25.09,1083.03,No
CUST-01936,Female,0,No,Yes,8,Yes,Yes,No,No internet service,No internet service,No internet service,No internet service,No internet service,No internet service,One year,Yes,Credit card (automatic),84.79,661.67,No
CUST-01937,Male,1,Yes,Yes,67,Yes,Yes,Fiber optic,Yes,Yes,No,Yes,No,Yes,Month-to-month,Yes,Electronic check,63.92,4432.54,Yes
CUST-01938,Female,1,Yes,No,64,No,No phone service,No,No internet service,No internet service,No internet service,No internet service,No internet service,No internet service,Month-to-month,No,Electronic check,18.12,1161.21,No
CUST-01939,Female,0,No,Yes,47,Yes,No,Fiber optic,No,Yes,Yes,No,Yes,No,One year,Yes,Bank transfer (automatic),61.98,2782.95,No
CUST-01940,Male,0,No,Yes,21,Yes,Yes,DSL,No,No,Yes,No,Yes,Yes,Month-to-month,Yes,Bank transfer (automatic),55.1,1016.89,Yes
CUST-01941,Male,0,No,Yes,32,Yes,No,Fiber optic,Yes,No,Yes,Yes,Yes,No,Two year,Yes,Mailed check,111.24,3122.85,No
CUST-01942,Female,0,Yes,No,45,Yes,No,Fiber optic,No,No,No,No,Yes,No,Month-to-month,Yes,Electronic check,79.1,3118.6,No
CUST-01943,Female,0,Yes,No,44,Yes,Yes,DSL,Yes,No,No,No,No,No,One year,Yes,Mailed check,102.37,4717.49,No
CUST-01944,Female,0,Yes,Yes,41,Yes,No,No,No internet service,No internet service,No internet service,No internet service,No internet service,No internet service,Month-to-month,No,Credit card (automatic),32.75,1359.41,No
CUST-01945,Male,0,Yes,No,52,Yes,No,DSL,No,Yes,Yes,Yes,No,Yes,Month-to-month,No,Credit card (automatic),30.89,1393.04,No
CUST-01946,Female,0,Yes,No,11,Yes,No,No,No internet service,No internet service,No internet service,No internet service,No internet service,No internet service,Month-to-month,Yes,Bank transfer (automatic),36.66,367.29,Yes
CUST-01947,Male,0,Yes,No,18,Yes,No,DSL,Yes,Yes,No,No,Yes,Yes,Two year,No,Bank transfer (automatic),114.25,1880.19,No
CUST-01948,Female,0,Yes,Yes,11,Yes,No,Fiber optic,Yes,Yes,Yes,Yes,No,No,Month-to-month,Yes,Electronic check,28.14,282.64,Yes
CUST-01949,Female,0,Yes,No,27,Yes,No,Fiber optic,No,No,Yes,Yes,No,Yes,Month-to-month,Yes,Electronic check,67.31,1546.6,Yes
CUST-01950,Male,0,Yes,No,43,Yes,Yes,Fiber optic,No,No,Yes,No,Yes,Yes,Month-to-month,Yes,Bank transfer (automatic),25.78,1038.07,No
CUST-01951,Female,0,No,No,65,No,No phone service,DSL,Yes,No,No,No,No,Yes,Month-to-month,No,Mailed check,95.39,6333.1,Yes
CUST-01952,Male,0,No,No,54,Yes,No,No,No internet service,No internet service,No internet service,No internet service,No internet service,No internet service,Month-to-month,Yes,Bank transfer (automatic),57.25,2694.87,No
CUST-01953,Male,1,Yes,No,29,Yes,Yes,Fiber optic,Yes,Yes,Yes,No,Yes,No,Month-to-month,No,Credit card (automatic),80.4,2011.55,No
CUST-01954,Female,0,No,No,21,No,No phone service,No,No internet service,No internet service,No internet service,No internet service,No internet service,No internet service,One year,No,Bank transfer (automatic),25.31,520.69,No
CUST-01955,Male,0,No,No,29,Yes,Yes,DSL,No,No,No,Yes,No,Yes,Month-to-month,No,Mailed check,62.01,1806.52,Yes
CUST-01956,Male,0,No,No,9,Yes,No,Fiber optic,No,No,No,No,Yes,Yes,Month-to-month,No,Credit card (automatic),31.65,255.99,No
CUST-01957,Female,1,Yes,No,61,Yes,Yes,No,No internet service,No internet service,No internet service,No internet service,No internet service,No internet service,Month-to-month,No,Electronic check,51.1,3215.08,No
CUST-01958,Male,0,Yes,Yes,62,Yes,No,DSL,No,Yes,No,Yes,Yes,Yes,Month-to-month,Yes,Electronic check,37.26,2278.72,No
CUST-01959,Male,0,No,Yes,71,Yes,No,DSL,No,Yes,No,No,No,Yes,Month-to-month,Yes,Bank transfer (automatic),67.14,4506.52,No
CUST-01960,Male,1,Yes,No,5,Yes,No,Fiber optic,No,Yes,Yes,Yes,No,No,One year,Yes,Electronic check,109.14,551.09,No
CUST-01961,Female,0,No,No,15,Yes,Yes,No,No internet service,No internet service,No internet service,No internet service,No internet service,No internet service,Month-to-month,Yes,Mailed check,58.53,803.13,No
CUST-01962,Male,1,No,No,57,Yes,Yes,Fiber optic,No,No,No,Yes,No,No,Month-to-month,Yes,Bank transfer (automatic),110.17,5676.56,No
CUST-01963,Female,1,No,No,5,Yes,Yes,Fiber optic,No,Yes,No,Yes,Yes,No,Two year,Yes,Electronic check,97.04,437.83,No
CUST-01964,Female,1,Yes,Yes,20,Yes,No,Fiber optic,Yes,Yes,No,Yes,No,Yes,Month-to-month,No,Electronic check,94.19,1670.5,Yes
CUST-01965,Male,0,Yes,No,4,Yes,Yes,No,No internet service,No internet service,No internet service,No internet service,No internet service,No internet service,Two year,No,Mailed check,97.67,400.7,No
CUST-01966,Male,0,Yes,Yes,56,Yes,Yes,DSL,No,No,Yes,No,No,No,Two year,No,Bank transfer (automatic),90.49,4704.57,No
CUST-01967,Male,0,No,No,34,Yes,No,DSL,No,Yes,No,No,Yes,No,Month-to-month,No,Bank transfer (automatic),38.73,1349.5,No
CUST-01968,Female,0,Yes,No,40,Yes,No,DSL,No,Yes,No,Yes,No,No,Month-to-month,Yes,Bank transfer (automatic),103.51,4250.94,No
CUST-01969,Male,0,No,Yes,69,Yes,Yes,DSL,No,No,Yes,Yes,Yes,No,Month-to-month,Yes,Bank transfer (automatic),56.35,3407.02,No
CUST-01970,Male,0,Yes,Yes,68,Yes,No,DSL,Yes,No,Yes,Yes,Yes,No,Month-to-month,Yes,Electronic check,45.46,2652.45,No
CUST-01971,Male,0,Yes,Yes,22,Yes,Yes,DSL,Yes,No,No,Yes,No,No,Month-to-month,Yes,Bank transfer (automatic),102.97,2364.33,No
CUST-01972,Male,0,Yes,Yes,14,Yes,No,Fiber optic,No,Yes,Yes,Yes,No,Yes,Month-to-month,Yes,Electronic check,80.96,1011.28,No
CUST-01973,Male,0,No,No,68,Yes,No,DSL,No,No,No,No,No,Yes,One year,No,Bank transfer (automatic),43.81,2759.91,No
CUST-01974,Female,0,No,Yes,8,Yes,Yes,Fiber optic,Yes,No,Yes,Yes,Yes,Yes,Month-to-month,Yes,Electronic check,108.54,760.67,No
CUST-01975,Female,0,Yes,Yes,67,Yes,No,No,No internet service,No internet service,No internet service,No internet service,No internet service,No internet service,Two year,Yes,Bank transfer (automatic),72.96,5080.77,No
CUST-01976,Male,0,No,Yes,46,Yes,No,DSL,Yes,No,Yes,No,No,No,One year,Yes,Credit card (automatic),20.44,816.36,No
CUST-01977,Male,0,No,No,29,Yes,No,Fiber optic,Yes,No,No,No,No,Yes,Two year,No,Credit card (automatic),71.73,2103.98,No
CUST-01978,Male,0,No,No,12,Yes,No,DSL,Yes,Yes,Yes,No,Yes,No,One year,No,Mailed check,115.42,1415.77,No
CUST-01979,Male,0,No,Yes,52,Yes,No,Fiber optic,No,Yes,No,No,No,Yes,Two year,No,Credit card (automatic),34.52,1857.39,No
CUST-01980,Female,0,Yes,No,58,Yes,No,Fiber optic,No,No,Yes,Yes,Yes,Yes,Month-to-month,No,Mailed check,48.7,2661.07,No
CUST-01981,Male,0,Yes,No,2,Yes,No,No,No internet service,No internet service,No internet service,No internet service,No internet service,No internet service,Two year,Yes,Mailed check,41.31,79.52,No
CUST-01982,Female,0,No,No,1,Yes,No,Fiber optic,No,Yes,Yes,Yes,No,No,Month-to-month,Yes,Bank transfer (automatic),40.47,38.51,Yes
CUST-01983,Female,0,Yes,No,55,Yes,No,No,No internet service,No internet service,No internet service,No internet service,No internet service,No internet service,One year,Yes,Electronic check,25.88,1363.2,No
CUST-01984,Male,1,Yes,Yes,34,Yes,No,No,No internet service,No internet service,No internet service,No internet service,No internet service,No internet service,One year,Yes,Electronic check,65.58,2003.11,No
CUST-01985,Female,0,Yes,No,64,Yes,No,DSL,No,No,No,Yes,No,No,Month-to-month,Yes,Electronic check,101.48,6270.15,Yes
CUST-01986,Female,0,No,No,68,Yes,No,DSL,No,Yes,No,No,No,Yes,Month-to-month,Yes,Electronic check,42.49,2606.33,Yes
CUST-01987,Female,0,Yes,No,12,Yes,Yes,Fiber optic,No,No,Yes,Yes,Yes,Yes,One year,Yes,Electronic check,90.54,1050.49,Yes
CUST-01988,Female,0,No,Yes,50,Yes,No,No,No internet service,No internet service,No internet service,No internet service,No internet service,No internet service,Two year,No,Credit card (automatic),76.45,3878.99,No
CUST-01989,Male,0,Yes,No,21,Yes,No,Fiber optic,Yes,Yes,No,No,Yes,No,Month-to-month,Yes,Mailed check,39.65,708.24,No
CUST-01990,Male,0,No,No,10,Yes,No,DSL,Yes,Yes,No,No,Yes,Yes,Month-to-month,Yes,Electronic check,76.1,778.23,Yes
CUST-01991,Female,0,Yes,Yes,70,Yes,Yes,No,No internet service,No internet service,No internet service,No internet service,No internet service,No internet service,Month-to-month,No,Electronic check,71.3,4687.06,No
CUST-01992,Male,0,No,Yes,14,Yes,Yes,DSL,Yes,Yes,Yes,Yes,No,Yes,Month-to-month,Yes,Credit card (automatic),41.03,558.37,No
CUST-01993,Male,0,No,No,40,Yes,Yes,Fiber optic,Yes,No,No,No,No,Yes,Two year,No,Bank transfer (automatic),19.73,711.36,No
CUST-01994,Male,0,No,No,30,Yes,Yes,DSL,Yes,Yes,No,Yes,Yes,No,Month-to-month,Yes,Mailed check,59.5,1873.8,No
CUST-01995,Male,0,Yes,No,14,Yes,No,DSL,No,Yes,No,Yes,Yes,No,Month-to-month,No,Electronic check,50.96,694.19,Yes
CUST-01996,Male,1,No,No,52,Yes,No,Fiber optic,Yes,No,No,No,No,No,Month-to-month,No,Mailed check,46.85,2544.81,No
CUST-01997,Female,0,Yes,No,17,Yes,No,Fiber optic,No,No,No,Yes,No,No,Month-to-month,No,Bank transfer (automatic),89.26,1524.28,No
CUST-01998,Male,0,Yes,Yes,62,Yes,Yes,DSL,No,Yes,No,No,No,No,Month-to-month,Yes,Credit card (automatic),90.36,5743.51,No
CUST-01999,Male,0,No,No,22,Yes,No,Fiber optic,No,No,No,No,Yes,Yes,Month-to-month,No,Mailed check,112.52,2232.11,Yes
CUST-02000,Male,0,No,No,53,Yes,Yes,DSL,No,Yes,Yes,Yes,No,No,Month-to-month,Yes,Mailed check,20.8,1079.08,Yes
CUST-02001,Male,0,No,No,32,Yes,Yes,Fiber optic,No,Yes,No,No,No,Yes,Two year,Yes,Mailed check,110.86,3266.56,Yes
CUST-02002,Female,0,No,Yes,55,Yes,Yes,DSL,Yes,Yes,Yes,No,Yes,No,Two year,No,Credit card (automatic),86.77,4836.86,No
CUST-02003,Female,0,Yes,Yes,22,Yes,No,Fiber optic,No,Yes,Yes,No,No,Yes,Month-to-month,No,Electronic check,85.27,1960.76,No
CUST-02004,Female,0,No,Yes,38,Yes,No,No,No internet service,No internet service,No internet service,No internet service,No internet service,No internet service,Month-to-month,No,Credit card (automatic),119.19,4043.24,No
CUST-02005,Female,0,Yes,No,50,No,No phone service,DSL,No,No,No,Yes,Yes,No,Two year,Yes,Mailed check,25.93,1292.96,No
CUST-02006,Male,0,No,No,66,No,No phone service,DSL,Yes,Yes,Yes,No,No,No,Month-to-month,Yes,Bank transfer (automatic),99.93,6588.79,No
CUST-02007,Female,1,No,Yes,45,Yes,Yes,No,No internet service,No internet service,No internet service,No internet service,No internet service,No internet service,Month-to-month,Yes,Mailed check,78.52,3250.79,No
CUST-02008,Male,0,No,No,8,No,No phone service,Fiber optic,No,No,No,No,No,Yes,One year,Yes,Mailed check,34.49,242.43,No
CUST-02009,Male,0,Yes,No,65,Yes,No,Fiber optic,No,Yes,Yes,Yes,No,No,Month-to-month,Yes,Electronic check,96.62,5739.02,Yes
CUST-02010,Male,0,No,No,40,Yes,No,DSL,Yes,Yes,Yes,Yes,Yes,No,One year,Yes,Mailed check,54.58,1928.94,Yes
CUST-02011,Male,0,Yes,No,5,No,No phone service,No,No internet service,No internet service,No internet service,No internet service,No internet service,No internet service,Two year,No,Mailed check,43.77,224.69,Yes
CUST-02012,Male,1,Yes,Yes,45,Yes,Yes,No,No internet service,No internet service,No internet service,No internet service,No internet service,No internet service,Month-to-month,No,Bank transfer (automatic),76.88,3513.04,No
CUST-02013,Female,0,Yes,Yes,46,Yes,No,DSL,Yes,Yes,No,Yes,Yes,Yes,Month-to-month,Yes,Mailed check,66.65,3075.15,No
CUST-02014,Female,0,No,No,36,Yes,No,Fiber optic,No,No,Yes,Yes,No,Yes,Month-to-month,Yes,Credit card (automatic),34.02,1226.78,No
CUST-02015,Female,0,Yes,No,17,Yes,Yes,No,No internet service,No internet service,No internet service,No internet service,No internet service,No internet service,Two year,Yes,Bank transfer (automatic),92.57,1463.45,No
CUST-02016,Female,0,Yes,Yes,41,Yes,Yes,Fiber optic,No,No,No,No,Yes,No,One year,No,Mailed check,49.82,2106.75,No
CUST-02017,Male,0,Yes,No,30,No,No phone service,Fiber optic,Yes,No,No,No,No,Yes,Month-to-month,Yes,Bank transfer (automatic),68.19,2070.37,No
CUST-02018,Female,0,Yes,No,52,No,No phone service,Fiber optic,Yes,No,No,No,Yes,No,Month-to-month,No,Electronic check,47.45,2544.38,Yes
CUST-02019,Male,0,No,No,20,Yes,Yes,DSL,Yes,Yes,Yes,No,No,No,Month-to-month,No,Bank transfer (automatic),62.91,1195.09,No
CUST-02020,Female,1,No,Yes,36,Yes,Yes,No,No internet service,No internet service,No internet service,No internet service,No internet service,No internet service,Month-to-month,No,Mailed check,43.46,1418.66,Yes
CUST-02021,Male,0,Yes,No,66,Yes,Yes,Fiber optic,No,No,No,No,Yes,No,Month-to-month,No,Mailed check,67.04,4334.89,No
CUST-02022,Male,0,No,No,45,Yes,Yes,Fiber optic,No,Yes,No,Yes,No,No,Month-to-month,Yes,Bank transfer (automatic),34.39,1526.58,Yes
CUST-02023,Female,0,No,No,4,Yes,Yes,DSL,No,No,Yes,No,Yes,Yes,Month-to-month,Yes,Credit card (automatic),46.84,185.72,Yes
CUST-02024,Male,0,No,No,50,No,No phone service,No,No internet service,No internet service,No internet service,No internet service,No internet service,No internet service,One year,Yes,Electronic check,39.75,1843.4,No
CUST-02025,Male,0,No,No,55,Yes,No,No,No internet service,No internet service,No internet service,No internet service,No internet service,No internet service,Month-to-month,No,Electronic check,54.81,2873.25,No
CUST-02026,Female,0,Yes,No,59,Yes,Yes,Fiber optic,Yes,No,Yes,No,No,Yes,Two year,No,Electronic check,102.68,5284.6,No
CUST-02027,Male,0,No,No,42,Yes,No,No,No internet service,No internet service,No internet service,No internet service,No internet service,No internet service,One year,Yes,Electronic check,68.53,2791.99,No
CUST-02028,Female,0,Yes,No,2,Yes,No,DSL,No,No,Yes,No,Yes,No,Month-to-month,Yes,Credit card (automatic),61.25,115.5,Yes
CUST-02029,Female,1,Yes,No,46,Yes,No,No,No internet service,No internet service,No internet service,No internet service,No internet service,No internet service,Month-to-month,Yes,Mailed check,76.38,3120.07,No
CUST-02030,Female,0,No,Yes,2,Yes,No,Fiber optic,No,Yes,Yes,No,Yes,No,Two year,Yes,Bank transfer (automatic),98.03,185.97,Yes
CUST-02031,Male,0,No,No,50,Yes,No,DSL,Yes,No,No,No,Yes,No,Month-to-month,Yes,Credit card (automatic),48.29,2220.45,No
CUST-02032,Male,0,Yes,No,1,Yes,No,DSL,Yes,No,Yes,Yes,No,No,Month-to-month,Yes,Bank transfer (automatic),100.31,98.4,No
CUST-02033,Male,1,Yes,No,13,Yes,Yes,DSL,No,No,Yes,No,Yes,Yes,Month-to-month,No,Electronic check,43.46,571.47,Yes
CUST-02034,Female,0,No,No,70,Yes,Yes,No,No internet service,No internet service,No internet service,No internet service,No internet service,No internet service,One year,Yes,Credit card (automatic),104.49,6816.16,No
CUST-02035,Male,0,No,Yes,22,Yes,No,No,No internet service,No internet service,No internet service,No internet service,No internet service,No internet service,Month-to-month,No,Mailed check,103.02,2304.39,No
CUST-02036,Female,0,No,No,17,Yes,No,Fiber optic,Yes,Yes,Yes,Yes,Yes,No,Month-to-month,Yes,Credit card (automatic),78.27,1177.28,No
CUST-02037,Female,1,Yes,No,59,Yes,Yes,DSL,No,Yes,Yes,Yes,No,Yes,Month-to-month,Yes,Bank transfer (automatic),54.38,3135.11,No
CUST-02038,Male,1,No,No,70,Yes,Yes,No,No internet service,No internet service,No internet service,No internet service,No internet service,No internet service,Month-to-month,Yes,Credit card (automatic),60.25,3947.02,No
CUST-02039,Female,0,Yes,No,3,Yes,No,DSL,Yes,No,No,No,Yes,Yes,Month-to-month,Yes,Credit card (automatic),100.93,280.16,No
CUST-02040,Male,0,Yes,No,70,Yes,No,Fiber optic,Yes,No,No,Yes,Yes,No,Month-to-month,Yes,Electronic check,26.4,1655.14,Yes
CUST-02041,Male,0,Yes,No,49,Yes,No,No,No internet service,No internet service,No internet service,No internet service,No internet service,No internet service,Month-to-month,No,Bank transfer (automatic),98.25,4325.37,No
CUST-02042,Male,0,No,No,50,Yes,Yes,DSL,No,No,Yes,No,Yes,No,Two year,Yes,Mailed check,31.59,1487.34,No
CUST-02043,Male,0,No,No,35,Yes,Yes,Fiber optic,No,No,Yes,Yes,Yes,Yes,Two year,Yes,Electronic check,101.18,3603.93,Yes
CUST-02044,Male,0,No,No,23,Yes,Yes,DSL,No,No,No,No,Yes,No,One year,Yes,Mailed check,109.94,2428.21,No
CUST-02045,Female,1,No,No,72,Yes,No,DSL,No,No,Yes,No,Yes,No,One year,Yes,Electronic check,70.37,4886.56,No
CUST-02046,Female,0,Yes,No,7,Yes,Yes,Fiber optic,Yes,Yes,No,Yes,No,No,Month-to-month,Yes,Bank transfer (automatic),94.8,658.62,No
CUST-02047,Female,0,Yes,No,50,Yes,No,DSL,No,Yes,Yes,No,No,Yes,Month-to-month,No,Mailed check,38.65,1755.14,No
CUST-02048,Male,0,Yes,No,10,Yes,No,Fiber optic,No,Yes,No,Yes,No,Yes,Month-to-month,Yes,Credit card (automatic),96.71,895.61,No
CUST-02049,Male,0,No,Yes,55,Yes,Yes,DSL,Yes,Yes,No,No,Yes,No,Month-to-month,No,Bank transfer (automatic),89.69,5029.76,No
CUST-02050,Male,0,No,Yes,19,Yes,Yes,Fiber optic,No,Yes,No,No,Yes,No,Two year,Yes,Credit card (automatic),29.7,485.49,No
CUST-02051,Female,0,No,No,23,Yes,Yes,DSL,Yes,No,No,Yes,Yes,No,Two year,No,Electronic check,69.41,1520.91,No
CUST-02052,Male,0,No,No,64,Yes,No,Fiber optic,No,Yes,No,No,Yes,No,Month-to-month,Yes,Bank transfer (automatic),96.15,5889.35,No
CUST-02053,Female,1,No,No,33,Yes,Yes,DSL,No,No,Yes,Yes,No,Yes,Month-to-month,No,Credit card (automatic),27.44,869.67,No
CUST-02054,Female,0,No,No,66,No,No phone service,No,No internet service,No internet service,No internet service,No internet service,No internet service,No internet service,Month-to-month,Yes,Electronic check,85.2,5636.05,Yes
CUST-02055,Male,0,No,No,9,Yes,Yes,Fiber optic,No,No,No,Yes,No,Yes,One year,Yes,Bank transfer (automatic),99.73,843.95,Yes
CUST-02056,Male,0,No,No,29,Yes,No,Fiber optic,No,Yes,Yes,Yes,No,Yes,One year,Yes,Electronic check,53.53,1581.48,No
CUST-02057,Female,0,No,No,18,Yes,Yes,No,No internet service,No internet service,No internet service,No internet service,No internet service,No internet service,Two year,No,Credit card (automatic),56.95,940.85,No
CUST-02058,Male,0,No,No,71,Yes,No,DSL,No,No,No,No,Yes,No,Month-to-month,Yes,Mailed check,46.0,2997.88,No
CUST-02059,Female,0,No,No,29,Yes,Yes,DSL,Yes,Yes,No,No,Yes,No,Two year,Yes,Bank transfer (automatic),37.07,1121.03,No
CUST-02060,Male,0,Yes,Yes,61,Yes,No,DSL,Yes,No,No,No,No,No,Month-to-month,No,Mailed check,115.7,6457.0,No
CUST-02061,Male,0,Yes,No,5,Yes,Yes,Fiber optic,Yes,No,Yes,No,No,No,One year,Yes,Credit card (automatic),89.76,398.72,No
CUST-02062,Female,0,Yes,Yes,69,Yes,Yes,No,No internet service,No internet service,No internet service,No internet service,No internet service,No internet service,Month-to-month,Yes,Electronic check,23.38,1549.27,Yes
CUST-02063,Male,0,Yes,No,56,Yes,Yes,DSL,Yes,No,Yes,No,No,No,Month-to-month,Yes,Electronic check,112.62,6561.76,No
CUST-02064,Female,0,No,Yes,52,Yes,Yes,No,No internet service,No internet service,No internet service,No internet service,No internet service,No internet service,Month-to-month,Yes,Electronic check,29.78,1557.62,No
CUST-02065,Male,1,Yes,No,15,Yes,No,Fiber optic,No,No,Yes,Yes,No,No,Two year,Yes,Credit card (automatic),112.25,1578.07,No
CUST-02066,Female,0,Yes,Yes,20,Yes,Yes,DSL,No,No,No,Yes,Yes,No,Two year,Yes,Mailed check,64.08,1219.02,No
CUST-02067,Female,0,Yes,Yes,16,Yes,No,No,No internet service,No internet service,No internet service,No internet service,No internet service,No internet service,One year,Yes,Mailed check,67.54,1134.21,No
CUST-02068,Male,1,No,No,25,No,No phone service,No,No internet service,No internet service,No internet service,No internet service,No internet service,No internet service,Month-to-month,No,Electronic check,73.09,1815.88,Yes
CUST-02069,Female,0,Yes,Yes,57,Yes,Yes,No,No internet service,No internet service,No internet service,No internet service,No internet service,No internet service,One year,Yes,Mailed check,27.56,1367.02,No
CUST-02070,Male,0,Yes,Yes,21,Yes,Yes,Fiber optic,Yes,Yes,No,Yes,No,No,Month-to-month,No,Electronic check,85.82,1751.68,Yes
CUST-02071,Male,1,Yes,No,5,Yes,Yes,DSL,No,Yes,No,No,No,Yes,Month-to-month,Yes,Credit card (automatic),84.72,439.87,Yes
CUST-02072,Male,0,Yes,Yes,9,Yes,No,Fiber optic,Yes,Yes,No,Yes,No,Yes,Month-to-month,Yes,Electronic check,76.93,615.25,No
CUST-02073,Female,1,No,Yes,11,Yes,No,Fiber optic,No,No,No,No,No,No,Two year,Yes,Credit card (automatic),108.55,1199.69,Yes
CUST-02074,Female,1,Yes,Yes,65,Yes,Yes,Fiber optic,Yes,Yes,Yes,Yes,Yes,No,One year,No,Mailed check,66.8,4051.0,No
CUST-02075,Male,0,No,No,63,Yes,No,Fiber optic,No,Yes,No,No,No,No,Month-to-month,Yes,Mailed check,90.47,5008.07,Yes
CUST-02076,Male,0,No,No,26,Yes,No,No,No internet service,No internet service,No internet service,No internet service,No internet service,No internet service,Two year,Yes,Credit card (automatic),52.61,1392.03,No
CUST-02077,Female,0,No,No,19,Yes,Yes,DSL,No,No,Yes,No,Yes,No,Month-to-month,No,Mailed check,112.31,2086.75,No
CUST-02078,Male,0,Yes,No,16,Yes,Yes,Fiber optic,No,No,No,No,Yes,No,One year,No,Electronic check,113.08,1542.5,Yes
CUST-02079,Male,0,Yes,Yes,56,Yes,No,No,No internet service,No internet service,No internet service,No internet service,No internet service,No internet service,Two year,Yes,Mailed check,67.17,3822.34,No
CUST-02080,Female,0,Yes,No,68,Yes,No,DSL,Yes,No,Yes,Yes,No,No,Two year,Yes,Mailed check,93.07,6057.63,No
CUST-02081,Male,0,Yes,No,30,Yes,Yes,Fiber optic,Yes,No,No,Yes,Yes,Yes,Month-to-month,No,Electronic check,41.79,1222.14,No
CUST-02082,Female,0,No,No,7,Yes,Yes,DSL,Yes,No,Yes,No,No,No,Two year,Yes,Mailed check,83.64,563.62,No
CUST-02083,Male,0,Yes,No,12,No,No phone service,DSL,Yes,Yes,No,No,No,No,Month-to-month,Yes,Electronic check,26.68,297.13,Yes
CUST-02084,Female,0,Yes,No,24,Yes,Yes,Fiber optic,No,No,No,No,No,No,Two year,Yes,Credit card (automatic),105.98,2231.19,Yes
CUST-02085,Male,0,No,Yes,22,Yes,Yes,DSL,No,No,Yes,No,No,Yes,Month-to-month,Yes,Bank transfer (automatic),91.6,2002.66,No
CUST-02086,Male,0,No,No,47,Yes,Yes,DSL,Yes,No,No,Yes,Yes,No,One year,No,Electronic check,115.4,5352.15,No
CUST-02087,Female,1,Yes,No,30,Yes,Yes,Fiber optic,No,No,Yes,Yes,Yes,No,Two year,No,Bank transfer (automatic),97.38,2985.23,No
CUST-02088,Male,1,Yes,No,60,Yes,Yes,DSL,Yes,No,No,No,Yes,No,Month-to-month,No,Electronic check,36.67,2140.63,No
CUST-02089,Female,0,Yes,No,39,Yes,Yes,DSL,Yes,No,Yes,No,Yes,No,One year,Yes,Bank transfer (automatic),65.68,2199.97,No
CUST-02090,Male,1,No,Yes,20,Yes,Yes,No,No internet service,No internet service,No internet service,No internet service,No internet service,No internet service,Two year,No,Credit card (automatic),73.33,1367.49,No
CUST-02091,Female,0,No,No,26,Yes,No,Fiber optic,Yes,No,Yes,No,Yes,No,Two year,Yes,Bank transfer (automatic),102.5,2320.95,Yes
CUST-02092,Female,0,No,Yes,49,No,No phone service,DSL,Yes,Yes,No,Yes,No,No,Month-to-month,Yes,Electronic check,74.14,3521.49,Yes
CUST-02093,Female,0,No,Yes,69,Yes,No,No,No internet service,No internet service,No internet service,No internet service,No internet service,No internet service,Month-to-month,No,Mailed check,66.62,4094.19,No
CUST-02094,Female,0,No,No,42,Yes,Yes,DSL,No,No,Yes,Yes,Yes,No,Month-to-month,Yes,Bank transfer (automatic),90.73,3958.1,Yes
CUST-02095,Male,1,Yes,No,6,Yes,No,DSL,No,No,Yes,No,Yes,No,Two year,Yes,Electronic check,83.5,441.42,Yes
CUST-02096,Male,0,Yes,No,53,No,No phone service,No,No internet service,No internet service,No internet service,No internet service,No internet service,No internet service,Two year,Yes,Electronic check,94.38,5085.15,No
CUST-02097,Female,0,No,No,34,Yes,Yes,DSL,Yes,No,Yes,No,No,Yes,One year,No,Electronic check,66.46,2195.81,Yes
CUST-02098,Female,0,No,No,69,Yes,Yes,No,No internet service,No internet service,No internet service,No internet service,No internet service,No internet service,One year,No,Credit card (automatic),91.8,5774.82,No
CUST-02099,Female,0,Yes,Yes,10,Yes,No,No,No internet service,No internet service,No internet service,No internet service,No internet service,No internet service,Month-to-month,Yes,Credit card (automatic),117.05,1180.19,No
CUST-02100,Male,0,No,No,28,Yes,Yes,DSL,No,No,Yes,Yes,Yes,No,Month-to-month,Yes,Credit card (automatic),36.52,1066.72,Yes
CUST-02101,Male,0,No,No,3,Yes,Yes,DSL,No,Yes,Yes,No,No,No,One year,Yes,Electronic check,23.34,61.54,Yes
CUST-02102,Male,0,Yes,No,48,Yes,No,DSL,No,No,Yes,No,No,Yes,One year,No,Mailed check,76.21,3723.5,No
CUST-02103,Male,0,No,No,66,Yes,Yes,DSL,No,No,No,No,No,No,Month-to-month,Yes,Mailed check,34.16,2282.35,Yes
CUST-02104,Female,0,Yes,No,35,Yes,No,No,No internet service,No internet service,No internet service,No internet service,No internet service,No internet service,One year,No,Credit card (automatic),34.84,1221.89,No
CUST-02105,Female,0,No,No,52,Yes,No,Fiber optic,No,No,No,No,Yes,Yes,Two year,Yes,Mailed check,86.56,4069.56,No
CUST-02106,Female,0,Yes,No,62,Yes,Yes,DSL,No,Yes,No,No,Yes,Yes,Two year,Yes,Mailed check,61.04,3800.09,No
CUST-02107,Male,0,No,No,52,Yes,No,Fiber optic,Yes,Yes,No,Yes,Yes,Yes,One year,Yes,Bank transfer (automatic),21.32,959.87,No
CUST-02108,Male,0,No,No,47,Yes,No,DSL,No,Yes,No,No,No,No,Month-to-month,No,Mailed check,75.29,3082.45,No
CUST-02109,Male,0,Yes,No,54,Yes,Yes,DSL,Yes,Yes,No,Yes,Yes,Yes,Two year,No,Electronic check,42.93,2112.77,Yes
CUST-02110,Female,0,No,No,28,Yes,Yes,DSL,No,No,No,No,No,No,One year,Yes,Mailed check,62.25,1571.21,Yes
CUST-02111,Female,0,No,No,23,Yes,Yes,Fiber optic,Yes,No,Yes,No,No,Yes,Month-to-month,Yes,Mailed check,21.98,477.81,No
CUST-02112,Male,1,No,No,35,No,No phone service,DSL,No,Yes,No,Yes,Yes,No,Two year,Yes,Electronic check,24.48,825.2,No
CUST-02113,Female,0,Yes,No,32,Yes,No,Fiber optic,Yes,No,No,No,No,No,One year,Yes,Mailed check,37.54,1093.34,No
CUST-02114,Male,0,No,No,2,Yes,Yes,DSL,No,Yes,No,No,No,Yes,Month-to-month,Yes,Mailed check,91.27,180.56,Yes
CUST-02115,Male,1,Yes,No,16,Yes,No,Fiber optic,Yes,No,No,No,Yes,Yes,Month-to-month,No,Electronic check,98.58,1342.87,Yes
CUST-02116,Female,0,Yes,No,16,Yes,Yes,Fiber optic,No,Yes,No,Yes,Yes,Yes,Month-to-month,No,Electronic check,53.06,760.49,No
CUST-02117,Male,0,Yes,No,51,Yes,No,DSL,Yes,No,Yes,No,Yes,No,Month-to-month,Yes,Credit card (automatic),30.81,1446.59,No
CUST-02118,Female,0,Yes,No,67,Yes,Yes,Fiber optic,No,Yes,No,No,No,Yes,Month-to-month,Yes,Electronic check,113.51,7063.44,Yes
CUST-02119,Male,0,No,No,54,Yes,No,Fiber optic,Yes,Yes,No,No,Yes,Yes,Month-to-month,No,Electronic check,98.29,4898.09,Yes
CUST-02120,Female,0,Yes,Yes,20,Yes,Yes,DSL,No,No,No,No,No,Yes,Month-to-month,Yes,Electronic check,34.82,593.64,No
CUST-02121,Female,1,Yes,Yes,33,Yes,No,Fiber optic,No,No,Yes,No,No,Yes,One year,Yes,Bank transfer (automatic),41.15,1408.98,No
CUST-02122,Female,0,No,No,8,Yes,Yes,Fiber optic,No,Yes,No,Yes,Yes,No,Month-to-month,Yes,Bank transfer (automatic),21.72,174.23,Yes
CUST-02123,Male,0,No,No,24,Yes,No,Fiber optic,Yes,Yes,No,Yes,No,Yes,One year,Yes,Credit card (automatic),109.89,2244.8,No
CUST-02124,Male,1,No,No,53,Yes,Yes,Fiber optic,No,Yes,No,No,No,No,One year,No,Mailed check,113.2,5520.74,No
CUST-02125,Female,1,Yes,Yes,64,Yes,Yes,No,No internet service,No internet service,No internet service,No internet service,No internet service,No internet service,One year,Yes,Bank transfer (automatic),26.45,1588.69,No
CUST-02126,Female,0,No,Yes,58,No,No phone service,Fiber optic,No,No,No,No,Yes,Yes,Month-to-month,Yes,Mailed check,32.98,1708.83,No
CUST-02127,Male,0,Yes,No,37,No,No phone service,DSL,Yes,No,No,No,Yes,Yes,One year,No,Electronic check,38.94,1488.61,No
CUST-02128,Male,0,No,Yes,12,Yes,Yes,No,No internet service,No internet service,No internet service,No internet service,No internet service,No internet service,Two year,No,Credit card (automatic),36.45,435.6,No
CUST-02129,Male,0,No,No,4,Yes,No,No,No internet service,No internet service,No internet service,No internet service,No internet service,No internet service,One year,Yes,Mailed check,113.94,466.11,No
CUST-02130,Female,0,No,No,31,Yes,No,No,No internet service,No internet service,No internet service,No internet service,No internet service,No internet service,One year,No,Mailed check,44.65,1380.77,No
CUST-02131,Male,1,Yes,No,38,Yes,No,DSL,No,No,No,Yes,No,Yes,Month-to-month,No,Credit card (automatic),56.24,1968.27,No
CUST-02132,Male,0,Yes,Yes,37,Yes,Yes,Fiber optic,No,No,No,No,Yes,No,Month-to-month,Yes,Credit card (automatic),25.01,874.76,No
CUST-02133,Female,0,Yes,Yes,14,Yes,Yes,Fiber optic,Yes,No,Yes,Yes,No,Yes,Month-to-month,Yes,Mailed check,82.1,990.88,No
CUST-02134,Male,0,Yes,No,24,Yes,No,Fiber optic,No,No,Yes,No,No,No,Month-to-month,No,Electronic check,45.13,1011.96,Yes
CUST-02135,Male,0,Yes,Yes,10,No,No phone service,No,No internet service,No internet service,No internet service,No internet service,No internet service,No internet service,Month-to-month,No,Electronic check,43.01,434.53,No
CUST-02136,Male,0,No,No,38,Yes,No,Fiber optic,Yes,Yes,Yes,Yes,No,No,One year,No,Bank transfer (automatic),117.67,4469.54,No
CUST-02137,Female,0,Yes,No,43,Yes,Yes,Fiber optic,Yes,Yes,No,Yes,Yes,No,One year,Yes,Credit card (automatic),21.94,949.96,No
CUST-02138,Female,0,No,Yes,37,No,No phone service,Fiber optic,No,No,Yes,Yes,Yes,No,Two year,Yes,Credit card (automatic),37.08,1240.43,No
CUST-02139,Female,0,Yes,Yes,42,Yes,No,DSL,Yes,No,Yes,No,Yes,No,One year,No,Credit card (automatic),70.35,2569.86,No
CUST-02140,Female,0,Yes,Yes,32,No,No phone service,DSL,No,Yes,No,No,Yes,Yes,Two year,Yes,Credit card (automatic),75.35,2271.42,No
CUST-02141,Female,0,No,No,14,Yes,Yes,DSL,No,Yes,No,No,No,No,One year,No,Credit card (automatic),90.73,1201.76,No
CUST-02142,Female,0,No,Yes,4,Yes,No,DSL,No,No,Yes,No,Yes,No,Month-to-month,Yes,Credit card (automatic),39.33,153.37,Yes
CUST-02143,Female,0,Yes,No,24,Yes,No,DSL,Yes,Yes,No,Yes,No,Yes,One year,Yes,Credit card (automatic),58.19,1213.4,No
CUST-02144,Male,0,Yes,No,10,Yes,Yes,Fiber optic,No,Yes,No,No,No,No,One year,Yes,Electronic check,47.29,405.62,No
CUST-02145,Male,0,No,No,16,Yes,Yes,Fiber optic,No,Yes,Yes,No,Yes,No,One year,No,Mailed check,103.12,1648.98,No
CUST-02146,Female,0,Yes,Yes,39,Yes,Yes,Fiber optic,Yes,Yes,No,No,Yes,No,Two year,Yes,Electronic check,54.7,2086.71,No
CUST-02147,Male,0,Yes,No,18,Yes,No,Fiber optic,Yes,Yes,Yes,Yes,No,Yes,Two year,No,Electronic check,44.63,718.17,No
CUST-02148,Male,0,No,No,25,Yes,Yes,Fiber optic,Yes,No,No,Yes,Yes,No,Month-to-month,Yes,Electronic check,80.92,2059.14,Yes
CUST-02149,Female,0,Yes,No,7,Yes,Yes,DSL,No,Yes,Yes,Yes,Yes,Yes,Month-to-month,No,Credit card (automatic),28.97,186.47,Yes
CUST-02150,Male,1,Yes,No,56,Yes,Yes,No,No internet service,No internet service,No internet service,No internet service,No internet service,No internet service,One year,No,Credit card (automatic),104.59,5540.54,No
CUST-02151,Male,0,No,No,47,No,No phone service,DSL,No,No,No,Yes,No,No,Month-to-month,No,Electronic check,46.46,1911.16,No
CUST-02152,Male,0,No,No,3,Yes,Yes,No,No internet service,No internet service,No internet service,No internet service,No internet service,No internet service,Two year,No,Bank transfer (automatic),102.05,319.78,No
CUST-02153,Male,0,Yes,No,1,Yes,No,Fiber optic,No,Yes,Yes,Yes,No,No,Two year,Yes,Credit card (automatic),119.12,118.53,No
CUST-02154,Male,0,No,No,33,Yes,No,DSL,Yes,Yes,Yes,Yes,No,Yes,One year,Yes,Electronic check,20.18,598.03,No
CUST-02155,Female,1,Yes,No,71,Yes,Yes,Fiber optic,No,Yes,No,Yes,No,Yes,Two year,Yes,Credit card (automatic),37.58,2774.56,No
CUST-02156,Female,0,No,Yes,59,No,No phone service,DSL,No,No,Yes,No,No,No,Two year,Yes,Electronic check,94.17,5147.11,No
CUST-02157,Female,0,No,No,72,Yes,Yes,DSL,No,Yes,No,No,No,No,Two year,Yes,Mailed check,26.45,1780.75,No
CUST-02158,Male,0,Yes,No,32,No,No phone service,DSL,No,No,Yes,No,Yes,No,One year,Yes,Credit card (automatic),63.54,1795.37,No
CUST-02159,Female,0,Yes,Yes,17,No,No phone service,Fiber optic,No,No,No,Yes,No,No,Month-to-month,Yes,Electronic check,33.36,530.44,Yes
CUST-02160,Male,0,Yes,No,17,Yes,No,DSL,No,No,No,Yes,No,Yes,Month-to-month,No,Mailed check,65.91,1170.51,Yes
CUST-02161,Male,0,No,Yes,21,Yes,Yes,Fiber optic,No,Yes,Yes,No,No,No,Month-to-month,No,Mailed check,19.28,379.22,No
CUST-02162,Male,0,No,Yes,55,Yes,No,No,No internet service,No internet service,No internet service,No internet service,No internet service,No internet service,Two year,No,Credit card (automatic),33.36,1816.51,No
CUST-02163,Male,0,Yes,No,6,Yes,No,Fiber optic,No,No,No,Yes,No,Yes,Month-to-month,Yes,Bank transfer (automatic),46.05,288.93,Yes
CUST-02164,Female,1,Yes,No,49,Yes,No,DSL,No,Yes,Yes,No,Yes,No,Month-to-month,Yes,Credit card (automatic),38.18,1823.26,No
CUST-02165,Female,1,Yes,No,26,No,No phone service,DSL,No,Yes,Yes,Yes,No,Yes,One year,Yes,Electronic check,54.86,1293.61,No
CUST-02166,Male,0,Yes,No,32,Yes,No,DSL,Yes,Yes,Yes,No,No,No,Month-to-month,No,Mailed check,32.78,963.72,No
CUST-02167,Female,0,Yes,Yes,72,Yes,No,Fiber optic,Yes,No,No,Yes,No,Yes,Two year,Yes,Electronic check,101.72,6571.85,No
CUST-02168,Male,0,No,No,44,Yes,No,Fiber optic,Yes,No,Yes,No,Yes,Yes,Two year,Yes,Credit card (automatic),71.07,3250.19,Yes
CUST-02169,Female,0,No,Yes,59,Yes,Yes,Fiber optic,Yes,Yes,Yes,Yes,No,No,One year,Yes,Electronic check,49.64,3012.58,Yes
CUST-02170,Female,1,No,No,29,Yes,No,DSL,No,No,No,No,No,No,Two year,No,Credit card (automatic),48.11,1363.42,No
CUST-02171,Male,0,No,No,17,Yes,Yes,DSL,No,No,Yes,No,Yes,Yes,Month-to-month,Yes,Mailed check,42.89,631.29,Yes
CUST-02172,Female,0,No,No,18,Yes,Yes,No,No internet service,No internet service,No internet service,No internet service,No internet service,No internet service,Two year,Yes,Electronic check,69.53,1261.96,No
CUST-02173,Male,0,No,No,40,Yes,No,Fiber optic,Yes,Yes,No,Yes,No,No,Two year,Yes,Mailed check,72.18,2926.19,No
CUST-02174,Female,0,No,No,63,Yes,Yes,No,No internet service,No internet service,No internet service,No internet service,No internet service,No internet service,Month-to-month,Yes,Electronic check,119.14,7506.48,No
CUST-02175,Male,1,Yes,No,45,No,No phone service,No,No internet service,No internet service,No internet service,No internet service,No internet service,No internet service,Two year,No,Credit card (automatic),82.16,3269.61,Yes
CUST-02176,Male,1,Yes,Yes,3,Yes,No,No,No internet service,No internet service,No internet service,No internet service,No internet service,No internet service,Two year,Yes,Bank transfer (automatic),72.2,196.34,No
CUST-02177,Female,0,Yes,No,3,Yes,Yes,DSL,No,No,Yes,No,No,No,Month-to-month,No,Electronic check,21.91,66.55,No
CUST-02178,Female,0,No,Yes,38,Yes,No,DSL,No,Yes,Yes,No,Yes,No,Month-to-month,No,Mailed check,74.1,2643.25,Yes
CUST-02179,Male,1,No,No,40,No,No phone service,DSL,No,No,No,No,No,Yes,Month-to-month,Yes,Bank transfer (automatic),68.48,2460.99,No
CUST-02180,Female,1,Yes,No,68,Yes,No,No,No internet service,No internet service,No internet service,No internet service,No internet service,No internet service,One year,Yes,Bank transfer (automatic),109.46,7282.63,No
CUST-02181,Female,0,No,No,54,Yes,Yes,DSL,No,No,No,Yes,Yes,Yes,One year,Yes,Credit card (automatic),91.7,4796.87,No
CUST-02182,Male,0,No,No,20,Yes,Yes,Fiber optic,Yes,No,Yes,Yes,Yes,No,Two year,No,Electronic check,66.92,1276.67,Yes
CUST-02183,Male,0,Yes,No,15,No,No phone service,No,No internet service,No internet service,No internet service,No internet service,No internet service,No internet service,One year,Yes,Electronic check,41.27,568.78,Yes
CUST-02184,Female,0,Yes,Yes,5,Yes,No,No,No internet service,No internet service,No internet service,No internet service,No internet service,No internet service,Month-to-month,Yes,Bank transfer (automatic),90.88,456.65,Yes
CUST-02185,Male,1,Yes,Yes,39,Yes,No,Fiber optic,Yes,Yes,No,No,Yes,Yes,Month-to-month,No,Bank transfer (automatic),47.27,1776.83,No
CUST-02186,Male,0,Yes,No,40,Yes,Yes,DSL,Yes,Yes,Yes,Yes,Yes,No,Two year,Yes,Credit card (automatic),54.0,2209.91,No
CUST-02187,Male,1,No,No,7,Yes,Yes,DSL,No,No,Yes,Yes,No,No,Month-to-month,No,Electronic check,88.62,630.24,No
CUST-02188,Female,0,No,No,72,Yes,No,Fiber optic,No,No,Yes,No,No,No,Two year,No,Electronic check,49.86,3728.39,Yes
CUST-02189,Female,0,No,No,33,Yes,Yes,No,No internet service,No internet service,No internet service,No internet service,No internet service,No internet service,Month-to-month,No,Credit card (automatic),48.28,1590.27,Yes
CUST-02190,Male,0,No,Yes,37,Yes,No,No,No internet service,No internet service,No internet service,No internet service,No internet service,No internet service,Month-to-month,Yes,Electronic check,63.1,2049.1,No
CUST-02191,Female,0,No,No,32,Yes,Yes,DSL,No,No,Yes,Yes,Yes,No,One year,Yes,Bank transfer (automatic),85.67,2530.58,No
CUST-02192,Male,0,No,Yes,43,Yes,No,DSL,No,No,No,Yes,Yes,No,Two year,No,Electronic check,114.07,4907.67,No
CUST-02193,Female,0,No,Yes,63,Yes,No,Fiber optic,No,No,Yes,No,Yes,Yes,Month-to-month,No,Credit card (automatic),33.17,1832.63,No
CUST-02194,Male,0,No,Yes,36,Yes,No,Fiber optic,No,Yes,No,No,No,No,Month-to-month,Yes,Credit card (automatic),43.76,1552.29,Yes
CUST-02195,Male,0,No,No,49,Yes,Yes,DSL,No,No,Yes,No,Yes,No,Two year,Yes,Credit card (automatic),118.51,5317.41,No
CUST-02196,Female,0,Yes,No,25,Yes,No,Fiber optic,No,No,No,No,No,Yes,Month-to-month,Yes,Mailed check,80.95,1815.68,Yes
CUST-02197,Male,0,No,Yes,66,Yes,Yes,No,No internet service,No internet service,No internet service,No internet service,No internet service,No internet service,One year,No,Electronic check,18.98,1201.31,No
CUST-02198,Female,0,Yes,No,9,Yes,No,No,No internet service,No internet service,No internet service,No internet service,No internet service,No internet service,Month-to-month,No,Electronic check,109.25,853.46,Yes
CUST-02199,Female,0,No,No,18,Yes,No,Fiber optic,No,Yes,No,Yes,No,No,Month-to-month,Yes,Electronic check,46.77,832.41,Yes
CUST-02200,Male,0,Yes,No,22,Yes,No,Fiber optic,No,Yes,Yes,Yes,No,No,Month-to-month,Yes,Bank transfer (automatic),74.1,1518.43,Yes
CUST-02201,Male,0,Yes,No,15,Yes,Yes,DSL,No,Yes,No,No,No,No,One year,Yes,Mailed check,55.46,806.53,No
CUST-02202,Female,0,No,Yes,7,Yes,No,Fiber optic,No,No,Yes,Yes,Yes,Yes,One year,Yes,Mailed check,35.78,217.26,No
CUST-02203,Male,0,Yes,No,13,Yes,Yes,DSL,No,Yes,No,Yes,Yes,No,Month-to-month,Yes,Mailed check,79.4,967.89,No
CUST-02204,Male,0,Yes,Yes,36,Yes,No,DSL,No,No,No,Yes,No,Yes,Month-to-month,Yes,Credit card (automatic),39.93,1447.46,Yes
CUST-02205,Male,0,Yes,No,16,Yes,No,DSL,No,No,No,No,Yes,No,Two year,Yes,Credit card (automatic),41.26,654.84,No
CUST-02206,Male,1,No,No,41,Yes,Yes,Fiber optic,Yes,No,Yes,No,Yes,No,One year,Yes,Electronic check,99.87,3921.3,No
CUST-02207,Male,0,No,Yes,21,Yes,Yes,No,No internet service,No internet service,No internet service,No internet service,No internet service,No internet service,Two year,Yes,Credit card (automatic),83.6,1559.76,No
CUST-02208,Female,0,No,No,28,Yes,No,No,No internet service,No internet service,No internet service,No internet service,No internet service,No internet service,Month-to-month,No,Mailed check,111.68,3026.79,No
CUST-02209,Female,0,No,Yes,17,Yes,Yes,Fiber optic,No,Yes,Yes,Yes,No,No,Month-to-month,No,Electronic check,62.67,1049.79,No
CUST-02210,Male,0,Yes,No,65,Yes,No,Fiber optic,No,No,No,No,No,Yes,Month-to-month,No,Credit card (automatic),69.51,4345.98,No
CUST-02211,Male,0,Yes,Yes,13,Yes,Yes,DSL,No,No,No,Yes,No,Yes,One year,No,Electronic check,25.08,326.41,No
CUST-02212,Male,0,Yes,No,36,Yes,No,Fiber optic,Yes,No,No,No,No,No,Month-to-month,No,Electronic check,54.7,1821.79,Yes
CUST-02213,Female,0,No,No,58,Yes,Yes,Fiber optic,Yes,Yes,No,No,Yes,No,One year,Yes,Credit card (automatic),22.97,1237.63,No
CUST-02214,Male,0,No,Yes,20,Yes,Yes,Fiber optic,No,Yes,Yes,No,No,No,One year,Yes,Mailed check,53.71,1115.41,Yes
CUST-02215,Female,0,Yes,No,52,Yes,Yes,DSL,Yes,No,No,No,Yes,No,Month-to-month,No,Credit card (automatic),59.69,3203.21,No
CUST-02216,Female,0,Yes,No,6,Yes,Yes,Fiber optic,Yes,No,No,Yes,No,Yes,Month-to-month,Yes,Electronic check,35.65,189.57,Yes
CUST-02217,Female,0,Yes,No,23,Yes,No,DSL,No,Yes,No,Yes,No,No,One year,Yes,Mailed check,105.22,2175.86,No
CUST-02218,Male,0,No,No,42,Yes,Yes,DSL,Yes,No,No,Yes,Yes,No,Month-to-month,Yes,Electronic check,52.35,2118.44,No
CUST-02219,Female,0,Yes,No,24,Yes,Yes,Fiber optic,No,No,No,No,No,Yes,Month-to-month,No,Mailed check,23.58,544.19,No
CUST-02220,Male,0,Yes,No,5,Yes,Yes,DSL,Yes,No,No,Yes,No,Yes,Month-to-month,Yes,Electronic check,57.82,250.28,No
CUST-02221,Female,0,Yes,Yes,32,Yes,No,Fiber optic,No,No,No,Yes,No,Yes,Month-to-month,Yes,Electronic check,73.9,2442.37,Yes
CUST-02222,Male,0,No,No,46,Yes,No,Fiber optic,No,No,Yes,Yes,Yes,No,One year,No,Bank transfer (automatic),66.76,3085.67,No
CUST-02223,Female,0,No,Yes,17,Yes,Yes,DSL,No,No,Yes,Yes,No,No,One year,No,Bank transfer (automatic),75.46,1294.84,No
CUST-02224,Male,0,Yes,No,27,Yes,No,No,No internet service,No internet service,No internet service,No internet service,No internet service,No internet service,One year,Yes,Mailed check,108.02,2882.5,No
CUST-02225,Female,0,No,No,68,Yes,No,No,No internet service,No internet service,No internet service,No internet service,No internet service,No internet service,Two year,Yes,Electronic check,20.99,1260.77,No
CUST-02226,Male,0,No,No,23,Yes,Yes,DSL,No,No,No,No,No,No,One year,No,Electronic check,98.5,2090.62,Yes
CUST-02227,Male,0,No,No,34,Yes,No,Fiber optic,No,Yes,No,Yes,Yes,No,Month-to-month,Yes,Electronic check,56.34,1753.25,No
CUST-02228,Male,0,Yes,Yes,21,No,No phone service,Fiber optic,No,No,No,No,No,No,One year,Yes,Electronic check,57.17,1257.8,Yes
CUST-02229,Male,0,No,Yes,22,Yes,Yes,Fiber optic,Yes,No,No,No,Yes,Yes,Month-to-month,Yes,Electronic check,78.2,1501.28,No
CUST-02230,Female,1,No,Yes,65,Yes,No,No,No internet service,No internet service,No internet service,No internet service,No internet service,No internet service,Month-to-month,Yes,Mailed check,78.54,4905.89,No
CUST-02231,Female,0,Yes,No,32,Yes,No,DSL,Yes,No,No,Yes,No,Yes,Month-to-month,Yes,Electronic check,28.78,925.0,No
CUST-02232,Male,0,No,No,62,No,No phone service,Fiber optic,Yes,No,No,Yes,Yes,Yes,Month-to-month,No,Credit card (automatic),82.66,4773.33,No
CUST-02233,Female,1,Yes,No,28,Yes,Yes,No,No internet service,No internet service,No internet service,No internet service,No internet service,No internet service,Month-to-month,Yes,Electronic check,35.89,960.08,Yes
CUST-02234,Male,0,Yes,No,7,Yes,Yes,DSL,No,Yes,Yes,Yes,No,No,One year,Yes,Bank transfer (automatic),48.09,297.31,Yes
CUST-02235,Male,0,Yes,No,54,Yes,No,DSL,Yes,No,Yes,Yes,No,No,Month-to-month,Yes,Mailed check,67.32,3241.17,No
CUST-02236,Female,0,Yes,No,70,Yes,No,DSL,Yes,Yes,Yes,No,No,No,Month-to-month,No,Bank transfer (automatic),86.07,5959.02,Yes
CUST-02237,Male,0,Yes,Yes,14,Yes,No,DSL,Yes,No,No,No,No,No,Month-to-month,Yes,Mailed check,95.23,1326.29,Yes
CUST-02238,Male,0,Yes,Yes,55,Yes,No,DSL,No,Yes,Yes,No,No,No,Two year,Yes,Mailed check,91.35,4831.49,Yes
CUST-02239,Female,0,No,No,58,Yes,Yes,DSL,No,No,Yes,No,Yes,No,One year,Yes,Bank transfer (automatic),71.07,4250.15,No
CUST-02240,Male,0,No,No,44,Yes,No,DSL,Yes,Yes,Yes,No,No,No,Month-to-month,No,Electronic check,35.36,1438.34,No
CUST-02241,Male,0,Yes,No,46,Yes,No,DSL,No,Yes,No,Yes,No,No,Two year,No,Mailed check,87.04,3984.48,No
CUST-02242,Male,1,No,No,14,Yes,No,Fiber optic,Yes,No,Yes,No,No,No,Month-to-month,No,Credit card (automatic),117.61,1638.36,Yes
CUST-02243,Male,1,No,No,44,Yes,Yes,No,No internet service,No internet service,No internet service,No internet service,No internet service,No internet service,One year,No,Electronic check,101.27,4200.15,No
CUST-02244,Female,0,Yes,No,41,Yes,No,No,No internet service,No internet service,No internet service,No internet service,No internet service,No internet service,Month-to-month,Yes,Electronic check,61.96,2580.22,Yes
CUST-02245,Female,0,Yes,Yes,2,Yes,Yes,DSL,Yes,No,Yes,No,No,Yes,Two year,Yes,Bank transfer (automatic),64.84,123.86,No
CUST-02246,Female,0,No,Yes,5,Yes,No,Fiber optic,Yes,Yes,Yes,Yes,Yes,No,One year,No,Credit card (automatic),115.35,562.45,No
CUST-02247,Male,1,No,Yes,12,Yes,Yes,No,No internet service,No internet service,No internet service,No internet service,No internet service,No internet service,Month-to-month,Yes,Mailed check,24.91,256.7,No
CUST-02248,Male,0,Yes,Yes,47,Yes,Yes,No,No internet service,No internet service,No internet service,No internet service,No internet service,No internet service,One year,Yes,Credit card (automatic),78.48,3644.51,Yes
CUST-02249,Female,0,Yes,No,35,Yes,Yes,No,No internet service,No internet service,No internet service,No internet service,No internet service,No internet service,Month-to-month,Yes,Mailed check,32.38,1110.88,No
CUST-02250,Male,0,No,No,19,Yes,Yes,No,No internet service,No internet service,No internet service,No internet service,No internet service,No internet service,Month-to-month,No,Electronic check,25.69,503.42,Yes
CUST-02251,Male,0,No,No,63,Yes,No,DSL,Yes,Yes,Yes,Yes,Yes,No,Month-to-month,Yes,Mailed check,47.01,2600.8,No
CUST-02252,Male,0,Yes,No,8,No,No phone service,DSL,Yes,Yes,No,No,No,Yes,One year,No,Mailed check,41.4,294.11,No
CUST-02253,Male,0,No,Yes,23,No,No phone service,Fiber optic,Yes,Yes,Yes,Yes,No,Yes,Month-to-month,Yes,Electronic check,22.64,492.71,No
CUST-02254,Female,0,Yes,No,13,Yes,Yes,DSL,Yes,No,No,No,Yes,No,One year,Yes,Mailed check,105.01,1255.14,No
CUST-02255,Female,0,Yes,No,23,Yes,Yes,No,No internet service,No internet service,No internet service,No internet service,No internet service,No internet service,One year,No,Mailed check,103.19,2083.79,No
CUST-02256,Female,0,Yes,No,31,Yes,Yes,Fiber optic,No,Yes,Yes,No,Yes,No,Month-to-month,Yes,Credit card (automatic),87.44,2387.03,Yes
CUST-02257,Male,0,No,No,30,Yes,Yes,No,No internet service,No internet service,No internet service,No internet service,No internet service,No internet service,Month-to-month,No,Electronic check,96.37,2870.9,Yes
CUST-02258,Female,1,Yes,No,42,Yes,No,Fiber optic,No,No,No,No,Yes,No,Month-to-month,Yes,Credit card (automatic),24.79,1040.89,Yes
CUST-02259,Female,1,Yes,No,2,Yes,No,Fiber optic,No,No,Yes,Yes,No,No,One year,No,Electronic check,45.82,94.24,Yes
CUST-02260,Male,1,No,Yes,11,Yes,Yes,DSL,No,No,No,No,No,No,Two year,No,Electronic check,78.35,786.08,Yes
CUST-02261,Male,1,No,Yes,25,Yes,No,DSL,No,Yes,Yes,Yes,No,No,Month-to-month,Yes,Electronic check,109.0,2563.44,Yes
CUST-02262,Female,0,Yes,No,29,Yes,Yes,Fiber optic,No,Yes,Yes,No,No,No,One year,Yes,Bank transfer (automatic),90.1,2293.47,No
CUST-02263,Female,0,Yes,No,22,Yes,No,No,No internet service,No internet service,No internet service,No internet service,No internet service,No internet service,Month-to-month,No,Electronic check,19.82,381.43,Yes
CUST-02264,Female,0,No,No,19,Yes,No,No,No internet service,No internet service,No internet service,No internet service,No internet service,No internet service,Month-to-month,No,Bank transfer (automatic),42.39,686.4,No
CUST-02265,Female,1,No,No,41,Yes,Yes,DSL,Yes,No,No,Yes,Yes,No,Two year,Yes,Bank transfer (automatic),59.26,2147.52,No
CUST-02266,Male,0,Yes,No,38,No,No phone service,DSL,Yes,No,Yes,Yes,Yes,Yes,Two year,Yes,Mailed check,81.43,2803.37,No
CUST-02267,Female,0,No,Yes,29,Yes,Yes,DSL,No,No,No,No,No,No,Month-to-month,Yes,Electronic check,85.8,2396.29,No
CUST-02268,Female,0,Yes,Yes,22,Yes,No,DSL,No,Yes,Yes,Yes,Yes,No,Month-to-month,No,Credit card (automatic),80.32,1721.56,No
CUST-02269,Male,0,No,Yes,8,No,No phone service,No,No internet service,No internet service,No internet service,No internet service,No internet service,No internet service,Month-to-month,Yes,Electronic check,25.22,193.59,Yes
CUST-02270,Female,0,Yes,No,47,Yes,Yes,DSL,Yes,Yes,No,No,No,No,One year,No,Electronic check,95.3,3836.23,No
CUST-02271,Male,0,No,No,6,Yes,Yes,Fiber optic,No,No,Yes,Yes,Yes,Yes,One year,Yes,Bank transfer (automatic),86.35,494.35,Yes
CUST-02272,Male,0,Yes,No,7,Yes,No,Fiber optic,No,Yes,Yes,No,No,No,One year,Yes,Electronic check,39.76,261.69,Yes
CUST-02273,Male,0,No,No,36,Yes,No,DSL,No,Yes,Yes,No,Yes,Yes,One year,No,Bank transfer (automatic),68.62,2480.92,No
CUST-02274,Female,0,No,Yes,8,Yes,Yes,Fiber optic,No,No,No,Yes,No,No,Month-to-month,Yes,Mailed check,44.13,364.2,Yes
CUST-02275,Female,0,Yes,Yes,46,Yes,Yes,Fiber optic,Yes,Yes,No,Yes,No,No,Month-to-month,Yes,Mailed check,88.03,3979.45,Yes
CUST-02276,Male,1,No,No,64,Yes,No,DSL,No,No,No,Yes,No,No,Month-to-month,No,Credit card (automatic),40.02,2541.54,No
CUST-02277,Female,0,Yes,No,31,No,No phone service,Fiber optic,Yes,No,No,No,Yes,Yes,Month-to-month,Yes,Electronic check,20.06,576.86,No
CUST-02278,Female,0,No,Yes,23,Yes,Yes,DSL,No,Yes,Yes,No,Yes,No,Month-to-month,No,Bank transfer (automatic),62.03,1381.53,No
CUST-02279,Male,0,No,No,61,No,No phone service,Fiber optic,No,Yes,Yes,Yes,Yes,No,Month-to-month,No,Bank transfer (automatic),22.39,1310.19,No
CUST-02280,Male,0,No,No,50,Yes,Yes,No,No internet service,No internet service,No internet service,No internet service,No internet service,No internet service,Month-to-month,Yes,Credit card (automatic),22.41,1170.44,No
CUST-02281,Female,0,No,Yes,46,No,No phone service,Fiber optic,No,Yes,Yes,No,No,Yes,Two year,Yes,Bank transfer (automatic),37.5,1718.93,No
CUST-02282,Male,0,No,No,43,Yes,Yes,Fiber optic,No,Yes,No,No,No,No,One year,Yes,Electronic check,91.55,3563.99,No
CUST-02283,Female,0,Yes,Yes,10,Yes,No,Fiber optic,Yes,No,No,No,Yes,No,One year,No,Electronic check,114.17,1173.04,No
CUST-02284,Female,0,Yes,No,20,Yes,No,No,No internet service,No internet service,No internet service,No internet service,No internet service,No internet service,One year,No,Mailed check,70.29,1345.7,No
CUST-02285,Female,0,No,Yes,16,Yes,Yes,DSL,Yes,No,No,No,Yes,No,One year,No,Bank transfer (automatic),87.15,1229.49,No
CUST-02286,Female,0,No,No,3,Yes,Yes,Fiber optic,No,Yes,No,No,Yes,No,Month-to-month,No,Electronic check,23.06,70.34,No
CUST-02287,Male,0,No,No,30,Yes,No,Fiber optic,Yes,No,No,Yes,Yes,Yes,One year,Yes,Electronic check,98.62,2826.74,No
CUST-02288,Male,0,No,No,18,Yes,Yes,No,No internet service,No internet service,No internet service,No internet service,No internet service,No internet service,One year,Yes,Bank transfer (automatic),63.72,993.09,No
CUST-02289,Male,0,Yes,Yes,59,Yes,Yes,DSL,No,Yes,No,Yes,No,Yes,One year,No,Electronic check,67.2,3680.06,No
CUST-02290,Male,1,Yes,Yes,70,Yes,Yes,No,No internet service,No internet service,No internet service,No internet service,No internet service,No internet service,Two year,No,Mailed check,99.87,6624.07,No
CUST-02291,Female,0,Yes,No,35,Yes,No,Fiber optic,No,Yes,Yes,Yes,No,Yes,Two year,Yes,Bank transfer (automatic),29.89,947.17,No
CUST-02292,Female,0,No,Yes,19,Yes,No,Fiber optic,No,Yes,No,Yes,No,No,One year,No,Mailed check,64.48,1113.26,No
CUST-02293,Male,0,Yes,No,26,Yes,No,Fiber optic,No,Yes,Yes,No,Yes,No,Two year,No,Bank transfer (automatic),73.01,1662.97,No
CUST-02294,Female,0,Yes,No,35,Yes,Yes,Fiber optic,Yes,No,Yes,Yes,Yes,No,Month-to-month,No,Electronic check,80.57,2797.7,No
CUST-02295,Female,0,No,Yes,72,Yes,Yes,DSL,Yes,Yes,Yes,No,Yes,Yes,Month-to-month,Yes,Credit card (automatic),90.16,5587.14,Yes
CUST-02296,Female,0,No,No,57,Yes,No,DSL,No,Yes,No,No,No,Yes,One year,Yes,Electronic check,82.37,4256.1,Yes
CUST-02297,Male,0,No,No,49,Yes,Yes,DSL,No,No,No,No,No,No,Two year,No,Bank transfer (automatic),104.46,4567.29,No
CUST-02298,Male,0,No,No,10,Yes,No,Fiber optic,No,No,Yes,Yes,No,No,One year,Yes,Electronic check,118.16,1110.37,Yes
CUST-02299,Male,0,No,No,29,Yes,Yes,Fiber optic,Yes,No,No,Yes,No,Yes,Two year,No,Credit card (automatic),19.72,575.98,No
CUST-02300,Female,0,Yes,No,71,Yes,No,DSL,No,Yes,No,No,No,No,Month-to-month,No,Electronic check,60.15,3885.3,Yes
CUST-02301,Male,0,No,Yes,68,Yes,No,Fiber optic,No,No,Yes,Yes,No,No,Month-to-month,Yes,Bank transfer (automatic),59.72,4160.89,Yes
CUST-02302,Male,0,Yes,Yes,24,Yes,No,DSL,No,Yes,No,No,No,Yes,Month-to-month,No,Electronic check,94.55,2322.36,Yes
CUST-02303,Male,1,No,No,43,Yes,Yes,DSL,No,Yes,No,No,No,No,Month-to-month,Yes,Bank transfer (automatic),47.63,1907.87,Yes
CUST-02304,Male,0,No,No,39,Yes,Yes,DSL,No,No,No,No,No,Yes,Month-to-month,No,Electronic check,19.54,774.12,No
CUST-02305,Male,0,No,Yes,25,Yes,No,Fiber optic,No,No,Yes,No,Yes,No,Two year,Yes,Credit card (automatic),25.62,582.8,Yes
CUST-02306,Male,0,Yes,Yes,68,Yes,Yes,DSL,Yes,Yes,Yes,Yes,No,No,One year,No,Bank transfer (automatic),112.21,6880.4,No
CUST-02307,Female,0,Yes,Yes,34,Yes,No,DSL,No,No,No,Yes,Yes,Yes,Month-to-month,Yes,Mailed check,111.66,3887.1,Yes
CUST-02308,Female,0,No,Yes,53,Yes,No,Fiber optic,No,No,No,No,No,No,Month-to-month,Yes,Mailed check,44.14,2303.89,No
CUST-02309,Male,0,Yes,Yes,55,Yes,No,DSL,Yes,Yes,Yes,Yes,Yes,No,One year,Yes,Bank transfer (automatic),113.47,5609.25,No
CUST-02310,Male,0,No,No,53,Yes,No,Fiber optic,Yes,Yes,Yes,Yes,No,No,Two year,Yes,Bank transfer (automatic),107.35,4865.32,No
CUST-02311,Female,0,No,No,18,Yes,Yes,Fiber optic,No,Yes,No,No,Yes,Yes,Month-to-month,No,Bank transfer (automatic),88.28,1588.9,Yes
CUST-02312,Female,1,No,Yes,7,Yes,No,No,No internet service,No internet service,No internet service,No internet service,No internet service,No internet service,Month-to-month,No,Electronic check,42.96,274.35,Yes
CUST-02313,Male,0,No,Yes,63,Yes,Yes,No,No internet service,No internet service,No internet service,No internet service,No internet service,No internet service,Month-to-month,No,Credit card (automatic),30.07,1647.21,No
CUST-02314,Male,0,No,No,42,Yes,No,No,No internet service,No internet service,No internet service,No internet service,No internet service,No internet service,Month-to-month,No,Mailed check,35.11,1338.49,No
CUST-02315,Male,1,Yes,No,11,Yes,No,Fiber optic,Yes,No,Yes,Yes,No,No,One year,No,Credit card (automatic),38.17,393.29,No
CUST-02316,Male,0,Yes,Yes,9,Yes,No,Fiber optic,No,No,Yes,Yes,No,Yes,Two year,Yes,Credit card (automatic),100.33,806.94,Yes
CUST-02317,Female,0,No,No,35,Yes,No,No,No internet service,No internet service,No internet service,No internet service,No internet service,No internet service,Two year,Yes,Electronic check,50.73,1530.55,No
CUST-02318,Male,0,No,No,65,Yes,No,Fiber optic,Yes,No,No,Yes,Yes,Yes,One year,Yes,Mailed check,87.15,5192.71,No
CUST-02319,Male,1,No,No,5,Yes,No,Fiber optic,Yes,No,No,Yes,No,No,Month-to-month,Yes,Mailed check,96.38,457.95,No
CUST-02320,Male,0,No,No,26,Yes,No,Fiber optic,Yes,Yes,No,Yes,No,No,Month-to-month,Yes,Electronic check,62.22,1632.3,Yes
CUST-02321,Male,0,Yes,No,51,No,No phone service,Fiber optic,Yes,No,Yes,Yes,No,No,Month-to-month,Yes,Electronic check,39.82,2044.0,No
CUST-02322,Female,0,Yes,No,38,Yes,Yes,DSL,No,Yes,No,No,No,Yes,Month-to-month,Yes,Electronic check,66.4,2225.74,No
CUST-02323,Female,0,Yes,No,3,Yes,Yes,No,No internet service,No internet service,No internet service,No internet service,No internet service,No internet service,Month-to-month,No,Bank transfer (automatic),31.69,89.73,No
CUST-02324,Female,0,No,Yes,59,Yes,Yes,No,No internet service,No internet service,No internet service,No internet service,No internet service,No internet service,Month-to-month,No,Mailed check,101.18,6108.48,No
CUST-02325,Male,0,Yes,No,13,Yes,Yes,DSL,Yes,No,Yes,No,No,No,Two year,Yes,Electronic check,100.24,1120.89,No
CUST-02326,Male,0,Yes,Yes,35,No,No phone service,No,No internet service,No internet service,No internet service,No internet service,No internet service,No internet service,Month-to-month,No,Electronic check,113.26,3754.13,No
CUST-02327,Female,0,No,Yes,3,Yes,No,DSL,Yes,Yes,Yes,No,No,Yes,Month-to-month,Yes,Mailed check,100.81,287.44,Yes
CUST-02328,Male,0,Yes,No,53,Yes,Yes,DSL,Yes,Yes,No,No,No,Yes,Month-to-month,No,Mailed check,84.2,4533.52,No
CUST-02329,Male,1,No,No,55,No,No phone service,Fiber optic,Yes,No,Yes,No,No,Yes,Month-to-month,Yes,Electronic check,56.53,2951.94,No
CUST-02330,Female,1,No,No,45,Yes,No,DSL,Yes,No,Yes,No,Yes,No,Month-to-month,Yes,Electronic check,68.65,2688.41,No
CUST-02331,Female,0,Yes,Yes,66,Yes,No,Fiber optic,Yes,Yes,No,No,No,Yes,One year,Yes,Electronic check,37.02,2413.95,No
CUST-02332,Female,0,Yes,No,67,No,No phone service,DSL,No,No,No,No,No,No,Month-to-month,Yes,Electronic check,86.7,5597.74,Yes
CUST-02333,Female,0,No,No,44,Yes,Yes,Fiber optic,Yes,Yes,No,No,No,No,Two year,Yes,Mailed check,103.14,4281.31,No
CUST-02334,Male,0,Yes,Yes,68,Yes,Yes,Fiber optic,Yes,Yes,No,No,No,Yes,Month-to-month,No,Mailed check,89.11,5498.77,Yes
CUST-02335,Male,0,Yes,No,62,Yes,No,No,No internet service,No internet service,No internet service,No internet service,No internet service,No internet service,Two year,Yes,Credit card (automatic),115.61,6202.54,No
CUST-02336,Female,0,Yes,No,25,Yes,Yes,Fiber optic,No,No,No,Yes,Yes,No,Month-to-month,No,Electronic check,117.25,3029.8,Yes
CUST-02337,Male,1,Yes,Yes,52,Yes,No,DSL,Yes,Yes,Yes,Yes,Yes,Yes,Month-to-month,No,Bank transfer (automatic),89.04,4715.16,Yes
CUST-02338,Female,0,No,Yes,50,Yes,No,Fiber optic,No,Yes,Yes,No,Yes,No,Two year,Yes,Electronic check,94.1,4883.63,No
CUST-02339,Female,0,Yes,No,1,Yes,No,No,No internet service,No internet service,No internet service,No internet service,No internet service,No internet service,One year,No,Mailed check,51.39,53.35,No
CUST-02340,Male,0,No,No,39,Yes,No,Fiber optic,No,No,No,Yes,Yes,No,Month-to-month,No,Mailed check,22.6,779.78,Yes
CUST-02341,Female,0,Yes,Yes,52,Yes,No,Fiber optic,No,No,Yes,Yes,Yes,Yes,Month-to-month,No,Mailed check,105.55,5018.23,Yes
CUST-02342,Male,0,No,No,40,Yes,Yes,Fiber optic,No,No,Yes,Yes,No,Yes,One year,No,Bank transfer (automatic),88.17,3334.66,No
CUST-02343,Male,0,No,Yes,60,Yes,Yes,Fiber optic,No,Yes,Yes,No,No,No,Month-to-month,No,Electronic check,116.41,6504.67,Yes
CUST-02344,Male,0,No,No,69,Yes,Yes,Fiber optic,No,Yes,Yes,Yes,No,No,Two year,No,Electronic check,18.03,1297.32,No
CUST-02345,Male,1,No,No,20,Yes,No,Fiber optic,No,Yes,Yes,No,No,No,Month-to-month,No,Mailed check,91.01,1654.44,No
CUST-02346,Female,0,Yes,Yes,2,Yes,Yes,DSL,Yes,No,Yes,Yes,No,No,Month-to-month,No,Electronic check,45.36,79.31,Yes
CUST-02347,Male,1,No,No,9,Yes,Yes,No,No internet service,No internet service,No internet service,No internet service,No internet service,No internet service,Two year,No,Electronic check,63.32,537.34,No
CUST-02348,Female,0,Yes,No,39,No,No phone service,DSL,No,No,Yes,No,Yes,Yes,One year,Yes,Bank transfer (automatic),64.06,2377.79,No
CUST-02349,Female,0,Yes,No,30,Yes,Yes,Fiber optic,Yes,Yes,No,No,No,No,One year,Yes,Credit card (automatic),21.64,604.9,No
CUST-02350,Female,0,No,No,54,Yes,No,DSL,No,No,No,No,No,Yes,Two year,No,Electronic check,104.91,5708.12,No
CUST-02351,Female,0,Yes,No,58,Yes,No,Fiber optic,Yes,Yes,Yes,Yes,Yes,No,Two year,No,Bank transfer (automatic),27.02,1486.92,No
CUST-02352,Male,0,No,No,44,Yes,No,Fiber optic,No,No,No,No,Yes,Yes,Month-to-month,Yes,Credit card (automatic),115.19,4618.0,No
CUST-02353,Male,0,Yes,Yes,43,Yes,No,DSL,No,No,No,Yes,No,No,Month-to-month,No,Electronic check,76.24,3105.47,No
CUST-02354,Female,0,No,No,10,Yes,Yes,No,No internet service,No internet service,No internet service,No internet service,No internet service,No internet service,Month-to-month,No,Electronic check,46.02,473.97,No
CUST-02355,Female,0,No,Yes,48,Yes,Yes,Fiber optic,No,No,No,Yes,No,No,One year,Yes,Credit card (automatic),83.15,4080.32,No
CUST-02356,Male,0,No,Yes,17,Yes,No,Fiber optic,No,No,Yes,Yes,No,No,Month-to-month,No,Electronic check,112.59,1877.75,No
CUST-02357,Female,0,No,Yes,5,Yes,Yes,Fiber optic,Yes,No,No,No,No,Yes,Month-to-month,No,Bank transfer (automatic),97.64,478.52,Yes
CUST-02358,Male,0,No,No,70,Yes,Yes,DSL,No,No,No,No,Yes,Yes,One year,No,Mailed check,34.89,2370.24,No
CUST-02359,Female,0,No,No,64,Yes,No,Fiber optic,Yes,Yes,Yes,Yes,Yes,No,Two year,Yes,Bank transfer (automatic),49.61,2844.3,No
CUST-02360,Male,0,Yes,Yes,66,Yes,No,DSL,No,No,No,No,Yes,No,Month-to-month,No,Mailed check,29.08,1867.71,No
CUST-02361,Female,1,No,Yes,71,Yes,No,Fiber optic,No,Yes,No,Yes,Yes,No,Month-to-month,Yes,Mailed check,92.59,6377.12,No
CUST-02362,Female,0,Yes,No,4,Yes,Yes,No,No internet service,No internet service,No internet service,No internet service,No internet service,No internet service,Month-to-month,Yes,Bank transfer (automatic),38.5,148.42,No
CUST-02363,Male,0,Yes,No,28,Yes,Yes,DSL,Yes,No,Yes,No,No,Yes,Month-to-month,Yes,Mailed check,94.05,2662.49,Yes
CUST-02364,Female,0,Yes,No,38,Yes,No,Fiber optic,No,Yes,No,Yes,No,No,Two year,Yes,Credit card (automatic),31.44,1026.37,No
CUST-02365,Female,0,Yes,No,66,Yes,No,DSL,Yes,Yes,Yes,Yes,No,No,Month-to-month,No,Bank transfer (automatic),95.78,5951.19,No
CUST-02366,Male,0,No,No,67,Yes,No,DSL,Yes,No,Yes,No,No,No,One year,Yes,Credit card (automatic),70.47,4063.86,No
CUST-02367,Female,1,No,Yes,60,Yes,Yes,Fiber optic,No,No,No,No,Yes,Yes,Month-to-month,Yes,Mailed check,103.55,6269.9,No
CUST-02368,Male,1,No,No,47,Yes,No,DSL,No,Yes,No,No,No,No,Month-to-month,Yes,Credit card (automatic),70.93,2989.02,No
CUST-02369,Male,0,No,No,25,Yes,Yes,Fiber optic,Yes,No,Yes,No,No,Yes,Month-to-month,Yes,Mailed check,43.36,1000.66,No
CUST-02370,Female,0,Yes,No,66,Yes,No,DSL,No,Yes,No,No,No,No,Month-to-month,No,Mailed check,87.46,5285.13,Yes
CUST-02371,Female,0,Yes,Yes,67,Yes,Yes,No,No internet service,No internet service,No internet service,No internet service,No internet service,No internet service,Month-to-month,No,Credit card (automatic),48.63,3380.12,No
CUST-02372,Female,0,Yes,Yes,69,Yes,Yes,Fiber optic,No,No,No,No,No,No,Month-to-month,No,Mailed check,27.39,1734.56,No
CUST-02373,Female,0,No,Yes,40,Yes,No,DSL,No,No,Yes,No,Yes,Yes,Two year,Yes,Mailed check,102.33,3521.59,No
CUST-02374,Female,0,Yes,No,50,Yes,Yes,DSL,Yes,Yes,No,Yes,No,No,Month-to-month,Yes,Mailed check,92.41,3962.15,No
CUST-02375,Female,0,No,No,40,Yes,Yes,DSL,Yes,No,Yes,Yes,Yes,Yes,Month-to-month,No,Credit card (automatic),23.86,852.54,No
CUST-02376,Female,0,No,Yes,37,Yes,Yes,DSL,No,No,Yes,No,Yes,Yes,Month-to-month,No,Electronic check,112.55,3614.31,Yes
CUST-02377,Male,0,No,No,69,Yes,No,Fiber optic,Yes,No,Yes,No,Yes,Yes,One year,Yes,Credit card (automatic),38.77,2698.61,No
CUST-02378,Female,0,No,No,17,Yes,Yes,No,No internet service,No internet service,No internet service,No internet service,No internet service,No internet service,Month-to-month,Yes,Electronic check,93.85,1571.35,Yes
CUST-02379,Male,1,No,No,62,Yes,Yes,DSL,No,No,No,No,Yes,No,Month-to-month,Yes,Electronic check,20.23,1260.71,No
CUST-02380,Female,0,Yes,No,41,Yes,Yes,Fiber optic,No,Yes,No,Yes,No,No,Month-to-month,No,Mailed check,66.84,2621.21,No
CUST-02381,Female,1,Yes,No,42,Yes,No,Fiber optic,Yes,No,No,Yes,Yes,No,Month-to-month,Yes,Electronic check,44.19,1753.36,Yes
CUST-02382,Male,0,No,No,31,Yes,No,Fiber optic,Yes,Yes,No,Yes,No,No,Month-to-month,No,Mailed check,74.63,2133.99,Yes
CUST-02383,Female,0,No,No,33,Yes,No,DSL,No,Yes,Yes,No,No,No,One year,Yes,Electronic check,45.56,1522.57,No
CUST-02384,Female,1,No,No,43,No,No phone service,No,No internet service,No internet service,No internet service,No internet service,No internet service,No internet service,Month-to-month,No,Electronic check,68.68,2511.3,No
CUST-02385,Male,0,Yes,Yes,67,Yes,No,Fiber optic,No,Yes,No,No,Yes,No,Month-to-month,Yes,Credit card (automatic),19.15,1222.88,No
CUST-02386,Female,0,No,No,38,Yes,No,No,No internet service,No internet service,No internet service,No internet service,No internet service,No internet service,One year,Yes,Credit card (automatic),110.6,3886.52,No
CUST-02387,Female,0,Yes,Yes,41,Yes,No,DSL,No,No,No,Yes,Yes,Yes,Month-to-month,Yes,Electronic check,100.47,3628.33,No
CUST-02388,Female,0,Yes,Yes,63,Yes,No,Fiber optic,No,No,No,Yes,Yes,Yes,Month-to-month,Yes,Credit card (automatic),20.55,1284.76,No
CUST-02389,Male,0,Yes,Yes,40,Yes,Yes,Fiber optic,Yes,No,No,Yes,Yes,Yes,One year,No,Mailed check,118.62,4287.56,No
CUST-02390,Female,1,Yes,No,30,Yes,No,Fiber optic,No,No,Yes,Yes,Yes,No,Two year,Yes,Credit card (automatic),112.65,3154.89,Yes
CUST-02391,Female,1,Yes,No,47,Yes,No,DSL,No,Yes,Yes,No,Yes,No,Two year,No,Electronic check,85.26,3638.41,No
CUST-02392,Female,1,Yes,Yes,22,Yes,No,No,No internet service,No internet service,No internet service,No internet service,No internet service,No internet service,One year,No,Mailed check,58.19,1244.22,No
CUST-02393,Female,0,No,No,55,Yes,No,No,No internet service,No internet service,No internet service,No internet service,No internet service,No internet service,Month-to-month,No,Credit card (automatic),108.16,5069.39,Yes
CUST-02394,Male,0,No,No,43,Yes,Yes,DSL,Yes,Yes,Yes,No,No,No,One year,No,Electronic check,105.54,4452.63,No
CUST-02395,Male,0,No,No,61,No,No phone service,Fiber optic,No,No,No,No,No,No,Two year,No,Credit card (automatic),60.97,3468.61,No
CUST-02396,Female,1,Yes,Yes,32,Yes,No,DSL,Yes,Yes,Yes,No,No,Yes,Month-to-month,Yes,Credit card (automatic),89.9,2856.23,Yes
CUST-02397,Female,0,No,Yes,4,Yes,Yes,No,No internet service,No internet service,No internet service,No internet service,No internet service,No internet service,Two year,No,Electronic check,100.66,409.8,Yes
CUST-02398,Male,0,Yes,No,45,Yes,Yes,Fiber optic,Yes,Yes,Yes,No,No,Yes,One year,Yes,Electronic check,101.38,4346.99,No
CUST-02399,Male,0,Yes,No,72,Yes,No,DSL,Yes,No,No,Yes,No,No,Month-to-month,No,Electronic check,117.3,8646.95,No
CUST-02400,Female,0,No,No,20,Yes,Yes,DSL,Yes,Yes,No,No,No,No,Two year,Yes,Electronic check,99.6,1746.31,Yes
CUST-02401,Male,0,Yes,No,71,Yes,No,DSL,Yes,Yes,Yes,No,No,Yes,Month-to-month,No,Mailed check,74.59,4538.05,No
CUST-02402,Female,1,No,No,65,Yes,Yes,DSL,Yes,No,No,Yes,No,Yes,Two year,No,Credit card (automatic),100.01,6676.75,No
CUST-02403,Male,1,No,Yes,60,Yes,No,DSL,Yes,Yes,Yes,No,No,Yes,Month-to-month,Yes,Mailed check,48.82,2558.84,No
CUST-02404,Male,0,No,No,26,Yes,Yes,Fiber optic,Yes,Yes,No,Yes,No,No,Two year,No,Credit card (automatic),43.2,995.39,Yes
CUST-02405,Male,0,No,No,23,Yes,Yes,Fiber optic,Yes,Yes,Yes,No,No,No,Month-to-month,No,Mailed check,48.21,969.39,No
CUST-02406,Male,1,No,Yes,40,Yes,No,Fiber optic,No,Yes,No,No,No,No,One year,Yes,Bank transfer (automatic),73.51,2600.11,No
CUST-02407,Female,0,Yes,Yes,2,Yes,Yes,Fiber optic,Yes,Yes,Yes,Yes,No,No,Month-to-month,Yes,Credit card (automatic),78.04,160.73,No
CUST-02408,Male,0,No,No,26,Yes,No,DSL,Yes,No,Yes,Yes,No,No,Month-to-month,Yes,Bank transfer (automatic),50.67,1343.22,Yes
CUST-02409,Male,0,Yes,No,62,Yes,Yes,DSL,Yes,Yes,Yes,No,No,Yes,Two year,No,Mailed check,67.14,3759.33,No
CUST-02410,Female,0,No,Yes,44,Yes,No,Fiber optic,No,No,No,No,No,Yes,Month-to-month,Yes,Mailed check,76.86,3351.16,No
CUST-02411,Male,0,No,Yes,31,Yes,Yes,Fiber optic,No,No,No,No,No,Yes,One year,Yes,Mailed check,46.3,1446.31,Yes
CUST-02412,Male,0,Yes,Yes,26,Yes,Yes,Fiber optic,Yes,No,Yes,No,No,Yes,Two year,Yes,Electronic check,23.79,544.92,No
CUST-02413,Female,0,No,No,5,No,No phone service,DSL,Yes,No,No,Yes,Yes,No,Month-to-month,No,Mailed check,28.77,128.84,No
CUST-02414,Male,0,Yes,No,70,Yes,Yes,Fiber optic,No,No,Yes,Yes,Yes,No,One year,No,Mailed check,80.5,5328.24,Yes
CUST-02415,Female,1,Yes,No,35,Yes,Yes,No,No internet service,No internet service,No internet service,No internet service,No internet service,No internet service,Two year,No,Bank transfer (automatic),112.02,3831.8,No
CUST-02416,Female,0,No,No,16,Yes,No,Fiber optic,No,No,Yes,No,No,No,Month-to-month,No,Electronic check,63.46,948.51,No
CUST-02417,Female,1,Yes,No,31,Yes,No,DSL,Yes,Yes,Yes,No,Yes,Yes,Month-to-month,No,Credit card (automatic),69.87,2180.16,No
CUST-02418,Female,0,Yes,Yes,14,Yes,No,No,No internet service,No internet service,No internet service,No internet service,No internet service,No internet service,One year,Yes,Electronic check,22.1,324.27,No
CUST-02419,Male,0,Yes,No,25,Yes,No,DSL,Yes,No,Yes,Yes,Yes,Yes,Two year,Yes,Bank transfer (automatic),115.14,2944.59,No
CUST-02420,Female,0,No,Yes,71,No,No phone service,Fiber optic,No,Yes,No,No,Yes,Yes,One year,Yes,Bank transfer (automatic),105.55,7646.28,Yes
CUST-02421,Male,1,Yes,Yes,18,Yes,No,DSL,No,No,No,Yes,No,No,One year,Yes,Credit card (automatic),67.79,1086.38,No
CUST-02422,Male,0,Yes,Yes,50,Yes,No,No,No internet service,No internet service,No internet service,No internet service,No internet service,No internet service,One year,Yes,Credit card (automatic),107.98,5565.78,No
CUST-02423,Male,0,No,No,20,Yes,Yes,Fiber optic,No,Yes,No,Yes,No,Yes,One year,No,Credit card (automatic),62.57,1311.71,No
CUST-02424,Male,0,Yes,No,56,Yes,No,Fiber optic,No,Yes,Yes,No,Yes,Yes,Month-to-month,No,Bank transfer (automatic),64.66,3487.56,Yes
CUST-02425,Male,0,Yes,No,2,Yes,Yes,Fiber optic,No,Yes,Yes,Yes,Yes,Yes,Two year,Yes,Bank transfer (automatic),87.67,175.69,No
CUST-02426,Male,0,No,No,26,No,No phone service,Fiber optic,Yes,No,Yes,No,Yes,No,One year,Yes,Bank transfer (automatic),50.98,1285.53,No
CUST-02427,Male,1,No,Yes,23,No,No phone service,DSL,No,No,No,Yes,Yes,Yes,Two year,Yes,Mailed check,107.92,2602.31,No
CUST-02428,Male,1,No,No,32,No,No phone service,Fiber optic,No,Yes,No,Yes,No,No,Month-to-month,Yes,Bank transfer (automatic),39.8,1236.58,No
CUST-02429,Male,0,Yes,No,13,Yes,Yes,Fiber optic,Yes,Yes,Yes,Yes,No,No,Month-to-month,Yes,Mailed check,115.99,1424.65,Yes
CUST-02430,Male,1,No,Yes,13,Yes,No,Fiber optic,Yes,No,Yes,No,Yes,Yes,Month-to-month,Yes,Credit card (automatic),112.56,1289.4,Yes
CUST-02431,Female,0,No,No,17,Yes,Yes,DSL,No,Yes,No,Yes,Yes,Yes,Two year,Yes,Bank transfer (automatic),53.26,922.44,No
CUST-02432,Female,0,Yes,No,58,Yes,No,DSL,No,No,No,Yes,No,No,Two year,Yes,Mailed check,85.38,4409.79,No
CUST-02433,Female,0,Yes,Yes,27,Yes,Yes,Fiber optic,No,No,Yes,No,No,No,Two year,No,Mailed check,68.66,1827.09,No
CUST-02434,Male,0,No,Yes,17,Yes,Yes,Fiber optic,No,No,Yes,Yes,Yes,No,One year,Yes,Bank transfer (automatic),77.62,1186.24,Yes
CUST-02435,Female,0,No,No,38,Yes,Yes,DSL,No,Yes,No,No,Yes,Yes,Month-to-month,Yes,Electronic check,35.62,1339.61,No
CUST-02436,Female,1,No,Yes,14,No,No phone service,DSL,No,No,No,Yes,Yes,No,Month-to-month,Yes,Mailed check,94.36,1135.06,No
CUST-02437,Female,0,No,No,14,Yes,Yes,Fiber optic,Yes,Yes,No,No,No,Yes,One year,Yes,Credit card (automatic),70.05,867.97,Yes
CUST-02438,Male,0,No,No,12,Yes,Yes,DSL,Yes,Yes,Yes,No,Yes,Yes,Month-to-month,No,Electronic check,28.63,341.46,No
CUST-02439,Male,0,No,No,69,Yes,No,Fiber optic,Yes,No,No,No,No,No,One year,Yes,Bank transfer (automatic),99.52,6648.38,No
CUST-02440,Male,1,Yes,Yes,68,Yes,Yes,Fiber optic,Yes,No,Yes,No,No,No,Month-to-month,Yes,Electronic check,109.98,7188.56,Yes
CUST-02441,Male,0,Yes,No,55,Yes,Yes,DSL,Yes,Yes,No,No,Yes,No,Month-to-month,No,Electronic check,18.63,890.16,No
CUST-02442,Female,0,No,No,63,Yes,No,No,No internet service,No internet service,No internet service,No internet service,No internet service,No internet service,Month-to-month,Yes,Credit card (automatic),100.3,6460.03,No
CUST-02443,Female,0,No,No,29,No,No phone service,DSL,No,No,Yes,Yes,No,No,Two year,Yes,Credit card (automatic),75.87,2149.38,No
CUST-02444,Female,0,No,No,45,Yes,Yes,No,No internet service,No internet service,No internet service,No internet service,No internet service,No internet service,Month-to-month,No,Mailed check,23.14,1005.46,No
CUST-02445,Female,0,No,No,4,Yes,Yes,Fiber optic,Yes,No,No,Yes,No,Yes,Month-to-month,No,Bank transfer (automatic),63.45,264.47,Yes
CUST-02446,Male,0,No,No,16,Yes,Yes,Fiber optic,No,No,No,No,Yes,Yes,Month-to-month,Yes,Mailed check,60.4,927.99,Yes
CUST-02447,Male,0,Yes,No,66,No,No phone service,No,No internet service,No internet service,No internet service,No internet service,No internet service,No internet service,Month-to-month,Yes,Bank transfer (automatic),37.59,2509.49,No
CUST-02448,Male,0,No,No,23,Yes,No,Fiber optic,Yes,No,Yes,No,Yes,No,One year,Yes,Credit card (automatic),54.72,1123.82,Yes
CUST-02449,Female,0,Yes,No,68,Yes,No,No,No internet service,No internet service,No internet service,No internet service,No internet service,No internet service,One year,Yes,Electronic check,69.3,4316.09,No
CUST-02450,Male,0,Yes,No,20,Yes,No,Fiber optic,No,Yes,Yes,No,No,Yes,Two year,Yes,Mailed check,74.01,1453.65,No
CUST-02451,Male,0,Yes,No,17,Yes,No,Fiber optic,Yes,No,No,Yes,No,No,One year,No,Credit card (automatic),32.88,545.54,No
CUST-02452,Female,1,No,No,52,Yes,No,Fiber optic,No,No,No,No,No,Yes,One year,Yes,Electronic check,77.83,3510.02,No
CUST-02453,Female,0,No,Yes,6,Yes,Yes,DSL,No,Yes,No,No,No,No,One year,Yes,Electronic check,44.18,228.21,No
CUST-02454,Male,1,Yes,No,39,No,No phone service,No,No internet service,No internet service,No internet service,No internet service,No internet service,No internet service,Two year,No,Mailed check,34.64,1206.03,No
CUST-02455,Male,0,Yes,Yes,34,Yes,Yes,Fiber optic,Yes,No,Yes,No,Yes,No,Month-to-month,Yes,Bank transfer (automatic),51.74,1683.11,Yes
CUST-02456,Male,0,No,No,54,Yes,No,Fiber optic,Yes,No,Yes,Yes,No,No,One year,No,Bank transfer (automatic),82.96,4500.63,No
CUST-02457,Male,0,No,Yes,65,No,No phone service,No,No internet service,No internet service,No internet service,No internet service,No internet service,No internet service,Two year,No,Electronic check,115.89,6988.84,No
CUST-02458,Male,1,No,No,29,Yes,Yes,No,No internet service,No internet service,No internet service,No internet service,No internet service,No internet service,Month-to-month,Yes,Bank transfer (automatic),102.1,2665.88,No
CUST-02459,Male,0,No,No,41,Yes,Yes,DSL,No,No,No,No,Yes,No,Month-to-month,No,Mailed check,106.27,4218.53,No
CUST-02460,Female,0,No,No,63,Yes,Yes,Fiber optic,No,Yes,No,Yes,No,Yes,One year,No,Electronic check,40.08,2196.24,No
CUST-02461,Female,1,Yes,No,32,Yes,Yes,Fiber optic,No,Yes,Yes,Yes,Yes,Yes,Month-to-month,No,Electronic check,65.07,1841.36,No
CUST-02462,Female,0,Yes,Yes,66,Yes,Yes,Fiber optic,Yes,Yes,No,No,No,No,Month-to-month,Yes,Electronic check,63.54,3944.39,No
CUST-02463,Male,0,Yes,No,45,Yes,Yes,No,No internet service,No internet service,No internet service,No internet service,No internet service,No internet service,One year,No,Credit card (automatic),64.96,3049.88,No
CUST-02464,Female,0,No,No,17,Yes,No,No,No internet service,No internet service,No internet service,No internet service,No internet service,No internet service,Month-to-month,No,Mailed check,38.37,597.03,No
CUST-02465,Male,0,Yes,No,43,No,No phone service,Fiber optic,Yes,No,No,No,No,Yes,Month-to-month,Yes,Bank transfer (automatic),104.02,4563.27,No
CUST-02466,Male,0,No,Yes,66,Yes,No,Fiber optic,No,Yes,No,No,No,Yes,Month-to-month,No,Credit card (automatic),51.84,3576.4,No
CUST-02467,Female,0,Yes,Yes,68,Yes,No,Fiber optic,No,No,Yes,Yes,Yes,Yes,Month-to-month,No,Credit card (automatic),66.38,4579.3,No
CUST-02468,Male,0,Yes,No,34,Yes,No,Fiber optic,Yes,No,Yes,No,Yes,Yes,One year,No,Credit card (automatic),54.99,1754.44,No
CUST-02469,Male,0,Yes,Yes,1,Yes,No,DSL,No,No,No,Yes,Yes,No,Month-to-month,No,Electronic check,53.43,54.08,No
CUST-02470,Female,1,Yes,Yes,23,Yes,No,Fiber optic,No,Yes,Yes,Yes,No,Yes,One year,No,Electronic check,80.63,1592.94,No
CUST-02471,Female,1,Yes,Yes,6,Yes,No,DSL,No,No,Yes,Yes,No,Yes,Month-to-month,Yes,Mailed check,119.29,732.08,No
CUST-02472,Female,0,No,No,16,Yes,Yes,Fiber optic,Yes,Yes,Yes,No,Yes,Yes,Month-to-month,Yes,Credit card (automatic),108.26,1641.93,Yes
CUST-02473,Male,0,Yes,Yes,2,Yes,No,Fiber optic,No,Yes,No,No,No,No,Month-to-month,Yes,Electronic check,112.63,211.75,No
CUST-02474,Female,0,No,No,27,No,No phone service,DSL,Yes,No,No,Yes,No,No,Month-to-month,No,Mailed check,62.27,1675.46,No
CUST-02475,Female,0,Yes,No,19,Yes,Yes,Fiber optic,No,Yes,No,No,Yes,Yes,Two year,No,Mailed check,37.4,736.34,No
CUST-02476,Male,0,No,No,28,No,No phone service,DSL,Yes,No,No,Yes,No,No,Month-to-month,Yes,Bank transfer (automatic),19.38,488.85,No
CUST-02477,Female,0,No,No,35,Yes,No,Fiber optic,Yes,No,No,No,Yes,No,Two year,Yes,Mailed check,22.46,734.79,No
CUST-02478,Female,0,No,No,68,Yes,Yes,Fiber optic,No,No,No,Yes,No,Yes,Month-to-month,No,Credit card (automatic),92.09,6137.75,No
CUST-02479,Female,0,Yes,Yes,49,Yes,Yes,Fiber optic,No,Yes,Yes,No,Yes,No,One year,Yes,Bank transfer (automatic),55.04,2619.54,No
CUST-02480,Male,0,Yes,Yes,7,Yes,Yes,Fiber optic,No,Yes,No,Yes,No,Yes,Two year,No,Bank transfer (automatic),84.66,531.56,No
CUST-02481,Male,1,No,Yes,37,Yes,Yes,Fiber optic,Yes,No,Yes,No,Yes,No,Two year,Yes,Mailed check,74.38,2349.1,No
CUST-02482,Male,0,Yes,No,25,Yes,No,DSL,No,No,No,Yes,Yes,Yes,One year,No,Bank transfer (automatic),117.95,2602.56,No
CUST-02483,Male,0,No,No,41,Yes,Yes,Fiber optic,Yes,No,No,Yes,No,Yes,Month-to-month,Yes,Mailed check,90.69,3190.02,No
CUST-02484,Female,0,Yes,No,62,Yes,No,Fiber optic,Yes,No,Yes,No,No,No,Month-to-month,Yes,Credit card (automatic),118.23,6319.34,No
CUST-02485,Male,0,No,No,41,Yes,Yes,DSL,No,No,No,No,No,No,Month-to-month,Yes,Bank transfer (automatic),48.62,1792.37,Yes
CUST-02486,Male,0,Yes,Yes,14,Yes,Yes,DSL,Yes,No,Yes,No,No,Yes,Month-to-month,No,Bank transfer (automatic),51.83,721.83,No
CUST-02487,Female,0,No,No,54,Yes,Yes,DSL,Yes,Yes,No,Yes,Yes,No,Month-to-month,Yes,Electronic check,70.03,3408.59,No
CUST-02488,Female,0,No,Yes,2,Yes,Yes,DSL,No,No,No,Yes,No,Yes,One year,Yes,Bank transfer (automatic),68.65,122.89,No
CUST-02489,Female,0,Yes,No,48,Yes,Yes,Fiber optic,No,No,No,No,No,No,One year,Yes,Credit card (automatic),71.09,3334.98,No
CUST-02490,Male,0,Yes,Yes,51,No,No phone service,Fiber optic,No,Yes,No,Yes,No,No,Month-to-month,No,Bank transfer (automatic),104.91,5150.52,Yes
CUST-02491,Male,0,Yes,No,55,Yes,Yes,Fiber optic,No,No,Yes,No,No,No,Two year,Yes,Credit card (automatic),90.85,4755.19,No
CUST-02492,Male,1,No,No,12,Yes,Yes,Fiber optic,Yes,No,No,Yes,No,Yes,Month-to-month,Yes,Mailed check,36.16,424.89,Yes
CUST-02493,Female,0,Yes,Yes,69,Yes,Yes,No,No internet service,No internet service,No internet service,No internet service,No internet service,No internet service,Two year,Yes,Credit card (automatic),77.86,4950.12,No
CUST-02494,Female,0,Yes,No,1,Yes,No,Fiber optic,No,No,No,No,Yes,Yes,Month-to-month,No,Bank transfer (automatic),35.86,30.59,No
CUST-02495,Male,1,No,No,59,Yes,No,Fiber optic,Yes,Yes,Yes,No,Yes,Yes,Month-to-month,No,Credit card (automatic),60.96,3366.47,Yes
CUST-02496,Female,0,Yes,No,34,Yes,No,DSL,No,Yes,Yes,No,Yes,Yes,Two year,No,Mailed check,110.77,3477.53,No
CUST-02497,Female,0,Yes,No,46,Yes,Yes,Fiber optic,Yes,No,No,No,No,Yes,Month-to-month,No,Bank transfer (automatic),25.46,1176.28,No
CUST-02498,Female,0,Yes,No,59,No,No phone service,Fiber optic,No,No,Yes,No,No,Yes,One year,No,Electronic check,116.26,5954.3,No
CUST-02499,Male,0,No,No,66,Yes,Yes,Fiber optic,Yes,No,No,No,Yes,Yes,Month-to-month,Yes,Mailed check,40.59,2695.61,Yes
CUST-02500,Female,0,No,No,19,Yes,No,No,No internet service,No internet service,No internet service,No internet service,No internet service,No internet service,Two year,No,Electronic check,35.91,676.97,No
CUST-02501,Female,0,Yes,No,28,Yes,Yes,Fiber optic,No,No,No,No,No,No,Two year,Yes,Electronic check,67.02,1720.5,No
CUST-02502,Male,1,No,No,40,Yes,No,No,No internet service,No internet service,No internet service,No internet service,No internet service,No internet service,Two year,Yes,Mailed check,109.25,4262.92,No
CUST-02503,Male,1,Yes,No,57,No,No phone service,DSL,No,No,Yes,No,Yes,No,Month-to-month,Yes,Mailed check,37.13,2021.86,Yes
CUST-02504,Female,0,Yes,No,51,Yes,Yes,DSL,No,No,Yes,Yes,Yes,No,Month-to-month,No,Credit card (automatic),18.77,854.43,No
CUST-02505,Female,0,No,Yes,22,Yes,No,DSL,No,No,Yes,No,No,Yes,Month-to-month,No,Mailed check,60.73,1377.21,No
CUST-02506,Male,0,Yes,No,68,Yes,Yes,Fiber optic,Yes,No,No,No,Yes,Yes,Two year,Yes,Credit card (automatic),76.49,4618.48,No
CUST-02507,Male,0,No,No,8,Yes,No,Fiber optic,No,No,Yes,Yes,Yes,No,Month-to-month,No,Electronic check,94.22,661.51,Yes
CUST-02508,Female,0,No,Yes,60,Yes,Yes,Fiber optic,No,No,No,No,No,No,Month-to-month,Yes,Mailed check,23.71,1325.83,Yes
CUST-02509,Female,0,No,No,65,Yes,Yes,Fiber optic,No,Yes,No,Yes,Yes,Yes,Two year,No,Bank transfer (automatic),71.24,4624.11,No
CUST-02510,Female,1,Yes,Yes,36,Yes,Yes,DSL,No,No,No,Yes,No,Yes,One year,No,Bank transfer (automatic),35.02,1127.43,No
CUST-02511,Female,1,Yes,No,71,Yes,Yes,DSL,No,Yes,No,No,No,No,Two year,No,Electronic check,61.87,4495.27,No
CUST-02512,Male,0,No,No,29,Yes,Yes,DSL,No,Yes,Yes,No,No,Yes,Month-to-month,No,Mailed check,116.88,3272.71,No
CUST-02513,Female,0,Yes,No,65,Yes,No,DSL,Yes,No,No,Yes,No,Yes,Month-to-month,No,Electronic check,117.94,6807.71,No
CUST-02514,Female,0,No,No,56,Yes,Yes,DSL,No,Yes,No,Yes,Yes,Yes,Month-to-month,Yes,Electronic check,118.51,6361.45,Yes
CUST-02515,Male,0,Yes,No,4,Yes,Yes,DSL,Yes,Yes,Yes,Yes,Yes,Yes,One year,No,Electronic check,55.06,197.45,No
CUST-02516,Female,0,Yes,Yes,72,Yes,No,Fiber optic,No,Yes,No,Yes,Yes,No,Month-to-month,Yes,Electronic check,89.7,5750.97,No
CUST-02517,Male,0,Yes,No,50,Yes,No,Fiber optic,Yes,No,No,No,No,Yes,Month-to-month,Yes,Electronic check,107.01,4712.06,No
CUST-02518,Female,0,No,No,39,Yes,Yes,DSL,No,No,No,Yes,Yes,No,Month-to-month,Yes,Credit card (automatic),69.58,2625.89,No
CUST-02519,Female,0,No,No,35,Yes,No,Fiber optic,No,Yes,No,No,No,No,Month-to-month,No,Bank transfer (automatic),66.4,1980.02,No
CUST-02520,Male,0,Yes,No,25,Yes,Yes,No,No internet service,No internet service,No internet service,No internet service,No internet service,No internet service,Two year,Yes,Bank transfer (automatic),91.67,2384.76,No
CUST-02521,Male,0,No,No,44,Yes,Yes,Fiber optic,Yes,No,No,No,Yes,No,Two year,No,Credit card (automatic),69.29,2607.83,No
CUST-02522,Female,0,Yes,No,47,Yes,Yes,No,No internet service,No internet service,No internet service,No internet service,No internet service,No internet service,Month-to-month,Yes,Bank transfer (automatic),77.39,3768.41,Yes
CUST-02523,Female,0,Yes,No,40,Yes,No,Fiber optic,No,Yes,No,No,No,No,Month-to-month,Yes,Bank transfer (automatic),64.21,2353.62,No
CUST-02524,Female,0,No,No,31,Yes,Yes,No,No internet service,No internet service,No internet service,No internet service,No internet service,No internet service,Two year,No,Bank transfer (automatic),92.61,2767.58,No
CUST-02525,Male,1,No,Yes,69,Yes,Yes,DSL,No,No,Yes,No,No,No,Month-to-month,Yes,Bank transfer (automatic),104.67,6861.37,No
CUST-02526,Female,0,Yes,No,43,Yes,Yes,DSL,No,Yes,Yes,No,Yes,No,Month-to-month,No,Bank transfer (automatic),64.31,2520.71,No
CUST-02527,Male,0,Yes,No,55,Yes,Yes,Fiber optic,Yes,Yes,Yes,Yes,No,No,One year,Yes,Electronic check,68.09,3416.76,No
CUST-02528,Male,0,No,No,16,No,No phone service,No,No internet service,No internet service,No internet service,No internet service,No internet service,No internet service,Month-to-month,Yes,Electronic check,112.12,1573.26,Yes
CUST-02529,Female,0,No,No,68,No,No phone service,No,No internet service,No internet service,No internet service,No internet service,No internet service,No internet service,One year,No,Electronic check,75.44,4706.44,No
CUST-02530,Male,0,No,No,69,Yes,Yes,Fiber optic,Yes,No,Yes,No,No,No,Month-to-month,Yes,Bank transfer (automatic),66.44,4477.94,No
CUST-02531,Female,0,Yes,No,42,Yes,No,DSL,No,No,Yes,Yes,No,Yes,Month-to-month,No,Mailed check,117.02,4759.38,No
CUST-02532,Female,0,No,No,41,Yes,Yes,Fiber optic,No,Yes,No,No,Yes,No,One year,Yes,Mailed check,24.77,1036.81,No
CUST-02533,Female,0,Yes,No,50,Yes,Yes,DSL,No,Yes,Yes,No,Yes,Yes,Month-to-month,No,Mailed check,81.55,3648.33,No
CUST-02534,Female,0,No,No,6,Yes,Yes,DSL,Yes,Yes,No,No,No,No,Month-to-month,Yes,Credit card (automatic),20.61,109.11,No
CUST-02535,Female,0,Yes,No,53,Yes,No,DSL,No,No,Yes,No,No,No,Month-to-month,Yes,Bank transfer (automatic),63.79,3417.69,No
CUST-02536,Male,0,Yes,No,17,Yes,No,Fiber optic,No,No,No,No,Yes,Yes,One year,No,Electronic check,51.08,878.25,No
CUST-02537,Male,0,Yes,No,57,Yes,Yes,No,No internet service,No internet service,No internet service,No internet service,No internet service,No internet service,Month-to-month,Yes,Electronic check,62.33,3537.55,Yes
CUST-02538,Female,0,No,Yes,67,Yes,Yes,DSL,No,Yes,Yes,Yes,No,No,Month-to-month,No,Mailed check,110.11,6477.66,No
CUST-02539,Female,0,No,No,16,Yes,No,DSL,No,Yes,Yes,Yes,No,No,Month-to-month,Yes,Electronic check,69.94,1152.25,Yes
CUST-02540,Male,0,Yes,Yes,52,Yes,Yes,DSL,No,Yes,No,No,No,No,One year,Yes,Electronic check,77.55,3749.0,No
CUST-02541,Male,1,No,Yes,34,Yes,Yes,DSL,No,No,No,No,Yes,No,Month-to-month,Yes,Electronic check,51.61,1616.58,Yes
CUST-02542,Male,0,No,No,20,Yes,Yes,Fiber optic,No,No,No,No,Yes,No,Month-to-month,No,Credit card (automatic),118.5,2084.31,No
CUST-02543,Male,1,Yes,No,56,Yes,Yes,DSL,Yes,No,No,No,Yes,No,Month-to-month,Yes,Electronic check,117.43,5824.9,Yes
CUST-02544,Female,1,No,Yes,51,Yes,No,No,No internet service,No internet service,No internet service,No internet service,No internet service,No internet service,Month-to-month,Yes,Mailed check,106.92,4741.01,No
CUST-02545,Female,0,No,No,53,Yes,Yes,Fiber optic,No,Yes,No,Yes,Yes,Yes,Two year,Yes,Bank transfer (automatic),90.23,4575.78,No
CUST-02546,Male,0,Yes,No,49,Yes,No,DSL,No,No,Yes,Yes,No,No,One year,Yes,Electronic check,61.66,2797.04,No
CUST-02547,Female,0,Yes,No,4,Yes,Yes,Fiber optic,Yes,No,Yes,No,No,Yes,Two year,Yes,Credit card (automatic),30.91,108.83,No
CUST-02548,Male,1,Yes,Yes,18,Yes,No,DSL,Yes,No,No,No,No,No,Month-to-month,Yes,Bank transfer (automatic),110.73,1964.44,Yes
CUST-02549,Female,0,Yes,No,36,Yes,Yes,DSL,No,No,Yes,Yes,No,No,Month-to-month,Yes,Bank transfer (automatic),72.46,2387.46,No
CUST-02550,Male,0,Yes,No,35,Yes,Yes,DSL,No,Yes,No,Yes,No,No,Month-to-month,No,Electronic check,75.3,2596.42,No
CUST-02551,Female,0,No,No,30,No,No phone service,DSL,No,No,Yes,Yes,Yes,Yes,Month-to-month,Yes,Bank transfer (automatic),28.46,862.3,No
CUST-02552,Male,0,No,No,63,Yes,Yes,Fiber optic,No,No,Yes,No,No,No,Month-to-month,Yes,Electronic check,98.84,6074.04,Yes
CUST-02553,Male,0,Yes,No,21,Yes,No,No,No internet service,No internet service,No internet service,No internet service,No internet service,No internet service,Two year,No,Electronic check,74.34,1329.92,No
CUST-02554,Female,0,No,No,52,Yes,No,Fiber optic,No,Yes,Yes,No,Yes,Yes,Two year,Yes,Mailed check,44.36,2091.5,Yes
CUST-02555,Male,0,No,Yes,69,Yes,Yes,Fiber optic,Yes,Yes,No,Yes,Yes,No,Month-to-month,Yes,Electronic check,35.53,2096.37,Yes
CUST-02556,Female,1,No,No,41,Yes,Yes,Fiber optic,No,No,No,No,Yes,No,Two year,No,Mailed check,80.62,3045.79,No
CUST-02557,Female,0,Yes,No,54,Yes,No,DSL,No,Yes,Yes,No,Yes,Yes,Month-to-month,No,Mailed check,106.12,5833.0,No
CUST-02558,Male,0,No,No,30,Yes,No,Fiber optic,No,No,No,Yes,No,Yes,One year,No,Electronic check,71.56,2172.19,Yes
CUST-02559,Female,0,No,No,56,No,No phone service,Fiber optic,Yes,No,No,Yes,No,No,One year,Yes,Electronic check,105.79,5228.17,No
CUST-02560,Female,0,No,No,41,Yes,Yes,DSL,Yes,Yes,No,Yes,No,Yes,Month-to-month,Yes,Bank transfer (automatic),37.1,1498.55,No
CUST-02561,Female,0,Yes,No,14,Yes,Yes,Fiber optic,No,Yes,Yes,Yes,Yes,Yes,Month-to-month,No,Electronic check,74.45,1068.86,No
CUST-02562,Female,0,Yes,Yes,21,Yes,Yes,Fiber optic,Yes,No,No,No,No,No,Month-to-month,No,Mailed check,62.99,1353.06,No
CUST-02563,Female,0,No,No,25,No,No phone service,No,No internet service,No internet service,No internet service,No internet service,No internet service,No internet service,One year,No,Bank transfer (automatic),50.94,1287.25,No
CUST-02564,Male,0,Yes,No,50,Yes,Yes,DSL,No,Yes,Yes,No,No,No,Two year,Yes,Bank transfer (automatic),28.21,1267.12,No
CUST-02565,Female,0,No,No,53,Yes,No,DSL,Yes,Yes,No,No,Yes,Yes,Month-to-month,No,Bank transfer (automatic),39.03,2161.5,No
CUST-02566,Female,0,No,No,48,No,No phone service,DSL,No,Yes,No,Yes,No,Yes,Month-to-month,Yes,Bank transfer (automatic),108.61,5180.66,No
CUST-02567,Female,0,Yes,Yes,70,Yes,No,No,No internet service,No internet service,No internet service,No internet service,No internet service,No internet service,Month-to-month,No,Mailed check,54.94,3803.58,Yes
CUST-02568,Female,0,No,No,48,Yes,Yes,Fiber optic,Yes,No,Yes,No,Yes,Yes,Month-to-month,Yes,Mailed check,105.51,5235.55,Yes
CUST-02569,Female,0,Yes,No,4,Yes,Yes,No,No internet service,No internet service,No internet service,No internet service,No internet service,No internet service,Month-to-month,Yes,Electronic check,101.04,371.32,Yes
CUST-02570,Male,0,Yes,Yes,24,Yes,No,Fiber optic,Yes,No,Yes,Yes,Yes,No,Month-to-month,No,Credit card (automatic),49.1,1107.58,Yes
CUST-02571,Female,0,No,Yes,31,Yes,No,Fiber optic,No,No,No,No,No,No,One year,Yes,Credit card (automatic),66.78,1939.98,No
CUST-02572,Male,0,No,No,29,Yes,No,DSL,No,No,No,Yes,No,Yes,Two year,No,Credit card (automatic),64.24,1626.86,No
CUST-02573,Male,1,Yes,No,5,Yes,No,No,No internet service,No internet service,No internet service,No internet service,No internet service,No internet service,Month-to-month,Yes,Electronic check,109.5,496.97,Yes
CUST-02574,Male,1,No,No,67,No,No phone service,No,No internet service,No internet service,No internet service,No internet service,No internet service,No internet service,One year,Yes,Bank transfer (automatic),80.73,5358.95,No
CUST-02575,Male,0,Yes,No,53,Yes,Yes,Fiber optic,No,Yes,No,Yes,Yes,No,Month-to-month,Yes,Credit card (automatic),62.62,2847.1,No
CUST-02576,Female,0,Yes,No,64,Yes,No,DSL,Yes,Yes,No,No,No,Yes,Month-to-month,Yes,Credit card (automatic),70.98,4281.25,Yes
CUST-02577,Male,0,Yes,No,35,Yes,Yes,Fiber optic,No,Yes,No,No,No,No,Month-to-month,No,Credit card (automatic),103.84,3615.3,Yes
CUST-02578,Male,0,Yes,No,12,Yes,Yes,DSL,No,Yes,No,Yes,Yes,Yes,One year,Yes,Bank transfer (automatic),49.4,591.1,Yes
CUST-02579,Female,0,No,No,47,Yes,Yes,No,No internet service,No internet service,No internet service,No internet service,No internet service,No internet service,Month-to-month,Yes,Electronic check,60.44,2934.71,No
CUST-02580,Female,0,No,No,55,No,No phone service,Fiber optic,No,Yes,No,Yes,Yes,Yes,Month-to-month,No,Bank transfer (automatic),31.31,1656.74,No
CUST-02581,Female,0,No,Yes,69,Yes,No,Fiber optic,Yes,No,No,Yes,Yes,Yes,One year,Yes,Electronic check,75.94,4671.22,No
CUST-02582,Male,0,No,No,38,Yes,Yes,Fiber optic,Yes,Yes,Yes,No,Yes,Yes,Month-to-month,Yes,Credit card (automatic),116.92,4461.55,No
CUST-02583,Female,0,Yes,No,29,No,No phone service,Fiber optic,No,No,Yes,Yes,Yes,No,Month-to-month,No,Electronic check,53.11,1464.95,No
CUST-02584,Female,0,Yes,No,12,Yes,Yes,DSL,Yes,Yes,No,Yes,No,Yes,Two year,Yes,Electronic check,113.96,1385.05,No
CUST-02585,Male,0,No,Yes,19,Yes,No,No,No internet service,No internet service,No internet service,No internet service,No internet service,No internet service,Two year,No,Electronic check,100.06,1699.84,No
CUST-02586,Female,0,No,No,9,No,No phone service,No,No internet service,No internet service,No internet service,No internet service,No internet service,No internet service,Month-to-month,Yes,Bank transfer (automatic),98.83,757.33,No
CUST-02587,Female,0,No,Yes,29,Yes,Yes,Fiber optic,No,Yes,No,No,Yes,No,Month-to-month,No,Bank transfer (automatic),93.74,2463.31,No
CUST-02588,Female,0,Yes,No,3,Yes,Yes,Fiber optic,Yes,Yes,Yes,No,No,Yes,Month-to-month,No,Mailed check,95.51,254.03,Yes
CUST-02589,Female,0,Yes,No,30,Yes,Yes,Fiber optic,Yes,No,No,Yes,No,No,Month-to-month,No,Electronic check,52.38,1561.16,Yes
CUST-02590,Male,0,Yes,No,58,Yes,Yes,Fiber optic,Yes,Yes,No,Yes,Yes,Yes,Month-to-month,Yes,Mailed check,102.89,5671.56,No
CUST-02591,Female,0,Yes,Yes,53,Yes,No,No,No internet service,No internet service,No internet service,No internet service,No internet service,No internet service,Month-to-month,No,Credit card (automatic),117.32,5750.14,No
CUST-02592,Female,0,Yes,No,4,Yes,No,DSL,No,Yes,No,No,Yes,No,Month-to-month,No,Credit card (automatic),28.65,99.18,No
CUST-02593,Male,0,No,No,57,Yes,Yes,DSL,No,No,Yes,No,Yes,No,Month-to-month,Yes,Mailed check,30.94,1574.32,Yes
CUST-02594,Female,1,Yes,No,54,Yes,No,No,No internet service,No internet service,No internet service,No internet service,No internet service,No internet service,Month-to-month,Yes,Electronic check,19.18,1072.66,No
CUST-02595,Male,0,No,No,28,No,No phone service,DSL,Yes,Yes,No,No,Yes,Yes,One year,Yes,Credit card (automatic),89.62,2236.4,Yes
CUST-02596,Female,0,No,No,16,Yes,Yes,Fiber optic,No,Yes,No,No,Yes,No,Month-to-month,Yes,Electronic check,25.4,392.57,Yes
CUST-02597,Male,0,Yes,No,13,Yes,Yes,DSL,No,Yes,Yes,Yes,No,No,Month-to-month,Yes,Credit card (automatic),71.23,939.14,Yes
CUST-02598,Male,0,No,No,72,Yes,No,No,No internet service,No internet service,No internet service,No internet service,No internet service,No internet service,One year,No,Electronic check,88.16,5764.82,No
CUST-02599,Male,0,Yes,No,56,Yes,Yes,No,No internet service,No internet service,No internet service,No internet service,No internet service,No internet service,Two year,Yes,Credit card (automatic),78.65,4449.97,No
CUST-02600,Male,0,No,Yes,53,Yes,Yes,No,No internet service,No internet service,No internet service,No internet service,No internet service,No internet service,Month-to-month,Yes,Electronic check,79.94,3875.71,No
CUST-02601,Female,0,No,No,48,Yes,No,No,No internet service,No internet service,No internet service,No internet service,No internet service,No internet service,Month-to-month,No,Electronic check,116.07,5376.74,Yes
CUST-02602,Male,0,No,No,25,Yes,No,DSL,Yes,No,Yes,Yes,No,Yes,One year,Yes,Bank transfer (automatic),48.74,1104.39,No
CUST-02603,Female,0,No,No,66,Yes,Yes,Fiber optic,No,No,Yes,No,No,No,Two year,No,Electronic check,81.27,5177.25,No
CUST-02604,Male,1,Yes,Yes,30,Yes,No,Fiber optic,No,No,Yes,No,Yes,No,Two year,No,Mailed check,81.92,2192.64,No
CUST-02605,Male,0,No,No,3,Yes,No,No,No internet service,No internet service,No internet service,No internet service,No internet service,No internet service,Month-to-month,No,Mailed check,46.14,140.04,No
CUST-02606,Male,0,No,No,23,Yes,Yes,DSL,No,No,No,Yes,No,Yes,Month-to-month,Yes,Mailed check,48.9,1064.1,No
CUST-02607,Female,0,No,No,29,Yes,No,No,No internet service,No internet service,No internet service,No internet service,No internet service,No internet service,Two year,No,Electronic check,93.56,2804.0,No
CUST-02608,Male,0,No,No,41,Yes,Yes,DSL,No,Yes,No,Yes,Yes,Yes,Month-to-month,Yes,Bank transfer (automatic),50.1,2004.78,No
CUST-02609,Female,0,No,Yes,11,Yes,Yes,No,No internet service,No internet service,No internet service,No internet service,No internet service,No internet service,Month-to-month,Yes,Mailed check,41.67,465.51,Yes
CUST-02610,Female,0,No,Yes,21,Yes,No,Fiber optic,No,No,Yes,No,Yes,No,One year,Yes,Electronic check,118.33,2534.75,No
CUST-02611,Female,1,Yes,No,24,Yes,No,Fiber optic,No,No,No,Yes,Yes,Yes,One year,Yes,Electronic check,27.47,629.79,No
CUST-02612,Female,0,Yes,No,65,Yes,Yes,Fiber optic,No,No,Yes,No,No,No,Two year,Yes,Bank transfer (automatic),49.91,3222.29,No
CUST-02613,Female,0,No,Yes,1,Yes,No,DSL,Yes,No,No,Yes,No,Yes,One year,No,Electronic check,103.75,99.72,No
CUST-02614,Female,0,No,Yes,54,Yes,No,Fiber optic,No,Yes,No,Yes,No,Yes,Month-to-month,Yes,Bank transfer (automatic),38.69,1785.36,Yes
CUST-02615,Female,0,No,No,72,Yes,Yes,Fiber optic,No,No,No,Yes,Yes,No,Month-to-month,Yes,Electronic check,44.23,3164.3,Yes
CUST-02616,Female,0,Yes,Yes,34,Yes,No,Fiber optic,No,Yes,Yes,No,Yes,Yes,Two year,No,Credit card (automatic),34.55,1231.92,No
CUST-02617,Female,0,Yes,No,68,Yes,No,Fiber optic,No,No,Yes,Yes,No,Yes,Month-to-month,Yes,Electronic check,77.7,5410.4,No
CUST-02618,Male,1,No,No,29,Yes,No,Fiber optic,No,No,Yes,No,No,No,One year,No,Mailed check,18.27,455.93,Yes
CUST-02619,Male,0,No,No,3,Yes,Yes,Fiber optic,No,No,Yes,Yes,Yes,No,Month-to-month,No,Bank transfer (automatic),107.32,333.83,No
CUST-02620,Male,0,No,Yes,11,Yes,No,No,No internet service,No internet service,No internet service,No internet service,No internet service,No internet service,One year,Yes,Bank transfer (automatic),56.29,551.19,Yes
CUST-02621,Male,1,Yes,No,8,Yes,Yes,Fiber optic,No,Yes,Yes,No,Yes,Yes,One year,Yes,Credit card (automatic),69.14,476.19,No
CUST-02622,Male,0,Yes,Yes,62,Yes,No,DSL,No,No,No,No,No,No,Month-to-month,Yes,Credit card (automatic),43.37,2291.88,No
CUST-02623,Female,0,Yes,No,33,Yes,No,No,No internet service,No internet service,No internet service,No internet service,No internet service,No internet service,Month-to-month,Yes,Bank transfer (automatic),22.29,687.44,Yes
CUST-02624,Female,0,Yes,Yes,8,Yes,Yes,No,No internet service,No internet service,No internet service,No internet service,No internet service,No internet service,Two year,Yes,Bank transfer (automatic),116.16,845.79,Yes
CUST-02625,Female,0,No,No,25,Yes,No,No,No internet service,No internet service,No internet service,No internet service,No internet service,No internet service,One year,Yes,Electronic check,107.83,2387.63,Yes
CUST-02626,Female,0,Yes,No,26,Yes,No,No,No internet service,No internet service,No internet service,No internet service,No internet service,No internet service,Two year,No,Mailed check,46.18,1041.34,No
CUST-02627,Female,0,Yes,No,26,Yes,No,Fiber optic,Yes,Yes,Yes,Yes,Yes,Yes,One year,Yes,Electronic check,28.14,674.17,No
CUST-02628,Female,1,Yes,No,17,Yes,Yes,DSL,No,Yes,Yes,No,No,No,Month-to-month,Yes,Mailed check,63.92,973.35,No
CUST-02629,Female,0,Yes,No,29,Yes,Yes,Fiber optic,No,No,No,No,No,No,Two year,No,Electronic check,74.17,2102.74,No
CUST-02630,Male,0,No,No,43,Yes,Yes,Fiber optic,Yes,Yes,No,Yes,Yes,No,Month-to-month,Yes,Bank transfer (automatic),76.19,3031.66,No
CUST-02631,Male,0,Yes,No,5,Yes,No,DSL,No,No,No,Yes,Yes,Yes,Month-to-month,Yes,Mailed check,111.5,524.05,Yes
CUST-02632,Male,0,Yes,No,50,Yes,Yes,DSL,No,No,Yes,Yes,No,Yes,One year,Yes,Electronic check,86.64,4346.34,No
CUST-02633,Male,0,No,No,56,Yes,No,Fiber optic,No,No,No,Yes,Yes,No,Month-to-month,Yes,Mailed check,80.85,4164.36,No
CUST-02634,Female,0,Yes,Yes,63,Yes,No,Fiber optic,Yes,Yes,Yes,No,Yes,Yes,Month-to-month,No,Electronic check,26.72,1486.59,Yes
CUST-02635,Female,0,No,Yes,57,No,No phone service,DSL,No,No,Yes,Yes,No,Yes,Month-to-month,Yes,Mailed check,71.52,3705.52,No
CUST-02636,Female,0,Yes,No,45,No,No phone service,Fiber optic,Yes,No,No,Yes,No,No,Month-to-month,Yes,Electronic check,74.4,3300.75,No
CUST-02637,Male,1,No,No,37,Yes,No,No,No internet service,No internet service,No internet service,No internet service,No internet service,No internet service,Two year,No,Bank transfer (automatic),82.25,2658.64,No
CUST-02638,Female,0,Yes,Yes,72,Yes,Yes,DSL,No,Yes,No,No,Yes,No,One year,Yes,Electronic check,34.41,2430.49,No
CUST-02639,Female,0,Yes,Yes,36,Yes,Yes,No,No internet service,No internet service,No internet service,No internet service,No internet service,No internet service,One year,No,Electronic check,116.0,4156.54,No
CUST-02640,Female,1,No,No,33,No,No phone service,Fiber optic,Yes,No,Yes,Yes,Yes,No,Two year,No,Bank transfer (automatic),76.38,2467.1,No
CUST-02641,Male,0,Yes,Yes,6,Yes,No,DSL,No,Yes,No,No,Yes,No,Month-to-month,No,Bank transfer (automatic),60.48,334.81,No
CUST-02642,Female,0,No,Yes,71,Yes,No,DSL,No,Yes,No,No,No,Yes,Month-to-month,No,Electronic check,85.7,5967.34,No
CUST-02643,Male,1,Yes,No,45,Yes,Yes,DSL,No,No,Yes,No,No,No,Two year,No,Bank transfer (automatic),32.76,1498.16,No
CUST-02644,Male,0,No,No,7,Yes,No,DSL,No,Yes,No,No,Yes,No,One year,Yes,Electronic check,62.49,399.41,No
CUST-02645,Male,0,No,Yes,65,Yes,Yes,No,No internet service,No internet service,No internet service,No internet service,No internet service,No internet service,One year,No,Electronic check,91.54,5377.39,No
CUST-02646,Male,0,Yes,No,24,No,No phone service,Fiber optic,No,No,No,Yes,No,No,One year,Yes,Electronic check,113.93,2847.59,No
CUST-02647,Female,0,Yes,No,45,Yes,Yes,No,No internet service,No internet service,No internet service,No internet service,No internet service,No internet service,Month-to-month,No,Mailed check,63.56,2940.96,No
CUST-02648,Male,0,No,No,61,Yes,Yes,Fiber optic,No,No,No,No,No,No,One year,Yes,Bank transfer (automatic),82.31,4538.84,Yes
CUST-02649,Male,0,No,Yes,19,Yes,No,Fiber optic,No,Yes,No,No,No,No,Month-to-month,No,Bank transfer (automatic),61.95,1040.69,Yes
CUST-02650,Female,0,Yes,No,32,Yes,Yes,DSL,No,No,No,No,No,No,Month-to-month,Yes,Credit card (automatic),71.44,2136.65,No
CUST-02651,Female,0,No,No,30,Yes,Yes,Fiber optic,No,No,Yes,Yes,No,Yes,Two year,No,Mailed check,69.3,1977.3,Yes
CUST-02652,Male,0,Yes,No,65,Yes,Yes,Fiber optic,Yes,No,No,Yes,Yes,Yes,Month-to-month,Yes,Electronic check,89.03,5113.73,No
CUST-02653,Female,0,Yes,No,32,Yes,No,Fiber optic,Yes,No,Yes,No,No,No,Month-to-month,No,Credit card (automatic),84.65,2315.76,No
CUST-02654,Male,1,No,No,57,Yes,Yes,No,No internet service,No internet service,No internet service,No internet service,No internet service,No internet service,Month-to-month,No,Credit card (automatic),18.8,1086.28,Yes
CUST-02655,Male,0,No,No,20,Yes,No,Fiber optic,No,No,Yes,Yes,No,No,Month-to-month,No,Credit card (automatic),26.5,548.51,No
CUST-02656,Male,1,No,No,30,No,No phone service,No,No internet service,No internet service,No internet service,No internet service,No internet service,No internet service,Two year,Yes,Electronic check,95.58,2476.83,Yes
CUST-02657,Male,0,Yes,No,59,No,No phone service,Fiber optic,Yes,Yes,Yes,Yes,Yes,No,Month-to-month,Yes,Credit card (automatic),34.47,2070.57,No
CUST-02658,Female,0,Yes,No,62,Yes,Yes,DSL,No,Yes,Yes,Yes,Yes,Yes,Two year,Yes,Credit card (automatic),96.5,5614.86,No
CUST-02659,Male,0,No,No,67,Yes,No,Fiber optic,No,No,Yes,Yes,No,No,Month-to-month,Yes,Credit card (automatic),101.18,6003.77,Yes
CUST-02660,Female,0,Yes,No,31,Yes,No,DSL,No,No,No,No,Yes,Yes,Two year,Yes,Bank transfer (automatic),113.34,3257.95,No
CUST-02661,Female,0,Yes,No,66,No,No phone service,Fiber optic,Yes,Yes,No,No,Yes,Yes,Month-to-month,Yes,Electronic check,101.02,6821.81,No
CUST-02662,Female,0,Yes,Yes,54,Yes,No,Fiber optic,No,No,Yes,No,No,No,Month-to-month,No,Electronic check,72.42,3419.6,Yes
CUST-02663,Female,0,No,Yes,10,Yes,No,DSL,Yes,Yes,Yes,Yes,No,No,Month-to-month,Yes,Mailed check,39.55,343.97,No
CUST-02664,Male,0,Yes,No,38,Yes,No,Fiber optic,Yes,No,Yes,Yes,No,Yes,Month-to-month,Yes,Credit card (automatic),31.12,1233.58,No
CUST-02665,Female,0,Yes,No,31,Yes,Yes,DSL,No,Yes,Yes,Yes,No,No,One year,No,Mailed check,107.15,3018.4,No
CUST-02666,Male,0,No,Yes,29,Yes,Yes,DSL,Yes,Yes,No,Yes,Yes,Yes,One year,Yes,Mailed check,57.81,1713.81,No
CUST-02667,Female,0,No,No,25,Yes,No,No,No internet service,No internet service,No internet service,No internet service,No internet service,No internet service,Two year,Yes,Mailed check,23.33,561.26,No
CUST-02668,Female,0,Yes,Yes,32,Yes,Yes,Fiber optic,No,No,Yes,Yes,No,No,Two year,Yes,Bank transfer (automatic),53.43,1535.51,No
CUST-02669,Male,0,No,No,17,Yes,Yes,Fiber optic,No,No,Yes,No,No,No,Month-to-month,No,Electronic check,106.61,1647.45,Yes
CUST-02670,Male,0,Yes,Yes,45,Yes,No,Fiber optic,Yes,No,Yes,No,Yes,Yes,Month-to-month,No,Bank transfer (automatic),75.35,3161.51,Yes
CUST-02671,Male,0,Yes,No,49,Yes,No,Fiber optic,No,Yes,No,Yes,No,Yes,Month-to-month,No,Bank transfer (automatic),83.43,3597.12,Yes
CUST-02672,Female,1,No,No,18,Yes,Yes,DSL,No,No,No,Yes,Yes,Yes,Month-to-month,No,Bank transfer (automatic),43.85,782.98,No
CUST-02673,Female,0,Yes,No,52,Yes,Yes,Fiber optic,Yes,Yes,No,Yes,Yes,Yes,Month-to-month,Yes,Bank transfer (automatic),19.99,970.39,Yes
CUST-02674,Male,0,Yes,Yes,20,Yes,Yes,Fiber optic,Yes,Yes,No,Yes,No,No,Two year,Yes,Mailed check,111.51,2292.3,No
CUST-02675,Male,0,No,No,62,Yes,Yes,No,No internet service,No internet service,No internet service,No internet service,No internet service,No internet service,Month-to-month,No,Mailed check,25.56,1637.22,No
CUST-02676,Male,1,No,No,13,Yes,Yes,Fiber optic,Yes,No,No,Yes,Yes,No,One year,No,Electronic check,119.93,1610.12,No
CUST-02677,Male,0,No,No,43,Yes,Yes,DSL,No,Yes,Yes,No,No,Yes,Two year,No,Bank transfer (automatic),106.66,4494.02,No
CUST-02678,Female,1,Yes,No,21,No,No phone service,Fiber optic,No,No,No,No,No,No,Month-to-month,Yes,Electronic check,29.82,591.91,No
CUST-02679,Male,0,Yes,No,6,Yes,No,Fiber optic,Yes,No,Yes,No,No,No,Two year,Yes,Mailed check,119.93,623.79,Yes
CUST-02680,Male,0,Yes,Yes,71,Yes,Yes,DSL,Yes,No,Yes,Yes,No,No,One year,Yes,Bank transfer (automatic),100.42,7137.69,No
CUST-02681,Male,1,Yes,Yes,53,Yes,Yes,No,No internet service,No internet service,No internet service,No internet service,No internet service,No internet service,Two year,Yes,Electronic check,104.52,4807.3,No
CUST-02682,Male,0,Yes,No,52,Yes,Yes,DSL,Yes,No,Yes,No,No,Yes,Month-to-month,Yes,Electronic check,100.59,4636.97,No
CUST-02683,Female,0,No,No,69,Yes,Yes,DSL,Yes,No,Yes,No,No,No,Month-to-month,Yes,Mailed check,112.75,7924.09,Yes
CUST-02684,Male,0,Yes,No,9,No,No phone service,DSL,Yes,No,Yes,Yes,No,Yes,One year,No,Bank transfer (automatic),95.18,874.39,No
CUST-02685,Female,1,Yes,No,46,Yes,No,Fiber optic,Yes,No,No,No,Yes,Yes,Two year,No,Electronic check,71.69,3089.79,No
CUST-02686,Male,0,No,No,71,Yes,No,Fiber optic,No,No,No,Yes,No,No,One year,No,Electronic check,18.01,1271.03,No
CUST-02687,Male,0,Yes,Yes,30,Yes,Yes,DSL,No,Yes,Yes,No,Yes,No,One year,Yes,Electronic check,46.49,1246.9,No
CUST-02688,Female,0,No,No,43,No,No phone service,No,No internet service,No internet service,No internet service,No internet service,No internet service,No internet service,Month-to-month,Yes,Electronic check,79.22,3506.39,Yes
CUST-02689,Male,0,Yes,No,59,Yes,No,DSL,No,No,No,Yes,Yes,No,Two year,No,Mailed check,49.84,2884.11,No
CUST-02690,Female,1,No,No,38,Yes,No,DSL,Yes,No,No,No,No,No,Month-to-month,Yes,Electronic check,59.83,2322.51,Yes
CUST-02691,Female,0,No,No,34,Yes,Yes,DSL,No,No,No,No,Yes,No,Month-to-month,Yes,Credit card (automatic),29.01,915.7,Yes
CUST-02692,Male,0,No,Yes,46,Yes,Yes,No,No internet service,No internet service,No internet service,No internet service,No internet service,No internet service,Month-to-month,Yes,Credit card (automatic),117.96,4655.65,No
CUST-02693,Female,1,Yes,Yes,32,Yes,Yes,Fiber optic,No,Yes,Yes,No,Yes,No,Month-to-month,No,Credit card (automatic),29.73,997.63,Yes
CUST-02694,Female,0,No,No,16,Yes,No,Fiber optic,Yes,Yes,Yes,No,Yes,No,Two year,No,Credit card (automatic),25.28,405.46,No
CUST-02695,Female,0,Yes,No,39,Yes,Yes,DSL,Yes,No,No,No,No,Yes,One year,No,Mailed check,77.62,2673.87,No
CUST-02696,Female,0,Yes,No,1,Yes,No,Fiber optic,No,Yes,No,No,No,No,Two year,Yes,Electronic check,81.4,79.61,Yes
CUST-02697,Female,0,Yes,No,57,Yes,No,Fiber optic,Yes,No,No,No,Yes,Yes,Two year,Yes,Mailed check,71.49,4234.36,No
CUST-02698,Female,0,Yes,No,20,Yes,No,Fiber optic,Yes,No,No,Yes,No,No,Month-to-month,No,Electronic check,54.03,1112.64,Yes
CUST-02699,Female,0,Yes,No,42,No,No phone service,DSL,Yes,No,No,Yes,No,No,One year,No,Electronic check,112.28,4894.93,No
CUST-02700,Female,0,Yes,No,72,Yes,Yes,No,No internet service,No internet service,No internet service,No internet service,No internet service,No internet service,Month-to-month,No,Mailed check,53.03,3329.39,No
CUST-02701,Male,0,Yes,No,34,Yes,No,DSL,Yes,No,Yes,Yes,No,No,Two year,No,Credit card (automatic),49.69,1724.66,No
CUST-02702,Male,0,No,No,50,Yes,No,Fiber optic,No,No,Yes,Yes,No,No,One year,No,Credit card (automatic),114.41,5882.18,No
CUST-02703,Female,0,Yes,No,11,Yes,No,Fiber optic,No,Yes,No,No,No,No,Month-to-month,Yes,Bank transfer (automatic),108.26,1055.29,Yes
CUST-02704,Male,0,No,No,43,Yes,Yes,Fiber optic,Yes,No,Yes,Yes,Yes,Yes,Month-to-month,Yes,Mailed check,66.63,2840.75,No
CUST-02705,Female,0,No,No,10,Yes,Yes,DSL,No,Yes,No,No,Yes,No,One year,Yes,Electronic check,44.59,440.79,Yes
CUST-02706,Female,1,Yes,No,8,Yes,Yes,DSL,No,Yes,Yes,Yes,No,Yes,Month-to-month,No,Mailed check,31.21,246.62,No
CUST-02707,Male,0,No,Yes,72,Yes,No,Fiber optic,No,No,Yes,No,No,No,Month-to-month,Yes,Credit card (automatic),99.5,6909.89,Yes
CUST-02708,Female,0,No,No,19,Yes,Yes,No,No internet service,No internet service,No internet service,No internet service,No internet service,No internet service,Month-to-month,Yes,Credit card (automatic),92.07,1570.23,Yes
CUST-02709,Female,0,Yes,No,65,Yes,Yes,No,No internet service,No internet service,No internet service,No internet service,No internet service,No internet service,One year,No,Mailed check,28.77,1629.77,No
CUST-02710,Female,0,Yes,No,55,Yes,Yes,DSL,No,No,No,Yes,No,No,Month-to-month,No,Credit card (automatic),93.52,4624.88,Yes
CUST-02711,Female,0,No,Yes,52,Yes,Yes,DSL,Yes,No,No,No,Yes,Yes,One year,Yes,Bank transfer (automatic),109.56,5884.41,No
CUST-02712,Male,0,No,No,3,Yes,No,Fiber optic,Yes,No,Yes,No,No,Yes,Month-to-month,No,Mailed check,23.69,63.62,Yes
CUST-02713,Female,0,No,No,53,Yes,Yes,Fiber optic,Yes,No,No,No,Yes,No,Month-to-month,No,Mailed check,59.88,2971.65,No
CUST-02714,Female,1,Yes,No,44,Yes,Yes,Fiber optic,No,Yes,No,No,No,Yes,Month-to-month,Yes,Mailed check,59.65,2462.35,No
CUST-02715,Female,0,No,No,48,Yes,No,Fiber optic,Yes,Yes,No,No,No,No,Month-to-month,Yes,Electronic check,100.65,4999.67,Yes
CUST-02716,Male,0,Yes,No,54,Yes,No,Fiber optic,No,No,Yes,No,Yes,Yes,Two year,Yes,Electronic check,30.13,1420.4,No
CUST-02717,Female,0,Yes,No,16,Yes,Yes,Fiber optic,Yes,No,Yes,Yes,No,Yes,Month-to-month,No,Electronic check,33.44,505.99,Yes
CUST-02718,Male,0,Yes,Yes,30,Yes,Yes,DSL,No,Yes,No,No,Yes,No,Month-to-month,Yes,Credit card (automatic),57.07,1732.46,Yes
CUST-02719,Male,0,Yes,No,28,Yes,No,Fiber optic,No,No,No,Yes,No,Yes,Month-to-month,No,Bank transfer (automatic),104.88,2532.41,No
CUST-02720,Female,0,No,No,16,Yes,No,Fiber optic,Yes,Yes,No,No,Yes,No,Month-to-month,Yes,Mailed check,118.64,1896.61,Yes
CUST-02721,Female,0,No,Yes,51,Yes,Yes,No,No internet service,No internet service,No internet service,No internet service,No internet service,No internet service,Month-to-month,No,Electronic check,73.71,3266.02,No
CUST-02722,Male,0,No,No,33,Yes,Yes,DSL,Yes,No,Yes,No,No,No,Month-to-month,No,Electronic check,34.1,1058.31,Yes
CUST-02723,Female,0,Yes,No,25,Yes,Yes,DSL,Yes,Yes,Yes,Yes,No,No,Month-to-month,No,Electronic check,110.09,2426.36,No
CUST-02724,Male,0,No,No,18,Yes,No,No,No internet service,No internet service,No internet service,No internet service,No internet service,No internet service,One year,Yes,Mailed check,34.55,577.1,No
CUST-02725,Male,0,No,No,26,Yes,No,Fiber optic,No,No,No,Yes,Yes,No,Month-to-month,No,Bank transfer (automatic),55.52,1237.76,No
CUST-02726,Female,0,Yes,No,6,Yes,Yes,No,No internet service,No internet service,No internet service,No internet service,No internet service,No internet service,Month-to-month,Yes,Mailed check,93.56,571.71,No
CUST-02727,Female,0,No,No,38,Yes,Yes,Fiber optic,No,No,Yes,Yes,Yes,No,Month-to-month,No,Mailed check,24.09,802.6,No
CUST-02728,Male,0,No,Yes,44,Yes,No,No,No internet service,No internet service,No internet service,No internet service,No internet service,No internet service,Month-to-month,Yes,Bank transfer (automatic),67.44,2633.51,No
CUST-02729,Male,0,No,No,67,Yes,No,DSL,No,No,Yes,Yes,No,No,Month-to-month,No,Electronic check,59.54,3756.39,No
CUST-02730,Male,1,Yes,No,43,Yes,No,DSL,Yes,No,No,Yes,No,Yes,One year,Yes,Mailed check,114.43,4201.57,No
CUST-02731,Male,0,No,No,6,Yes,No,No,No internet service,No internet service,No internet service,No internet service,No internet service,No internet service,One year,Yes,Electronic check,73.71,457.39,No
CUST-02732,Female,0,No,No,64,Yes,Yes,No,No internet service,No internet service,No internet service,No internet service,No internet service,No internet service,Month-to-month,Yes,Bank transfer (automatic),108.54,6479.1,No
CUST-02733,Female,0,Yes,Yes,13,No,No phone service,Fiber optic,No,Yes,No,Yes,No,No,Two year,Yes,Electronic check,27.05,336.16,No
CUST-02734,Female,0,No,No,65,Yes,No,Fiber optic,No,No,No,No,Yes,Yes,One year,Yes,Electronic check,74.89,4984.16,No
CUST-02735,Female,0,Yes,No,38,Yes,No,No,No internet service,No internet service,No internet service,No internet service,No internet service,No internet service,Month-to-month,No,Bank transfer (automatic),88.58,3248.95,No
CUST-02736,Female,1,No,Yes,64,Yes,No,DSL,No,No,Yes,No,Yes,Yes,Month-to-month,Yes,Bank transfer (automatic),33.41,1851.6,No
CUST-02737,Male,0,No,No,14,Yes,No,Fiber optic,No,Yes,Yes,Yes,No,Yes,One year,Yes,Mailed check,104.52,1478.83,Yes
CUST-02738,Female,1,No,Yes,17,Yes,Yes,DSL,No,Yes,Yes,No,Yes,Yes,One year,Yes,Electronic check,107.67,1891.13,No
CUST-02739,Female,1,No,No,13,Yes,No,DSL,No,No,Yes,No,Yes,No,Month-to-month,Yes,Mailed check,87.14,1146.02,Yes
CUST-02740,Female,0,Yes,Yes,6,Yes,Yes,Fiber optic,No,No,Yes,No,No,No,Two year,No,Mailed check,71.07,378.67,No
CUST-02741,Female,0,Yes,Yes,6,Yes,Yes,No,No internet service,No internet service,No internet service,No internet service,No internet service,No internet service,Month-to-month,Yes,Electronic check,88.8,504.15,Yes
CUST-02742,Female,0,No,Yes,37,Yes,Yes,Fiber optic,Yes,Yes,No,No,Yes,Yes,Month-to-month,Yes,Mailed check,47.09,1585.34,Yes
CUST-02743,Male,0,Yes,No,57,Yes,Yes,No,No internet service,No internet service,No internet service,No internet service,No internet service,No internet service,Month-to-month,Yes,Credit card (automatic),29.29,1618.79,No
CUST-02744,Male,1,Yes,No,53,Yes,Yes,DSL,No,No,No,No,Yes,No,Month-to-month,Yes,Mailed check,74.31,4007.12,No
CUST-02745,Male,0,Yes,Yes,46,Yes,No,Fiber optic,Yes,Yes,No,No,No,No,One year,Yes,Electronic check,67.22,2875.77,No
CUST-02746,Female,1,Yes,No,4,Yes,Yes,DSL,Yes,No,Yes,No,No,Yes,Month-to-month,Yes,Credit card (automatic),61.5,238.24,Yes
CUST-02747,Male,0,No,Yes,34,Yes,No,DSL,Yes,Yes,Yes,Yes,Yes,No,Month-to-month,No,Bank transfer (automatic),37.28,1079.98,Yes
CUST-02748,Male,1,No,Yes,66,Yes,No,DSL,No,Yes,No,Yes,Yes,No,Month-to-month,Yes,Mailed check,37.41,2271.9,No
CUST-02749,Female,1,Yes,No,63,No,No phone service,DSL,Yes,No,No,No,Yes,No,Month-to-month,No,Electronic check,118.5,7272.91,No
CUST-02750,Female,0,Yes,Yes,61,Yes,No,Fiber optic,No,No,No,No,Yes,No,Month-to-month,No,Electronic check,112.56,7196.47,No
CUST-02751,Female,0,Yes,No,42,Yes,No,DSL,No,No,No,Yes,Yes,Yes,One year,No,Bank transfer (automatic),43.81,1666.4,No
CUST-02752,Male,0,Yes,No,64,Yes,No,Fiber optic,Yes,Yes,No,Yes,No,No,Month-to-month,No,Bank transfer (automatic),24.11,1365.51,No
CUST-02753,Male,0,Yes,Yes,17,Yes,Yes,No,No internet service,No internet service,No internet service,No internet service,No internet service,No internet service,Two year,Yes,Credit card (automatic),51.12,894.36,No
CUST-02754,Female,1,Yes,No,61,Yes,Yes,Fiber optic,No,No,Yes,Yes,Yes,Yes,Month-to-month,Yes,Bank transfer (automatic),104.21,6118.63,Yes
CUST-02755,Female,0,No,No,30,Yes,Yes,No,No internet service,No internet service,No internet service,No internet service,No internet service,No internet service,One year,Yes,Electronic check,40.79,1283.85,No
CUST-02756,Male,0,No,No,43,Yes,No,No,No internet service,No internet service,No internet service,No internet service,No internet service,No internet service,Month-to-month,Yes,Mailed check,118.38,4585.53,No
CUST-02757,Male,0,Yes,Yes,7,Yes,No,Fiber optic,No,No,No,Yes,No,No,Month-to-month,Yes,Electronic check,38.78,241.37,No
CUST-02758,Female,1,No,No,46,Yes,No,Fiber optic,No,Yes,Yes,No,No,No,Month-to-month,No,Credit card (automatic),74.92,3174.56,No
CUST-02759,Female,0,No,No,23,Yes,No,Fiber optic,No,No,Yes,Yes,No,Yes,One year,No,Electronic check,119.21,2647.44,Yes
CUST-02760,Male,0,Yes,Yes,36,No,No phone service,DSL,Yes,Yes,No,No,Yes,Yes,One year,Yes,Mailed check,31.27,974.07,No
CUST-02761,Female,0,Yes,No,14,Yes,Yes,No,No internet service,No internet service,No internet service,No internet service,No internet service,No internet service,Month-to-month,Yes,Mailed check,38.15,495.52,Yes
CUST-02762,Male,0,No,Yes,20,Yes,Yes,Fiber optic,No,No,Yes,No,Yes,Yes,Two year,Yes,Bank transfer (automatic),78.23,1350.46,No
CUST-02763,Male,0,Yes,No,56,Yes,No,DSL,Yes,No,Yes,No,Yes,Yes,Two year,Yes,Bank transfer (automatic),98.52,5415.39,No
CUST-02764,Male,0,No,No,32,Yes,No,Fiber optic,Yes,No,No,No,No,Yes,Month-to-month,Yes,Bank transfer (automatic),89.63,2635.32,Yes
CUST-02765,Male,0,No,Yes,25,Yes,No,Fiber optic,Yes,No,No,Yes,Yes,Yes,One year,No,Mailed check,78.09,2038.4,No
CUST-02766,Female,0,Yes,Yes,49,Yes,No,Fiber optic,No,No,No,No,No,Yes,Two year,Yes,Mailed check,61.91,2641.14,No
CUST-02767,Female,0,No,No,57,No,No phone service,DSL,Yes,No,No,Yes,No,Yes,Month-to-month,Yes,Electronic check,98.2,5758.97,No
CUST-02768,Male,0,No,No,27,Yes,No,Fiber optic,Yes,No,No,No,No,Yes,Month-to-month,Yes,Mailed check,32.34,746.79,No
CUST-02769,Male,0,Yes,No,27,Yes,Yes,Fiber optic,No,Yes,Yes,Yes,No,Yes,Month-to-month,Yes,Bank transfer (automatic),42.99,1138.66,Yes
CUST-02770,Male,0,Yes,No,46,Yes,Yes,No,No internet service,No internet service,No internet service,No internet service,No internet service,No internet service,Month-to-month,Yes,Bank transfer (automatic),98.51,4710.84,No
CUST-02771,Male,1,No,Yes,45,No,No phone service,No,No internet service,No internet service,No internet service,No internet service,No internet service,No internet service,Month-to-month,Yes,Electronic check,46.68,2082.67,Yes
CUST-02772,Male,0,No,No,26,Yes,Yes,Fiber optic,No,Yes,Yes,No,No,Yes,Month-to-month,Yes,Bank transfer (automatic),32.1,714.52,No
CUST-02773,Female,1,No,Yes,14,Yes,Yes,DSL,No,Yes,Yes,Yes,No,No,Month-to-month,Yes,Electronic check,103.98,1428.7,Yes
CUST-02774,Female,0,No,No,48,No,No phone service,DSL,No,Yes,No,No,Yes,No,Month-to-month,Yes,Mailed check,96.41,4200.55,No
CUST-02775,Female,0,Yes,No,15,Yes,Yes,Fiber optic,Yes,No,Yes,No,Yes,No,Month-to-month,Yes,Mailed check,83.17,1242.46,Yes
CUST-02776,Female,0,Yes,Yes,51,Yes,No,Fiber optic,Yes,No,No,Yes,Yes,No,Month-to-month,Yes,Electronic check,84.9,4071.89,No
CUST-02777,Male,0,Yes,Yes,54,Yes,No,DSL,No,No,No,Yes,Yes,No,One year,Yes,Electronic check,85.7,4506.04,No
CUST-02778,Male,0,Yes,Yes,11,Yes,Yes,Fiber optic,No,No,Yes,No,Yes,Yes,One year,Yes,Electronic check,92.52,869.89,No
CUST-02779,Male,0,No,Yes,28,Yes,No,Fiber optic,Yes,Yes,No,Yes,Yes,Yes,Two year,No,Credit card (automatic),50.14,1272.03,No
CUST-02780,Male,0,No,No,55,Yes,Yes,Fiber optic,No,Yes,No,No,No,No,Two year,Yes,Electronic check,106.27,5321.04,No
CUST-02781,Male,0,No,No,69,Yes,Yes,DSL,Yes,No,No,Yes,Yes,No,Month-to-month,Yes,Bank transfer (automatic),44.48,2883.52,No
CUST-02782,Female,0,No,No,72,Yes,Yes,DSL,Yes,No,Yes,Yes,No,Yes,Month-to-month,Yes,Electronic check,60.2,4447.64,No
CUST-02783,Male,0,Yes,No,26,Yes,Yes,Fiber optic,Yes,No,No,No,No,No,Two year,Yes,Bank transfer (automatic),70.06,1682.82,No
CUST-02784,Female,0,Yes,No,70,Yes,Yes,Fiber optic,No,No,Yes,No,No,No,Month-to-month,No,Credit card (automatic),100.24,6951.7,No
CUST-02785,Female,0,Yes,No,32,Yes,Yes,No,No internet service,No internet service,No internet service,No internet service,No internet service,No internet service,One year,No,Mailed check,62.19,1833.57,No
CUST-02786,Female,0,No,Yes,48,Yes,No,Fiber optic,Yes,No,Yes,No,No,No,Month-to-month,Yes,Bank transfer (automatic),69.81,2982.94,No
CUST-02787,Female,0,Yes,Yes,12,Yes,Yes,No,No internet service,No internet service,No internet service,No internet service,No internet service,No internet service,Month-to-month,No,Bank transfer (automatic),104.93,1186.86,Yes
CUST-02788,Male,0,No,No,70,No,No phone service,DSL,Yes,Yes,No,No,No,Yes,Two year,No,Bank transfer (automatic),119.97,7547.48,No
CUST-02789,Female,1,No,No,61,Yes,No,DSL,Yes,No,No,Yes,Yes,Yes,One year,No,Electronic check,98.91,5192.13,No
CUST-02790,Female,1,Yes,Yes,34,Yes,No,Fiber optic,Yes,Yes,Yes,No,No,No,Month-to-month,Yes,Credit card (automatic),48.77,1480.49,Yes
CUST-02791,Female,0,Yes,Yes,45,Yes,Yes,No,No internet service,No internet service,No internet service,No internet service,No internet service,No internet service,One year,No,Bank transfer (automatic),29.21,1139.01,No
CUST-02792,Male,0,No,No,60,Yes,No,Fiber optic,Yes,Yes,No,No,Yes,No,Month-to-month,Yes,Electronic check,88.88,4583.47,Yes
CUST-02793,Male,0,Yes,No,65,Yes,Yes,Fiber optic,No,Yes,Yes,No,No,Yes,Two year,No,Mailed check,88.06,5710.84,No
CUST-02794,Male,0,No,No,71,Yes,No,DSL,Yes,No,Yes,No,Yes,No,Month-to-month,No,Bank transfer (automatic),67.87,4765.88,No
CUST-02795,Female,0,No,Yes,13,Yes,No,Fiber optic,Yes,No,No,No,Yes,Yes,Two year,Yes,Bank transfer (automatic),91.91,1052.29,No
CUST-02796,Female,0,Yes,No,48,Yes,No,Fiber optic,No,Yes,No,No,No,Yes,One year,No,Electronic check,24.43,1006.3,No
CUST-02797,Male,0,Yes,No,49,Yes,Yes,Fiber optic,No,No,Yes,No,Yes,No,Month-to-month,No,Bank transfer (automatic),119.43,5002.07,No
CUST-02798,Female,0,Yes,Yes,58,Yes,No,Fiber optic,Yes,Yes,Yes,No,No,Yes,One year,Yes,Mailed check,67.39,3894.14,No
CUST-02799,Male,0,No,No,70,Yes,No,DSL,No,No,Yes,No,No,Yes,Month-to-month,Yes,Bank transfer (automatic),75.84,4961.99,No
CUST-02800,Male,0,Yes,Yes,61,Yes,Yes,DSL,Yes,No,No,No,Yes,Yes,One year,No,Bank transfer (automatic),72.32,4128.85,No
CUST-02801,Female,0,No,No,26,Yes,Yes,DSL,No,Yes,No,Yes,No,No,Two year,Yes,Electronic check,73.55,1649.83,No
CUST-02802,Female,0,No,No,39,Yes,No,Fiber optic,No,No,No,No,Yes,Yes,Month-to-month,No,Mailed check,97.81,3853.69,No
CUST-02803,Female,0,No,No,58,Yes,No,Fiber optic,Yes,No,Yes,No,Yes,Yes,Month-to-month,Yes,Bank transfer (automatic),25.29,1332.39,No
CUST-02804,Female,0,Yes,No,27,Yes,No,Fiber optic,No,Yes,No,No,Yes,No,Two year,Yes,Bank transfer (automatic),111.9,2821.85,No
CUST-02805,Male,0,No,Yes,40,No,No phone service,Fiber optic,No,No,No,No,No,Yes,Month-to-month,Yes,Bank transfer (automatic),53.02,1990.15,No
CUST-02806,Male,0,No,No,31,Yes,Yes,DSL,Yes,No,No,Yes,Yes,No,Month-to-month,No,Electronic check,81.76,2601.49,No
CUST-02807,Male,0,No,No,3,Yes,No,Fiber optic,Yes,No,No,No,No,No,One year,Yes,Credit card (automatic),23.9,72.89,No
CUST-02808,Male,1,No,No,15,Yes,Yes,No,No internet service,No internet service,No internet service,No internet service,No internet service,No internet service,One year,Yes,Electronic check,67.84,931.83,Yes
CUST-02809,Male,0,No,Yes,54,Yes,No,Fiber optic,Yes,Yes,Yes,No,Yes,Yes,Two year,No,Credit card (automatic),101.12,4721.7,No
CUST-02810,Female,1,No,No,70,No,No phone service,Fiber optic,No,Yes,No,No,No,No,Month-to-month,Yes,Credit card (automatic),49.96,3362.34,No
CUST-02811,Male,0,Yes,No,11,Yes,Yes,Fiber optic,No,No,No,No,No,No,Month-to-month,No,Electronic check,54.67,544.15,Yes
CUST-02812,Male,0,No,No,30,Yes,Yes,Fiber optic,No,No,Yes,No,No,Yes,Month-to-month,Yes,Bank transfer (automatic),83.71,2289.71,Yes
CUST-02813,Male,0,Yes,No,35,Yes,Yes,DSL,No,No,No,No,No,No,Two year,No,Mailed check,25.07,900.7,No
CUST-02814,Female,0,No,No,43,Yes,Yes,DSL,Yes,No,No,Yes,No,Yes,Month-to-month,Yes,Mailed check,57.12,2449.46,No
CUST-02815,Female,0,No,No,61,Yes,No,DSL,No,Yes,No,No,Yes,Yes,Month-to-month,Yes,Electronic check,97.71,5530.92,No
CUST-02816,Female,0,Yes,Yes,40,Yes,No,No,No internet service,No internet service,No internet service,No internet service,No internet service,No internet service,Month-to-month,No,Mailed check,86.25,3379.12,No
CUST-02817,Female,0,No,No,42,Yes,Yes,DSL,No,Yes,No,Yes,No,No,Two year,Yes,Bank transfer (automatic),73.61,2746.24,No
CUST-02818,Male,1,No,No,42,No,No phone service,No,No internet service,No internet service,No internet service,No internet service,No internet service,No internet service,Month-to-month,Yes,Mailed check,77.73,3210.77,No
CUST-02819,Male,0,Yes,No,3,Yes,Yes,No,No internet service,No internet service,No internet service,No internet service,No internet service,No internet service,Two year,Yes,Electronic check,44.0,113.85,No
CUST-02820,Female,0,No,No,21,Yes,Yes,Fiber optic,Yes,Yes,Yes,No,Yes,No,One year,Yes,Mailed check,114.62,2362.07,No
CUST-02821,Female,0,Yes,No,53,Yes,No,Fiber optic,Yes,No,Yes,No,Yes,Yes,One year,Yes,Credit card (automatic),119.64,6514.24,No
CUST-02822,Male,0,No,No,44,Yes,Yes,DSL,Yes,No,No,No,Yes,No,One year,No,Credit card (automatic),34.65,1472.92,No
CUST-02823,Male,0,No,No,46,Yes,No,Fiber optic,No,No,No,No,No,Yes,Two year,Yes,Electronic check,25.75,1087.47,No
CUST-02824,Female,0,No,Yes,37,Yes,Yes,No,No internet service,No internet service,No internet service,No internet service,No internet service,No internet service,One year,No,Mailed check,35.7,1270.27,No
CUST-02825,Female,1,No,No,38,Yes,No,DSL,No,No,Yes,No,No,No,One year,Yes,Bank transfer (automatic),50.18,1747.13,No
CUST-02826,Female,0,No,No,38,No,No phone service,DSL,Yes,No,No,Yes,Yes,Yes,Two year,No,Mailed check,90.53,3124.72,No
CUST-02827,Female,0,Yes,No,11,Yes,No,DSL,Yes,No,No,No,No,Yes,Month-to-month,Yes,Bank transfer (automatic),72.75,681.0,Yes
CUST-02828,Male,0,Yes,No,45,Yes,Yes,Fiber optic,No,No,No,No,No,No,One year,Yes,Bank transfer (automatic),23.69,959.82,No
CUST-02829,Male,1,No,No,64,Yes,Yes,DSL,Yes,No,No,No,No,No,Two year,Yes,Mailed check,69.29,4562.21,No
CUST-02830,Male,0,No,No,44,Yes,Yes,Fiber optic,No,No,No,Yes,Yes,Yes,Month-to-month,No,Electronic check,78.79,3070.96,No
CUST-02831,Female,0,No,No,62,Yes,No,Fiber optic,Yes,Yes,Yes,No,No,No,One year,Yes,Mailed check,31.62,1914.69,No
CUST-02832,Female,0,No,No,61,Yes,Yes,DSL,No,No,Yes,No,Yes,No,Month-to-month,No,Electronic check,26.78,1589.03,No
CUST-02833,Male,0,No,No,12,Yes,Yes,Fiber optic,Yes,No,Yes,No,No,No,Month-to-month,No,Bank transfer (automatic),60.79,652.99,No
CUST-02834,Male,0,Yes,No,9,Yes,Yes,DSL,Yes,Yes,No,No,Yes,No,Month-to-month,Yes,Bank transfer (automatic),97.07,877.43,Yes
CUST-02835,Male,0,No,Yes,67,Yes,Yes,DSL,No,No,No,No,Yes,No,Month-to-month,No,Credit card (automatic),34.86,2190.48,Yes
CUST-02836,Male,1,Yes,No,2,Yes,Yes,DSL,Yes,No,No,No,No,No,Two year,Yes,Credit card (automatic),31.13,62.85,No
CUST-02837,Female,1,Yes,No,8,Yes,No,No,No internet service,No internet service,No internet service,No internet service,No internet service,No internet service,Month-to-month,Yes,Electronic check,103.65,706.86,Yes
CUST-02838,Male,0,No,Yes,43,Yes,No,No,No internet service,No internet service,No internet service,No internet service,No internet service,No internet service,Month-to-month,Yes,Mailed check,44.14,1669.86,Yes
CUST-02839,Male,0,No,Yes,18,Yes,No,DSL,No,Yes,Yes,No,No,Yes,One year,No,Bank transfer (automatic),30.14,501.89,No
CUST-02840,Male,1,Yes,Yes,52,Yes,Yes,DSL,Yes,Yes,Yes,Yes,No,Yes,Month-to-month,Yes,Credit card (automatic),110.45,5427.54,No
CUST-02841,Male,1,No,No,39,No,No phone service,No,No internet service,No internet service,No internet service,No internet service,No internet service,No internet service,Month-to-month,Yes,Electronic check,57.12,2136.94,No
CUST-02842,Male,0,No,No,31,No,No phone service,Fiber optic,No,No,Yes,No,Yes,Yes,One year,No,Credit card (automatic),60.59,1892.84,Yes
CUST-02843,Male,0,No,Yes,14,Yes,No,DSL,No,Yes,No,No,Yes,No,Month-to-month,No,Mailed check,116.77,1684.81,Yes
CUST-02844,Male,0,No,No,64,Yes,No,Fiber optic,No,No,No,No,No,Yes,Two year,Yes,Mailed check,89.92,5256.78,No
CUST-02845,Female,0,Yes,Yes,44,Yes,No,No,No internet service,No internet service,No internet service,No internet service,No internet service,No internet service,One year,Yes,Mailed check,110.96,5015.93,No
CUST-02846,Female,0,No,Yes,60,Yes,Yes,DSL,No,Yes,No,Yes,No,No,Month-to-month,Yes,Electronic check,49.01,2656.15,No
CUST-02847,Female,0,No,No,2,Yes,Yes,DSL,Yes,Yes,Yes,No,Yes,No,Two year,Yes,Mailed check,79.85,138.03,No
CUST-02848,Female,0,No,No,32,No,No phone service,DSL,No,No,No,Yes,No,No,Month-to-month,Yes,Electronic check,65.45,2023.13,No
CUST-02849,Male,1,No,No,36,Yes,No,Fiber optic,Yes,No,No,Yes,Yes,No,One year,Yes,Credit card (automatic),119.9,4244.0,No
CUST-02850,Female,0,Yes,No,55,Yes,Yes,DSL,Yes,Yes,No,Yes,No,No,One year,Yes,Electronic check,67.49,3374.45,No
CUST-02851,Female,0,Yes,No,63,No,No phone service,No,No internet service,No internet service,No internet service,No internet service,No internet service,No internet service,Month-to-month,Yes,Credit card (automatic),88.11,4906.55,No
CUST-02852,Male,0,No,No,69,Yes,No,Fiber optic,No,No,No,Yes,Yes,Yes,Month-to-month,No,Credit card (automatic),38.56,2313.12,Yes
CUST-02853,Male,0,No,No,40,Yes,No,Fiber optic,Yes,Yes,Yes,No,No,Yes,One year,No,Electronic check,32.33,1213.26,No
CUST-02854,Female,0,No,Yes,24,Yes,Yes,DSL,No,No,No,Yes,Yes,No,One year,Yes,Electronic check,28.09,628.17,No
CUST-02855,Female,0,Yes,No,58,Yes,No,No,No internet service,No internet service,No internet service,No internet service,No internet service,No internet service,Month-to-month,Yes,Credit card (automatic),76.38,4018.05,Yes
CUST-02856,Male,0,Yes,No,28,Yes,Yes,Fiber optic,No,Yes,Yes,No,No,Yes,Month-to-month,Yes,Credit card (automatic),107.12,2681.96,No
CUST-02857,Female,1,Yes,No,62,Yes,No,Fiber optic,No,No,No,Yes,Yes,Yes,Month-to-month,No,Bank transfer (automatic),107.13,5697.63,No
CUST-02858,Male,0,No,No,25,Yes,Yes,No,No internet service,No internet service,No internet service,No internet service,No internet service,No internet service,Month-to-month,No,Electronic check,25.08,619.35,No
CUST-02859,Male,0,Yes,No,7,Yes,Yes,No,No internet service,No internet service,No internet service,No internet service,No internet service,No internet service,One year,Yes,Mailed check,99.03,643.41,No
CUST-02860,Male,0,No,Yes,38,Yes,No,Fiber optic,Yes,No,Yes,Yes,No,No,Month-to-month,Yes,Credit card (automatic),107.76,3657.46,Yes
CUST-02861,Male,0,Yes,No,71,Yes,No,Fiber optic,No,No,Yes,No,No,No,Month-to-month,Yes,Electronic check,100.34,6790.71,Yes
CUST-02862,Female,0,No,No,45,Yes,Yes,DSL,No,Yes,No,Yes,Yes,No,One year,No,Mailed check,20.48,945.7,No
CUST-02863,Male,1,Yes,Yes,32,No,No phone service,No,No internet service,No internet service,No internet service,No internet service,No internet service,No internet service,Month-to-month,Yes,Credit card (automatic),89.98,2581.32,Yes
CUST-02864,Male,0,Yes,No,32,Yes,Yes,No,No internet service,No internet service,No internet service,No internet service,No internet service,No internet service,Two year,No,Bank transfer (automatic),55.87,1738.95,No
CUST-02865,Female,0,No,No,1,Yes,No,DSL,No,Yes,No,Yes,Yes,No,One year,Yes,Mailed check,92.24,95.34,No
CUST-02866,Male,1,No,Yes,45,Yes,Yes,Fiber optic,No,Yes,Yes,Yes,Yes,Yes,Month-to-month,Yes,Credit card (automatic),64.81,2701.23,No
CUST-02867,Female,0,Yes,No,64,Yes,No,Fiber optic,No,No,No,Yes,No,No,Month-to-month,Yes,Mailed check,86.33,5744.57,No
CUST-02868,Female,0,No,No,68,Yes,Yes,DSL,Yes,Yes,Yes,Yes,Yes,Yes,Month-to-month,No,Credit card (automatic),45.93,2662.64,No
CUST-02869,Female,0,Yes,No,7,Yes,No,Fiber optic,Yes,No,No,No,Yes,Yes,Month-to-month,Yes,Bank transfer (automatic),32.9,201.23,No
CUST-02870,Male,0,Yes,No,38,Yes,Yes,DSL,No,Yes,Yes,No,Yes,No,Month-to-month,No,Electronic check,112.01,4071.68,No
CUST-02871,Female,0,Yes,Yes,70,Yes,Yes,No,No internet service,No internet service,No internet service,No internet service,No internet service,No internet service,Month-to-month,Yes,Credit card (automatic),91.32,6071.02,No
CUST-02872,Female,0,Yes,No,53,Yes,No,DSL,No,Yes,Yes,Yes,No,Yes,Month-to-month,No,Credit card (automatic),114.25,6336.83,Yes
CUST-02873,Male,0,No,No,30,No,No phone service,Fiber optic,No,No,No,No,Yes,No,Month-to-month,No,Electronic check,100.33,2644.49,Yes
CUST-02874,Female,0,Yes,No,22,Yes,Yes,DSL,Yes,Yes,No,No,No,No,One year,Yes,Electronic check,41.37,953.96,No
CUST-02875,Female,0,No,No,58,Yes,Yes,DSL,Yes,No,No,Yes,Yes,No,Two year,No,Credit card (automatic),89.47,5295.08,No
CUST-02876,Female,1,Yes,Yes,55,Yes,No,DSL,No,No,No,Yes,Yes,No,Month-to-month,Yes,Mailed check,75.14,3696.93,No
CUST-02877,Female,0,No,No,46,Yes,No,Fiber optic,No,Yes,No,No,Yes,No,Month-to-month,Yes,Credit card (automatic),46.23,1963.9,No
CUST-02878,Female,1,Yes,Yes,26,Yes,Yes,DSL,Yes,No,No,Yes,Yes,No,Two year,No,Electronic check,106.34,2416.32,No
CUST-02879,Male,0,Yes,Yes,64,Yes,Yes,Fiber optic,No,Yes,No,No,Yes,No,Month-to-month,Yes,Electronic check,97.52,6439.43,Yes
CUST-02880,Female,0,Yes,Yes,9,No,No phone service,Fiber optic,No,Yes,No,Yes,No,No,Month-to-month,Yes,Electronic check,31.1,259.5,Yes
CUST-02881,Female,0,No,No,15,Yes,No,Fiber optic,No,Yes,No,Yes,No,Yes,Month-to-month,No,Electronic check,76.14,979.64,No
CUST-02882,Male,0,No,No,19,No,No phone service,Fiber optic,No,No,No,Yes,No,No,Two year,No,Bank transfer (automatic),96.37,1767.87,No
CUST-02883,Male,1,No,No,16,Yes,Yes,DSL,No,Yes,Yes,No,Yes,Yes,Month-to-month,Yes,Electronic check,34.44,496.8,Yes
CUST-02884,Male,0,Yes,No,25,Yes,No,DSL,Yes,No,No,No,No,No,Two year,No,Bank transfer (automatic),119.16,2761.15,No
CUST-02885,Female,0,No,No,51,Yes,Yes,Fiber optic,No,Yes,Yes,No,No,Yes,Month-to-month,No,Electronic check,79.68,3835.72,No
CUST-02886,Male,0,No,Yes,46,Yes,Yes,Fiber optic,Yes,No,No,No,Yes,No,Two year,Yes,Credit card (automatic),105.9,4214.93,No
CUST-02887,Female,0,Yes,No,7,Yes,No,Fiber optic,No,No,No,No,Yes,No,One year,Yes,Mailed check,73.72,489.13,No
CUST-02888,Female,0,Yes,No,34,Yes,No,DSL,Yes,Yes,No,No,Yes,No,One year,Yes,Credit card (automatic),49.51,1527.99,No
CUST-02889,Male,0,No,Yes,58,Yes,No,Fiber optic,No,No,Yes,No,Yes,No,Month-to-month,Yes,Mailed check,103.22,5941.52,No
CUST-02890,Male,0,No,No,23,Yes,Yes,DSL,No,Yes,No,Yes,No,No,Month-to-month,No,Mailed check,63.63,1318.88,No
CUST-02891,Female,0,Yes,No,23,Yes,No,DSL,Yes,Yes,No,No,Yes,Yes,Month-to-month,Yes,Electronic check,77.43,1850.05,No
CUST-02892,Male,0,No,No,17,Yes,No,Fiber optic,No,No,No,No,No,Yes,Month-to-month,No,Electronic check,76.72,1302.26,Yes
CUST-02893,Female,0,No,No,13,Yes,No,DSL,Yes,Yes,No,No,No,No,One year,No,Mailed check,24.01,272.78,No
CUST-02894,Male,0,No,No,27,Yes,Yes,Fiber optic,Yes,No,Yes,Yes,No,No,One year,No,Electronic check,52.61,1247.14,No
CUST-02895,Male,1,Yes,Yes,66,Yes,Yes,No,No internet service,No internet service,No internet service,No internet service,No internet service,No internet service,Month-to-month,Yes,Electronic check,52.02,3165.04,No
CUST-02896,Male,0,No,Yes,30,Yes,Yes,DSL,No,Yes,Yes,Yes,No,No,Two year,No,Electronic check,22.46,576.41,No
CUST-02897,Female,0,Yes,No,4,Yes,No,Fiber optic,Yes,Yes,No,No,Yes,Yes,Month-to-month,No,Mailed check,28.68,98.64,Yes
CUST-02898,Male,0,Yes,Yes,67,Yes,Yes,No,No internet service,No internet service,No internet service,No internet service,No internet service,No internet service,Month-to-month,Yes,Electronic check,76.24,5076.12,No
CUST-02899,Female,0,No,No,14,Yes,Yes,DSL,No,Yes,No,Yes,Yes,No,Two year,Yes,Credit card (automatic),50.85,651.72,No
CUST-02900,Female,1,Yes,No,11,Yes,Yes,Fiber optic,Yes,Yes,No,No,Yes,No,Month-to-month,Yes,Electronic check,69.19,677.92,No
CUST-02901,Female,0,Yes,No,40,Yes,No,DSL,No,No,No,No,No,Yes,Month-to-month,Yes,Electronic check,67.32,2487.15,No
CUST-02902,Female,0,Yes,Yes,3,Yes,Yes,Fiber optic,No,Yes,Yes,No,Yes,No,Month-to-month,Yes,Credit card (automatic),84.73,266.02,No
CUST-02903,Male,0,Yes,Yes,1,Yes,Yes,Fiber optic,Yes,No,Yes,No,No,No,Two year,No,Electronic check,104.66,107.85,Yes
CUST-02904,Female,0,Yes,No,9,Yes,Yes,Fiber optic,No,No,No,Yes,No,No,Month-to-month,No,Credit card (automatic),41.14,333.58,No
CUST-02905,Female,0,Yes,No,1,Yes,No,Fiber optic,No,No,No,Yes,No,No,One year,Yes,Credit card (automatic),54.88,47.49,No
CUST-02906,Male,0,No,No,16,Yes,Yes,Fiber optic,No,No,Yes,No,No,Yes,Two year,Yes,Credit card (automatic),74.83,1096.28,No
CUST-02907,Female,0,Yes,No,72,Yes,Yes,DSL,No,Yes,No,No,Yes,Yes,Two year,No,Mailed check,93.63,5742.2,No
CUST-02908,Male,0,No,No,46,Yes,Yes,No,No internet service,No internet service,No internet service,No internet service,No internet service,No internet service,Month-to-month,Yes,Bank transfer (automatic),57.11,2349.51,No
CUST-02909,Female,0,Yes,No,10,Yes,No,DSL,Yes,Yes,Yes,Yes,No,Yes,Month-to-month,Yes,Mailed check,45.04,439.1,No
CUST-02910,Male,0,Yes,Yes,33,Yes,No,DSL,No,Yes,Yes,Yes,Yes,Yes,Two year,No,Credit card (automatic),86.88,2488.46,No
CUST-02911,Female,0,No,No,41,Yes,Yes,No,No internet service,No internet service,No internet service,No internet service,No internet service,No internet service,Month-to-month,Yes,Bank transfer (automatic),85.71,3107.93,No
CUST-02912,Male,0,Yes,No,51,Yes,Yes,No,No internet service,No internet service,No internet service,No internet service,No internet service,No internet service,Month-to-month,Yes,Bank transfer (automatic),95.2,4545.88,No
CUST-02913,Female,0,No,No,22,Yes,Yes,Fiber optic,No,No,Yes,Yes,No,No,One year,Yes,Mailed check,68.75,1501.93,No
CUST-02914,Female,0,No,Yes,16,Yes,No,DSL,No,Yes,No,No,No,No,One year,Yes,Electronic check,25.69,392.74,Yes
CUST-02915,Male,0,Yes,No,62,Yes,No,No,No internet service,No internet service,No internet service,No internet service,No internet service,No internet service,Month-to-month,No,Mailed check,78.04,4822.21,No
CUST-02916,Male,0,No,No,53,Yes,No,Fiber optic,No,Yes,Yes,Yes,Yes,No,Two year,Yes,Electronic check,50.05,2303.85,No
CUST-02917,Male,1,Yes,No,14,Yes,No,Fiber optic,No,Yes,No,Yes,Yes,Yes,Two year,Yes,Mailed check,119.78,1479.48,No
CUST-02918,Male,1,No,Yes,59,Yes,Yes,No,No internet service,No internet service,No internet service,No internet service,No internet service,No internet service,Month-to-month,Yes,Mailed check,77.31,4689.43,No
CUST-02919,Female,0,No,No,26,Yes,Yes,DSL,No,No,No,No,No,No,Month-to-month,Yes,Bank transfer (automatic),63.1,1709.4,Yes
CUST-02920,Female,0,No,No,44,Yes,No,Fiber optic,No,Yes,No,Yes,No,Yes,Month-to-month,No,Bank transfer (automatic),95.72,4271.21,Yes
CUST-02921,Male,0,Yes,No,20,Yes,No,Fiber optic,No,No,No,Yes,No,No,Two year,Yes,Mailed check,117.77,2341.34,No
CUST-02922,Female,0,Yes,Yes,5,Yes,No,Fiber optic,No,Yes,Yes,Yes,No,Yes,One year,No,Electronic check,68.33,293.93,No
CUST-02923,Male,0,Yes,Yes,65,Yes,Yes,DSL,Yes,No,No,Yes,Yes,No,Month-to-month,Yes,Bank transfer (automatic),51.8,3534.4,No
CUST-02924,Male,0,Yes,Yes,11,Yes,No,DSL,No,Yes,No,Yes,No,Yes,One year,Yes,Bank transfer (automatic),67.11,658.61,No
CUST-02925,Female,1,No,No,47,Yes,No,Fiber optic,Yes,Yes,No,Yes,No,Yes,Two year,Yes,Credit card (automatic),88.77,3889.87,No
CUST-02926,Female,0,No,No,10,Yes,No,DSL,Yes,No,No,Yes,Yes,No,One year,No,Electronic check,86.67,845.67,Yes
CUST-02927,Female,0,Yes,Yes,61,Yes,No,DSL,No,No,Yes,Yes,No,Yes,Month-to-month,Yes,Mailed check,93.99,5495.5,Yes
CUST-02928,Female,0,No,Yes,45,Yes,No,DSL,No,No,No,No,No,Yes,Month-to-month,Yes,Mailed check,81.27,3833.35,No
CUST-02929,Female,0,No,No,47,Yes,Yes,DSL,No,Yes,Yes,No,No,Yes,Month-to-month,Yes,Bank transfer (automatic),115.34,5250.53,No
CUST-02930,Female,0,No,No,34,Yes,No,DSL,Yes,Yes,No,No,Yes,No,Month-to-month,Yes,Mailed check,55.22,1679.13,No
CUST-02931,Female,0,Yes,No,13,No,No phone service,DSL,Yes,No,No,No,Yes,No,Month-to-month,No,Credit card (automatic),18.13,226.9,No
CUST-02932,Male,0,Yes,No,23,Yes,Yes,No,No internet service,No internet service,No internet service,No internet service,No internet service,No internet service,Month-to-month,Yes,Electronic check,33.25,699.8,No
CUST-02933,Male,0,No,No,36,Yes,No,DSL,No,Yes,Yes,Yes,Yes,No,Month-to-month,Yes,Electronic check,22.48,795.6,Yes
CUST-02934,Male,0,No,Yes,63,Yes,No,Fiber optic,No,No,No,No,No,No,One year,Yes,Electronic check,33.51,1811.06,No
CUST-02935,Male,0,No,No,47,Yes,No,Fiber optic,No,No,No,Yes,Yes,Yes,Month-to-month,No,Mailed check,39.92,1698.53,No
CUST-02936,Male,0,No,No,66,Yes,Yes,Fiber optic,No,No,No,No,No,No,Month-to-month,Yes,Bank transfer (automatic),45.72,2895.82,No
CUST-02937,Female,0,Yes,Yes,14,Yes,No,DSL,No,No,No,Yes,No,Yes,Two year,Yes,Mailed check,20.5,288.54,No
CUST-02938,Male,0,No,No,53,Yes,Yes,No,No internet service,No internet service,No internet service,No internet service,No internet service,No internet service,One year,Yes,Bank transfer (automatic),46.75,2519.1,No
CUST-02939,Male,1,Yes,No,66,No,No phone service,Fiber optic,No,Yes,No,No,No,No,Month-to-month,Yes,Credit card (automatic),33.17,2261.22,No
CUST-02940,Male,0,No,Yes,49,Yes,No,DSL,No,No,No,Yes,No,Yes,Two year,Yes,Mailed check,26.77,1214.21,No
CUST-02941,Male,1,No,Yes,16,Yes,Yes,Fiber optic,No,No,Yes,No,No,Yes,Month-to-month,No,Credit card (automatic),77.29,1196.4,No
CUST-02942,Male,1,No,No,68,Yes,No,DSL,Yes,No,No,Yes,No,Yes,Month-to-month,Yes,Electronic check,37.68,2478.14,No
CUST-02943,Male,0,No,No,43,Yes,Yes,Fiber optic,No,Yes,No,No,Yes,No,Month-to-month,No,Electronic check,26.3,1164.7,No
CUST-02944,Male,0,No,No,65,Yes,Yes,Fiber optic,Yes,No,No,No,Yes,No,One year,No,Credit card (automatic),36.3,2404.91,No
CUST-02945,Female,1,Yes,No,9,Yes,Yes,Fiber optic,No,No,Yes,Yes,Yes,Yes,Two year,Yes,Electronic check,106.52,896.27,No
CUST-02946,Female,0,Yes,No,21,No,No phone service,Fiber optic,No,No,Yes,No,No,No,Month-to-month,Yes,Credit card (automatic),72.0,1465.13,Yes
CUST-02947,Male,0,No,Yes,43,No,No phone service,No,No internet service,No internet service,No internet service,No internet service,No internet service,No internet service,Month-to-month,Yes,Credit card (automatic),72.52,3221.71,No
CUST-02948,Female,1,Yes,Yes,66,Yes,Yes,Fiber optic,Yes,No,Yes,No,No,No,Month-to-month,No,Bank transfer (automatic),45.77,3171.75,No
CUST-02949,Female,0,Yes,Yes,4,Yes,No,Fiber optic,Yes,Yes,Yes,Yes,Yes,No,One year,Yes,Electronic check,70.65,281.95,No
CUST-02950,Female,0,Yes,No,7,Yes,Yes,Fiber optic,Yes,Yes,Yes,No,Yes,No,Two year,Yes,Mailed check,93.07,562.7,No
CUST-02951,Female,0,No,No,58,Yes,No,Fiber optic,No,Yes,No,Yes,No,No,Month-to-month,Yes,Electronic check,78.84,4702.44,No
CUST-02952,Male,0,Yes,No,4,Yes,Yes,Fiber optic,Yes,Yes,Yes,Yes,Yes,No,Month-to-month,No,Electronic check,72.78,275.28,Yes
CUST-02953,Female,0,No,No,20,Yes,No,No,No internet service,No internet service,No internet service,No internet service,No internet service,No internet service,Month-to-month,Yes,Electronic check,55.09,1013.8,Yes
CUST-02954,Female,0,No,No,35,Yes,Yes,No,No internet service,No internet service,No internet service,No internet service,No internet service,No internet service,Month-to-month,Yes,Electronic check,82.32,2616.2,Yes
CUST-02955,Female,0,No,Yes,59,Yes,No,Fiber optic,Yes,No,Yes,Yes,No,Yes,Month-to-month,Yes,Bank transfer (automatic),105.42,6286.57,Yes
CUST-02956,Male,0,Yes,No,45,Yes,No,DSL,No,No,No,No,No,No,One year,Yes,Credit card (automatic),37.45,1735.23,No
CUST-02957,Male,0,No,Yes,14,Yes,No,Fiber optic,No,No,Yes,No,No,No,Month-to-month,No,Bank transfer (automatic),102.07,1410.62,No
CUST-02958,Male,0,No,No,22,Yes,No,Fiber optic,Yes,No,No,Yes,No,No,One year,Yes,Mailed check,67.38,1277.67,No
CUST-02959,Male,0,No,No,48,Yes,No,Fiber optic,No,Yes,Yes,No,Yes,Yes,Month-to-month,No,Electronic check,117.88,5926.25,No
CUST-02960,Male,0,No,Yes,30,Yes,Yes,DSL,No,Yes,Yes,Yes,No,Yes,Month-to-month,Yes,Credit card (automatic),44.72,1290.02,No
CUST-02961,Male,0,No,No,29,No,No phone service,Fiber optic,Yes,No,No,No,Yes,Yes,Month-to-month,No,Electronic check,27.96,823.4,Yes
CUST-02962,Male,0,Yes,Yes,36,Yes,No,Fiber optic,No,No,Yes,Yes,Yes,Yes,Month-to-month,Yes,Electronic check,34.38,1230.54,No
CUST-02963,Female,1,No,No,42,Yes,No,DSL,No,No,No,No,No,Yes,Month-to-month,Yes,Electronic check,19.95,768.4,Yes
CUST-02964,Female,0,Yes,Yes,29,No,No phone service,No,No internet service,No internet service,No internet service,No internet service,No internet service,No internet service,Month-to-month,Yes,Mailed check,55.27,1656.64,Yes
CUST-02965,Female,0,Yes,No,7,Yes,No,No,No internet service,No internet service,No internet service,No internet service,No internet service,No internet service,Two year,Yes,Mailed check,50.66,323.05,No
CUST-02966,Male,0,No,No,32,Yes,No,Fiber optic,No,No,Yes,No,No,No,Month-to-month,No,Bank transfer (automatic),83.12,2782.06,Yes
CUST-02967,Male,0,Yes,No,13,Yes,No,Fiber optic,No,Yes,No,No,Yes,No,Month-to-month,Yes,Bank transfer (automatic),34.6,470.85,No
CUST-02968,Male,0,Yes,No,13,Yes,No,Fiber optic,No,No,Yes,No,Yes,No,Month-to-month,No,Bank transfer (automatic),95.6,1067.11,Yes
CUST-02969,Male,0,No,Yes,54,Yes,Yes,Fiber optic,Yes,No,No,No,Yes,Yes,Month-to-month,Yes,Credit card (automatic),50.9,2407.37,No
CUST-02970,Male,0,No,No,14,Yes,No,Fiber optic,No,No,No,No,Yes,No,Month-to-month,Yes,Bank transfer (automatic),107.38,1348.3,Yes
CUST-02971,Female,0,Yes,No,6,Yes,Yes,Fiber optic,No,Yes,Yes,No,No,Yes,Month-to-month,No,Electronic check,36.69,203.38,No
CUST-02972,Female,0,No,No,16,Yes,Yes,DSL,Yes,No,No,No,No,No,Month-to-month,Yes,Mailed check,99.34,1558.75,Yes
CUST-02973,Male,0,Yes,No,41,Yes,Yes,Fiber optic,No,No,No,No,No,No,Two year,Yes,Bank transfer (automatic),36.99,1399.85,No
CUST-02974,Male,0,Yes,Yes,52,Yes,Yes,No,No internet service,No internet service,No internet service,No internet service,No internet service,No internet service,Month-to-month,No,Mailed check,20.0,1078.96,No
CUST-02975,Male,1,Yes,No,16,Yes,No,DSL,No,Yes,Yes,No,Yes,No,Month-to-month,No,Bank transfer (automatic),23.96,362.36,No
CUST-02976,Male,0,Yes,No,5,Yes,Yes,DSL,Yes,Yes,Yes,Yes,No,Yes,Month-to-month,No,Electronic check,101.19,486.45,Yes
CUST-02977,Female,0,Yes,No,24,Yes,No,Fiber optic,Yes,Yes,No,Yes,No,Yes,One year,Yes,Electronic check,72.32,1692.74,No
CUST-02978,Male,0,Yes,No,43,Yes,No,Fiber optic,No,No,No,Yes,No,No,Month-to-month,Yes,Mailed check,50.77,2041.4,No
CUST-02979,Male,1,No,Yes,65,Yes,Yes,DSL,No,Yes,No,No,Yes,No,One year,Yes,Electronic check,83.43,5297.81,No
CUST-02980,Male,0,No,No,10,No,No phone service,No,No internet service,No internet service,No internet service,No internet service,No internet service,No internet service,Month-to-month,No,Mailed check,56.48,490.2,No
CUST-02981,Male,1,No,Yes,59,Yes,No,DSL,Yes,No,Yes,No,No,Yes,Month-to-month,No,Mailed check,101.61,5697.72,No
CUST-02982,Female,1,No,No,35,No,No phone service,No,No internet service,No internet service,No internet service,No internet service,No internet service,No internet service,One year,Yes,Electronic check,94.34,3024.69,Yes
CUST-02983,Male,0,Yes,No,31,Yes,Yes,DSL,No,No,No,No,No,No,One year,No,Electronic check,65.64,1811.84,No
CUST-02984,Male,0,No,Yes,11,Yes,Yes,DSL,No,Yes,No,No,No,No,One year,No,Electronic check,19.13,180.45,No
CUST-02985,Female,0,No,No,9,Yes,No,No,No internet service,No internet service,No internet service,No internet service,No internet service,No internet service,Month-to-month,No,Mailed check,70.98,642.77,No
CUST-02986,Female,0,Yes,Yes,66,Yes,Yes,No,No internet service,No internet service,No internet service,No internet service,No internet service,No internet service,Month-to-month,Yes,Mailed check,57.06,3292.48,No
CUST-02987,Female,0,Yes,No,44,Yes,Yes,No,No internet service,No internet service,No internet service,No internet service,No internet service,No internet service,Month-to-month,Yes,Electronic check,78.58,3057.12,Yes
CUST-02988,Male,0,No,No,16,Yes,No,DSL,Yes,No,Yes,Yes,No,No,Month-to-month,No,Credit card (automatic),34.39,486.21,Yes
CUST-02989,Male,1,No,No,48,Yes,No,Fiber optic,No,Yes,No,No,Yes,Yes,One year,Yes,Bank transfer (automatic),85.81,4308.7,Yes
CUST-02990,Female,0,No,No,53,Yes,No,DSL,Yes,Yes,No,No,No,Yes,Month-to-month,No,Bank transfer (automatic),39.03,1863.13,Yes
CUST-02991,Female,1,Yes,No,65,Yes,No,DSL,No,No,No,Yes,Yes,No,Month-to-month,Yes,Electronic check,117.95,6802.36,Yes
CUST-02992,Female,0,Yes,Yes,48,No,No phone service,DSL,No,Yes,No,Yes,Yes,Yes,Month-to-month,Yes,Electronic check,101.53,5087.13,No
CUST-02993,Female,0,No,No,70,Yes,No,DSL,Yes,No,No,Yes,No,Yes,Month-to-month,Yes,Mailed check,36.48,2490.89,No
CUST-02994,Female,1,No,Yes,46,Yes,Yes,No,No internet service,No internet service,No internet service,No internet service,No internet service,No internet service,One year,No,Bank transfer (automatic),73.5,3335.35,No
CUST-02995,Female,0,Yes,No,33,Yes,No,DSL,Yes,No,No,No,Yes,No,Month-to-month,Yes,Credit card (automatic),64.4,2152.79,Yes
CUST-02996,Male,0,Yes,No,52,Yes,No,Fiber optic,Yes,No,Yes,No,No,No,Two year,No,Mailed check,100.67,5021.53,No
CUST-02997,Male,0,No,No,55,Yes,No,Fiber optic,Yes,Yes,No,No,No,Yes,Month-to-month,Yes,Bank transfer (automatic),93.45,4926.76,No
CUST-02998,Male,0,No,Yes,51,Yes,Yes,DSL,No,No,No,Yes,Yes,Yes,Month-to-month,No,Bank transfer (automatic),48.19,2579.74,No
CUST-02999,Female,0,Yes,Yes,40,Yes,Yes,No,No internet service,No internet service,No internet service,No internet service,No internet service,No internet service,Month-to-month,Yes,Electronic check,55.16,2179.88,No
CUST-03000,Female,0,No,Yes,25,No,No phone service,Fiber optic,No,Yes,No,No,Yes,Yes,Month-to-month,No,Credit card (automatic),24.14,598.85,No
CUST-03001,Female,0,No,No,63,Yes,No,No,No internet service,No internet service,No internet service,No internet service,No internet service,No internet service,One year,No,Credit card (automatic),75.87,4147.12,No
CUST-03002,Female,1,No,Yes,22,Yes,Yes,No,No internet service,No internet service,No internet service,No internet service,No internet service,No internet service,Two year,No,Bank transfer (automatic),95.41,1832.15,No
CUST-03003,Female,0,Yes,No,38,No,No phone service,No,No internet service,No internet service,No internet service,No internet service,No internet service,No internet service,Month-to-month,No,Mailed check,60.73,2195.9,No
CUST-03004,Female,1,Yes,No,9,Yes,No,Fiber optic,Yes,No,No,No,No,No,Month-to-month,Yes,Credit card (automatic),114.46,1025.75,No
CUST-03005,Male,0,No,No,37,Yes,Yes,DSL,No,No,No,Yes,Yes,Yes,Two year,Yes,Electronic check,31.99,1184.54,No
CUST-03006,Male,0,Yes,No,5,Yes,Yes,DSL,No,Yes,No,No,No,Yes,One year,No,Bank transfer (automatic),108.87,547.99,No
CUST-03007,Female,0,No,No,22,Yes,Yes,Fiber optic,No,No,Yes,Yes,Yes,No,Month-to-month,Yes,Bank transfer (automatic),20.2,441.09,Yes
CUST-03008,Male,0,No,Yes,12,Yes,No,Fiber optic,Yes,Yes,Yes,Yes,Yes,Yes,Month-to-month,No,Electronic check,111.15,1165.01,No
CUST-03009,Female,1,Yes,No,60,Yes,Yes,No,No internet service,No internet service,No internet service,No internet service,No internet service,No internet service,Two year,No,Mailed check,49.17,2999.72,No
CUST-03010,Male,0,No,No,44,Yes,Yes,Fiber optic,No,No,No,No,Yes,Yes,One year,No,Electronic check,29.2,1289.1,No
CUST-03011,Female,0,No,Yes,22,Yes,No,DSL,No,No,No,No,No,No,One year,No,Credit card (automatic),118.9,2418.81,No
CUST-03012,Female,0,No,No,6,Yes,Yes,DSL,No,No,No,Yes,No,No,Two year,No,Credit card (automatic),93.94,525.16,No
CUST-03013,Male,0,Yes,No,27,Yes,Yes,DSL,No,Yes,No,No,No,No,Month-to-month,Yes,Electronic check,72.08,1869.7,Yes
CUST-03014,Male,1,No,Yes,55,Yes,Yes,Fiber optic,No,No,Yes,Yes,No,Yes,Month-to-month,Yes,Electronic check,58.16,3354.16,Yes
CUST-03015,Female,1,Yes,Yes,15,Yes,No,DSL,No,No,Yes,Yes,No,No,Month-to-month,No,Credit card (automatic),44.02,659.53,No
CUST-03016,Female,0,No,Yes,64,No,No phone service,Fiber optic,Yes,Yes,No,No,Yes,Yes,Month-to-month,No,Mailed check,78.94,5140.86,Yes
CUST-03017,Male,0,No,No,17,Yes,No,Fiber optic,No,Yes,Yes,No,No,No,Month-to-month,Yes,Electronic check,63.79,966.37,No
CUST-03018,Male,0,Yes,No,3,Yes,Yes,DSL,No,Yes,No,No,Yes,No,Month-to-month,Yes,Electronic check,69.66,198.77,Yes
CUST-03019,Female,0,No,Yes,10,Yes,Yes,Fiber optic,Yes,Yes,Yes,No,Yes,No,Month-to-month,Yes,Credit card (automatic),65.11,626.7,Yes
CUST-03020,Male,1,No,No,63,Yes,Yes,Fiber optic,Yes,Yes,Yes,Yes,No,Yes,Two year,No,Mailed check,83.52,4519.05,No
CUST-03021,Female,0,Yes,No,63,Yes,No,Fiber optic,Yes,No,Yes,No,Yes,Yes,Month-to-month,Yes,Credit card (automatic),112.24,6168.14,No
CUST-03022,Female,0,Yes,No,62,Yes,No,No,No internet service,No internet service,No internet service,No internet service,No internet service,No internet service,One year,Yes,Bank transfer (automatic),115.19,6376.8,No
CUST-03023,Female,0,No,No,9,Yes,Yes,DSL,No,No,Yes,No,Yes,No,One year,No,Bank transfer (automatic),103.18,953.39,No
CUST-03024,Female,1,Yes,Yes,24,Yes,No,Fiber optic,No,No,Yes,No,Yes,No,Month-to-month,Yes,Electronic check,45.38,1094.6,No
CUST-03025,Male,0,Yes,No,32,Yes,No,No,No internet service,No internet service,No internet service,No internet service,No internet service,No internet service,Month-to-month,Yes,Electronic check,43.28,1311.92,Yes
CUST-03026,Male,0,No,No,3,Yes,Yes,Fiber optic,No,Yes,Yes,No,Yes,No,Month-to-month,Yes,Bank transfer (automatic),76.84,232.1,No
CUST-03027,Male,0,No,No,33,Yes,Yes,Fiber optic,No,No,No,No,Yes,No,Two year,Yes,Electronic check,117.41,3697.27,No
CUST-03028,Male,0,No,Yes,43,Yes,No,Fiber optic,Yes,No,Yes,Yes,No,Yes,One year,No,Bank transfer (automatic),74.29,3304.3,No
CUST-03029,Male,0,Yes,Yes,12,Yes,No,Fiber optic,No,Yes,Yes,Yes,Yes,Yes,Month-to-month,Yes,Electronic check,29.41,320.12,Yes
CUST-03030,Male,0,Yes,No,32,Yes,No,DSL,Yes,Yes,No,No,Yes,No,Month-to-month,Yes,Bank transfer (automatic),106.24,2970.54,Yes
CUST-03031,Male,0,Yes,No,20,Yes,Yes,Fiber optic,Yes,No,Yes,Yes,Yes,No,Month-to-month,No,Bank transfer (automatic),94.17,1619.36,Yes
CUST-03032,Female,0,No,No,67,Yes,No,DSL,Yes,Yes,No,Yes,Yes,Yes,Month-to-month,Yes,Electronic check,42.36,2661.14,Yes
CUST-03033,Male,0,No,No,68,Yes,Yes,Fiber optic,No,No,No,Yes,Yes,No,Month-to-month,Yes,Mailed check,82.25,5095.52,Yes
CUST-03034,Male,0,Yes,Yes,17,Yes,No,Fiber optic,No,Yes,Yes,Yes,No,No,Two year,No,Bank transfer (automatic),40.91,725.71,No
CUST-03035,Female,0,Yes,No,19,Yes,No,Fiber optic,No,No,Yes,No,No,Yes,One year,No,Credit card (automatic),61.37,1196.9,No
CUST-03036,Male,0,No,Yes,4,Yes,Yes,Fiber optic,Yes,No,No,No,No,No,Month-to-month,No,Electronic check,42.16,157.84,Yes
CUST-03037,Male,0,No,No,17,Yes,Yes,DSL,No,Yes,No,Yes,No,Yes,One year,Yes,Credit card (automatic),78.87,1144.13,No
CUST-03038,Female,0,Yes,No,64,Yes,No,DSL,Yes,Yes,No,No,No,Yes,Two year,Yes,Bank transfer (automatic),48.92,2720.11,No
CUST-03039,Male,1,No,Yes,22,No,No phone service,Fiber optic,No,Yes,No,Yes,Yes,No,Two year,No,Mailed check,35.14,690.42,Yes
CUST-03040,Male,0,Yes,Yes,66,Yes,Yes,DSL,No,No,No,No,No,No,Month-to-month,Yes,Electronic check,24.08,1475.57,Yes
CUST-03041,Male,0,No,No,42,Yes,No,Fiber optic,No,No,Yes,No,No,No,Month-to-month,No,Bank transfer (automatic),82.44,3498.27,No
CUST-03042,Female,0,No,No,45,Yes,Yes,Fiber optic,Yes,No,Yes,No,Yes,No,Month-to-month,Yes,Bank transfer (automatic),78.85,3621.21,Yes
CUST-03043,Male,0,No,No,11,Yes,Yes,DSL,No,Yes,No,Yes,No,Yes,One year,Yes,Bank transfer (automatic),37.85,437.09,No
CUST-03044,Male,0,Yes,No,53,Yes,No,No,No internet service,No internet service,No internet service,No internet service,No internet service,No internet service,Month-to-month,No,Mailed check,18.28,926.43,No
CUST-03045,Female,0,Yes,No,60,Yes,Yes,Fiber optic,No,Yes,Yes,No,No,No,Two year,No,Electronic check,31.88,1988.57,No
CUST-03046,Male,0,No,No,29,No,No phone service,DSL,Yes,Yes,No,Yes,Yes,Yes,Two year,Yes,Bank transfer (automatic),49.15,1397.75,No
CUST-03047,Female,0,Yes,No,20,Yes,No,DSL,No,Yes,No,Yes,Yes,Yes,Month-to-month,No,Bank transfer (automatic),71.36,1349.55,No
CUST-03048,Female,0,No,No,5,Yes,No,Fiber optic,No,No,Yes,Yes,No,Yes,Month-to-month,Yes,Electronic check,108.33,475.03,No
CUST-03049,Male,0,No,Yes,25,Yes,No,DSL,Yes,No,Yes,No,Yes,Yes,Month-to-month,No,Electronic check,39.45,1019.11,Yes
CUST-03050,Female,0,No,Yes,34,Yes,No,No,No internet service,No internet service,No internet service,No internet service,No internet service,No internet service,Month-to-month,Yes,Credit card (automatic),39.98,1398.42,Yes
CUST-03051,Female,0,No,No,12,Yes,No,Fiber optic,No,No,Yes,No,Yes,No,Two year,Yes,Electronic check,104.11,1281.66,No
CUST-03052,Male,0,No,No,28,Yes,No,No,No internet service,No internet service,No internet service,No internet service,No internet service,No internet service,One year,No,Electronic check,69.84,2039.09,No
CUST-03053,Female,0,No,No,6,Yes,No,DSL,Yes,No,Yes,No,No,Yes,One year,No,Bank transfer (automatic),88.52,538.46,No
CUST-03054,Female,1,Yes,Yes,19,Yes,No,Fiber optic,No,No,Yes,Yes,No,Yes,Month-to-month,Yes,Electronic check,53.37,863.05,No
CUST-03055,Male,0,Yes,Yes,12,No,No phone service,No,No internet service,No internet service,No internet service,No internet service,No internet service,No internet service,Two year,Yes,Mailed check,103.57,1234.15,No
CUST-03056,Male,0,Yes,Yes,25,Yes,Yes,DSL,Yes,No,No,Yes,No,Yes,Month-to-month,Yes,Mailed check,63.88,1490.27,No
CUST-03057,Male,0,Yes,Yes,13,Yes,No,DSL,No,Yes,No,Yes,No,Yes,Two year,Yes,Credit card (automatic),110.1,1486.87,No
CUST-03058,Female,1,No,No,3,Yes,Yes,Fiber optic,No,Yes,No,Yes,No,Yes,Month-to-month,Yes,Electronic check,58.85,177.76,Yes
CUST-03059,Male,0,No,No,24,Yes,No,No,No internet service,No internet service,No internet service,No internet service,No internet service,No internet service,Month-to-month,No,Electronic check,100.49,2437.39,Yes
CUST-03060,Female,0,No,No,8,Yes,No,Fiber optic,No,No,Yes,No,No,No,One year,Yes,Electronic check,23.68,165.15,Yes
CUST-03061,Female,1,No,No,45,Yes,Yes,Fiber optic,Yes,Yes,Yes,No,No,No,Month-to-month,Yes,Electronic check,87.65,3718.8,Yes
CUST-03062,Female,1,No,No,72,No,No phone service,Fiber optic,Yes,No,Yes,Yes,No,No,Two year,No,Bank transfer (automatic),32.44,2198.27,No
CUST-03063,Female,0,No,Yes,1,Yes,Yes,DSL,Yes,Yes,Yes,No,No,No,Two year,Yes,Credit card (automatic),109.51,103.92,No
CUST-03064,Female,0,Yes,No,3,Yes,Yes,Fiber optic,Yes,No,Yes,No,No,No,Month-to-month,Yes,Electronic check,116.39,352.4,Yes
CUST-03065,Female,0,No,No,65,Yes,No,DSL,No,No,No,No,Yes,No,Month-to-month,No,Electronic check,50.77,2950.57,Yes
CUST-03066,Female,0,Yes,Yes,15,Yes,No,DSL,No,Yes,No,No,Yes,No,Month-to-month,Yes,Credit card (automatic),75.39,1001.81,No
CUST-03067,Male,0,No,No,50,Yes,No,No,No internet service,No internet service,No internet service,No internet service,No internet service,No internet service,One year,No,Credit card (automatic),58.78,3002.42,No
CUST-03068,Male,0,Yes,No,20,Yes,No,Fiber optic,No,No,No,No,Yes,No,Month-to-month,Yes,Electronic check,80.52,1637.72,Yes
CUST-03069,Female,0,No,Yes,3,Yes,No,No,No internet service,No internet service,No internet service,No internet service,No internet service,No internet service,One year,Yes,Credit card (automatic),54.15,159.73,No
CUST-03070,Female,0,No,Yes,61,No,No phone service,DSL,No,No,Yes,No,Yes,No,Month-to-month,Yes,Bank transfer (automatic),101.55,5342.86,No
CUST-03071,Male,0,No,No,15,Yes,Yes,Fiber optic,Yes,Yes,Yes,Yes,No,No,Two year,No,Credit card (automatic),21.2,316.1,No
CUST-03072,Female,0,No,Yes,59,Yes,No,No,No internet service,No internet service,No internet service,No internet service,No internet service,No internet service,Two year,No,Electronic check,93.61,4813.72,No
CUST-03073,Male,0,No,Yes,54,Yes,Yes,DSL,Yes,Yes,No,Yes,Yes,No,Month-to-month,Yes,Bank transfer (automatic),19.41,974.11,No
CUST-03074,Male,0,Yes,No,60,Yes,No,DSL,Yes,No,Yes,No,Yes,No,Two year,No,Electronic check,116.21,7097.22,No
CUST-03075,Male,1,Yes,No,37,Yes,No,Fiber optic,Yes,No,No,Yes,Yes,No,Month-to-month,No,Bank transfer (automatic),22.14,701.32,No
CUST-03076,Female,0,No,No,21,Yes,Yes,Fiber optic,Yes,Yes,Yes,Yes,No,Yes,Two year,No,Credit card (automatic),99.09,2032.73,Yes
CUST-03077,Female,0,Yes,No,23,Yes,No,No,No internet service,No internet service,No internet service,No internet service,No internet service,No internet service,One year,No,Electronic check,89.36,1974.05,No
CUST-03078,Male,1,Yes,No,18,No,No phone service,Fiber optic,No,No,No,No,Yes,Yes,Month-to-month,Yes,Electronic check,105.8,1762.29,Yes
CUST-03079,Male,0,No,No,17,Yes,Yes,No,No internet service,No internet service,No internet service,No internet service,No internet service,No internet service,Two year,Yes,Electronic check,31.1,471.93,No
CUST-03080,Male,0,Yes,No,31,Yes,Yes,No,No internet service,No internet service,No internet service,No internet service,No internet service,No internet service,One year,Yes,Mailed check,54.2,1483.84,No
CUST-03081,Male,1,Yes,No,64,Yes,No,DSL,No,No,Yes,No,No,No,Two year,Yes,Mailed check,26.77,1744.13,No
CUST-03082,Male,0,Yes,Yes,48,Yes,Yes,Fiber optic,No,No,Yes,No,Yes,No,Two year,No,Bank transfer (automatic),47.43,1985.51,No
CUST-03083,Female,0,Yes,No,26,Yes,Yes,DSL,Yes,Yes,No,Yes,Yes,Yes,One year,No,Bank transfer (automatic),80.15,2173.58,No
CUST-03084,Male,0,No,No,22,Yes,Yes,DSL,No,Yes,No,Yes,No,No,Month-to-month,Yes,Bank transfer (automatic),116.93,2287.48,Yes
CUST-03085,Female,0,No,No,45,Yes,No,No,No internet service,No internet service,No internet service,No internet service,No internet service,No internet service,Month-to-month,Yes,Electronic check,43.93,1965.52,Yes
CUST-03086,Male,0,No,No,36,Yes,Yes,DSL,No,Yes,Yes,Yes,No,Yes,Month-to-month,Yes,Bank transfer (automatic),52.75,1825.79,Yes
CUST-03087,Female,1,Yes,No,64,No,No phone service,Fiber optic,Yes,No,No,Yes,No,No,Month-to-month,No,Electronic check,59.6,3527.84,Yes
CUST-03088,Female,0,No,No,35,Yes,Yes,DSL,Yes,No,No,Yes,No,Yes,Month-to-month,No,Mailed check,21.13,763.84,Yes
CUST-03089,Female,0,Yes,Yes,27,Yes,Yes,DSL,Yes,Yes,Yes,No,No,Yes,Month-to-month,Yes,Bank transfer (automatic),88.22,2040.92,No
CUST-03090,Female,0,No,No,68,Yes,Yes,Fiber optic,Yes,Yes,Yes,Yes,Yes,Yes,Two year,Yes,Mailed check,30.88,2106.99,No
CUST-03091,Female,0,No,No,17,Yes,Yes,Fiber optic,Yes,Yes,No,Yes,No,Yes,Two year,Yes,Mailed check,107.6,1825.41,No
CUST-03092,Female,0,No,Yes,70,Yes,No,Fiber optic,No,Yes,Yes,No,No,No,Month-to-month,Yes,Mailed check,60.31,4293.98,Yes
CUST-03093,Male,0,No,Yes,11,Yes,No,No,No internet service,No internet service,No internet service,No internet service,No internet service,No internet service,Two year,No,Electronic check,107.17,1212.28,No
CUST-03094,Female,0,Yes,No,5,Yes,No,DSL,No,No,Yes,Yes,Yes,Yes,Month-to-month,Yes,Credit card (automatic),92.94,437.5,Yes
CUST-03095,Male,0,Yes,No,58,Yes,Yes,DSL,Yes,No,No,No,Yes,No,Month-to-month,Yes,Mailed check,97.45,5567.42,No
CUST-03096,Female,0,No,Yes,57,Yes,Yes,DSL,Yes,No,Yes,Yes,Yes,No,Two year,Yes,Mailed check,56.33,3098.58,No
CUST-03097,Female,0,Yes,No,14,Yes,Yes,Fiber optic,No,Yes,Yes,Yes,No,Yes,One year,Yes,Electronic check,100.91,1368.02,Yes
CUST-03098,Male,0,Yes,Yes,72,Yes,No,Fiber optic,Yes,Yes,No,Yes,Yes,No,Two year,No,Mailed check,75.21,4629.89,No
CUST-03099,Female,0,Yes,No,1,Yes,Yes,No,No internet service,No internet service,No internet service,No internet service,No internet service,No internet service,Two year,Yes,Mailed check,35.24,36.74,No
CUST-03100,Male,0,Yes,No,16,Yes,Yes,Fiber optic,No,Yes,No,Yes,No,Yes,Month-to-month,No,Mailed check,109.02,1539.22,Yes
CUST-03101,Male,0,No,Yes,26,No,No phone service,DSL,Yes,Yes,Yes,No,No,No,One year,No,Mailed check,59.51,1443.4,No
CUST-03102,Male,0,No,Yes,49,Yes,Yes,DSL,No,No,Yes,No,No,No,Month-to-month,Yes,Electronic check,109.58,5316.16,No
CUST-03103,Male,0,Yes,No,42,Yes,No,Fiber optic,No,No,Yes,Yes,No,No,Two year,No,Credit card (automatic),76.74,2876.97,No
CUST-03104,Female,1,Yes,No,70,Yes,No,Fiber optic,No,Yes,No,Yes,Yes,No,Month-to-month,No,Electronic check,23.24,1420.57,No
CUST-03105,Female,0,No,Yes,66,Yes,No,DSL,No,No,No,No,No,No,Two year,No,Mailed check,98.06,6660.6,No
CUST-03106,Male,0,No,No,53,Yes,Yes,Fiber optic,Yes,No,No,Yes,No,Yes,Two year,Yes,Electronic check,20.61,1055.29,No
CUST-03107,Female,0,No,No,9,Yes,Yes,No,No internet service,No internet service,No internet service,No internet service,No internet service,No internet service,Month-to-month,Yes,Bank transfer (automatic),28.11,221.86,Yes
CUST-03108,Female,0,No,No,69,No,No phone service,Fiber optic,No,No,Yes,Yes,No,No,Month-to-month,Yes,Bank transfer (automatic),52.38,3703.14,No
CUST-03109,Male,0,No,No,40,Yes,No,Fiber optic,No,Yes,No,Yes,No,Yes,Month-to-month,Yes,Bank transfer (automatic),82.38,2925.26,No
CUST-03110,Female,0,No,No,56,Yes,Yes,No,No internet service,No internet service,No internet service,No internet service,No internet service,No internet service,One year,No,Credit card (automatic),61.64,3387.96,No
CUST-03111,Male,0,No,No,5,Yes,No,DSL,Yes,No,No,No,No,Yes,Two year,Yes,Bank transfer (automatic),58.56,298.98,No
CUST-03112,Male,1,Yes,Yes,56,Yes,No,DSL,Yes,No,No,No,Yes,No,Month-to-month,Yes,Electronic check,61.65,3362.42,Yes
CUST-03113,Female,1,No,No,72,Yes,Yes,DSL,No,Yes,Yes,No,Yes,No,Two year,No,Mailed check,30.95,1897.25,No
CUST-03114,Female,0,Yes,No,5,No,No phone service,DSL,Yes,Yes,Yes,Yes,Yes,Yes,Two year,No,Credit card (automatic),89.32,437.64,No
CUST-03115,Female,0,No,Yes,69,Yes,No,No,No internet service,No internet service,No internet service,No internet service,No internet service,No internet service,Month-to-month,No,Credit card (automatic),38.51,2560.33,No
CUST-03116,Male,0,No,No,52,Yes,No,DSL,Yes,No,Yes,Yes,No,Yes,Month-to-month,Yes,Credit card (automatic),62.37,3099.3,Yes
CUST-03117,Male,0,No,Yes,33,Yes,Yes,Fiber optic,Yes,No,Yes,Yes,No,No,Month-to-month,Yes,Credit card (automatic),116.93,3516.14,No
CUST-03118,Female,0,Yes,No,22,Yes,Yes,Fiber optic,Yes,No,No,Yes,No,No,Month-to-month,Yes,Electronic check,112.64,2416.86,Yes
CUST-03119,Female,0,No,No,15,Yes,No,Fiber optic,Yes,Yes,Yes,No,No,No,One year,Yes,Electronic check,96.39,1233.75,No
CUST-03120,Female,0,Yes,No,65,Yes,No,Fiber optic,No,No,Yes,No,No,No,Month-to-month,Yes,Electronic check,108.37,6717.42,Yes
CUST-03121,Female,0,Yes,No,71,No,No phone service,Fiber optic,No,No,No,No,No,Yes,One year,No,Mailed check,87.92,5715.76,No
CUST-03122,Male,0,Yes,Yes,23,Yes,No,Fiber optic,No,Yes,No,No,Yes,No,Two year,Yes,Electronic check,101.61,2008.84,No
CUST-03123,Female,0,Yes,No,6,No,No phone service,No,No internet service,No internet service,No internet service,No internet service,No internet service,No internet service,Month-to-month,No,Bank transfer (automatic),43.32,234.57,Yes
CUST-03124,Male,0,Yes,No,58,Yes,Yes,DSL,Yes,No,Yes,No,No,Yes,Month-to-month,Yes,Bank transfer (automatic),64.39,3799.36,No
CUST-03125,Male,0,No,Yes,26,No,No phone service,DSL,No,Yes,No,No,Yes,Yes,Month-to-month,Yes,Electronic check,47.29,1108.65,Yes
CUST-03126,Female,0,No,No,12,Yes,No,Fiber optic,No,No,Yes,Yes,No,Yes,One year,Yes,Electronic check,21.87,247.85,No
CUST-03127,Female,0,Yes,Yes,2,Yes,Yes,DSL,Yes,Yes,No,No,No,No,Two year,Yes,Electronic check,42.51,81.88,No
CUST-03128,Female,1,Yes,No,32,Yes,No,Fiber optic,No,Yes,No,No,Yes,No,One year,Yes,Electronic check,44.15,1282.01,No
CUST-03129,Male,0,No,No,50,No,No phone service,No,No internet service,No internet service,No internet service,No internet service,No internet service,No internet service,Month-to-month,Yes,Bank transfer (automatic),87.84,4210.51,No
CUST-03130,Female,0,No,No,61,Yes,No,Fiber optic,No,Yes,No,No,No,No,Month-to-month,No,Mailed check,52.95,3362.67,Yes
CUST-03131,Female,0,Yes,Yes,11,Yes,No,No,No internet service,No internet service,No internet service,No internet service,No internet service,No internet service,Month-to-month,No,Mailed check,40.03,390.5,Yes
CUST-03132,Male,0,No,No,68,Yes,No,Fiber optic,Yes,No,Yes,No,No,No,One year,Yes,Electronic check,19.32,1351.12,No
CUST-03133,Female,0,No,Yes,34,Yes,No,DSL,No,Yes,No,Yes,Yes,Yes,One year,No,Mailed check,58.81,1924.02,No
CUST-03134,Male,0,Yes,No,8,Yes,Yes,Fiber optic,Yes,Yes,Yes,Yes,Yes,Yes,Two year,No,Mailed check,96.63,777.57,No
CUST-03135,Female,0,Yes,No,8,Yes,Yes,No,No internet service,No internet service,No internet service,No internet service,No internet service,No internet service,Month-to-month,No,Bank transfer (automatic),81.99,636.13,Yes
CUST-03136,Male,0,No,No,15,Yes,Yes,Fiber optic,No,Yes,No,Yes,No,No,One year,Yes,Electronic check,109.55,1497.1,No
CUST-03137,Female,0,Yes,No,5,Yes,No,No,No internet service,No internet service,No internet service,No internet service,No internet service,No internet service,Month-to-month,Yes,Bank transfer (automatic),76.53,369.23,Yes
CUST-03138,Female,0,No,No,19,Yes,Yes,No,No internet service,No internet service,No internet service,No internet service,No internet service,No internet service,Month-to-month,Yes,Bank transfer (automatic),22.88,406.56,No
CUST-03139,Male,0,Yes,No,9,Yes,No,Fiber optic,No,Yes,No,No,No,Yes,Month-to-month,Yes,Bank transfer (automatic),62.44,544.4,No
CUST-03140,Male,0,No,No,57,Yes,No,DSL,No,Yes,Yes,Yes,No,No,Month-to-month,No,Mailed check,60.81,3338.21,No
CUST-03141,Female,0,No,Yes,54,Yes,Yes,Fiber optic,No,No,Yes,Yes,No,Yes,Month-to-month,Yes,Electronic check,104.64,5569.23,Yes
CUST-03142,Male,0,Yes,No,29,Yes,Yes,No,No internet service,No internet service,No internet service,No internet service,No internet service,No internet service,Two year,Yes,Electronic check,84.99,2452.42,No
CUST-03143,Male,0,No,No,19,Yes,No,DSL,No,Yes,Yes,Yes,No,Yes,One year,Yes,Credit card (automatic),45.12,822.59,No
CUST-03144,Male,0,No,Yes,46,No,No phone service,Fiber optic,No,No,Yes,No,Yes,Yes,Month-to-month,No,Credit card (automatic),89.53,4168.39,Yes
CUST-03145,Male,0,No,No,62,Yes,No,Fiber optic,No,Yes,Yes,No,No,Yes,Month-to-month,Yes,Electronic check,102.8,6291.79,No
CUST-03146,Female,1,No,No,60,Yes,No,DSL,No,No,Yes,No,No,No,Month-to-month,No,Electronic check,23.83,1288.0,Yes
CUST-03147,Female,0,Yes,Yes,5,Yes,No,Fiber optic,Yes,Yes,Yes,Yes,No,No,Month-to-month,No,Electronic check,91.59,475.24,Yes
CUST-03148,Male,0,No,No,33,Yes,No,DSL,Yes,No,No,No,Yes,No,Month-to-month,No,Electronic check,99.1,2826.22,No
CUST-03149,Male,0,Yes,No,55,Yes,Yes,No,No internet service,No internet service,No internet service,No internet service,No internet service,No internet service,Month-to-month,Yes,Credit card (automatic),54.86,2946.7,No
CUST-03150,Male,0,Yes,No,19,Yes,Yes,Fiber optic,No,Yes,No,Yes,No,Yes,Month-to-month,Yes,Bank transfer (automatic),115.03,2125.39,Yes
CUST-03151,Male,1,Yes,Yes,17,Yes,No,No,No internet service,No internet service,No internet service,No internet service,No internet service,No internet service,One year,No,Credit card (automatic),102.88,1642.07,No
CUST-03152,Female,0,Yes,Yes,42,Yes,Yes,DSL,No,No,No,Yes,Yes,No,Two year,Yes,Credit card (automatic),44.84,1780.54,No
CUST-03153,Female,0,Yes,Yes,22,Yes,Yes,DSL,Yes,No,No,Yes,Yes,Yes,Month-to-month,No,Electronic check,58.12,1285.67,Yes
CUST-03154,Male,0,No,No,39,Yes,Yes,No,No internet service,No internet service,No internet service,No internet service,No internet service,No internet service,Two year,No,Mailed check,110.64,4290.99,No
CUST-03155,Male,0,No,No,27,Yes,Yes,Fiber optic,No,No,No,No,No,No,Month-to-month,Yes,Bank transfer (automatic),102.91,2592.01,Yes
CUST-03156,Male,0,Yes,No,46,Yes,Yes,DSL,Yes,No,No,Yes,Yes,Yes,One year,No,Bank transfer (automatic),100.32,4120.19,No
CUST-03157,Female,1,Yes,No,28,Yes,Yes,DSL,No,No,No,No,No,No,Month-to-month,No,Electronic check,117.07,2826.77,Yes
CUST-03158,Male,0,No,Yes,52,Yes,Yes,Fiber optic,No,No,Yes,Yes,No,No,Month-to-month,No,Credit card (automatic),25.59,1323.82,No
CUST-03159,Female,0,Yes,No,65,Yes,Yes,DSL,No,No,No,Yes,No,No,Month-to-month,Yes,Bank transfer (automatic),24.39,1568.32,No
CUST-03160,Male,1,Yes,No,39,Yes,No,Fiber optic,No,No,No,No,Yes,No,Month-to-month,Yes,Electronic check,62.37,2206.05,No
CUST-03161,Female,0,No,No,18,Yes,Yes,Fiber optic,No,No,Yes,No,No,Yes,Two year,No,Mailed check,111.1,2080.99,No
CUST-03162,Male,0,Yes,No,22,Yes,No,Fiber optic,No,Yes,No,Yes,No,Yes,Month-to-month,No,Electronic check,72.42,1561.63,Yes
CUST-03163,Female,0,Yes,No,68,Yes,Yes,No,No internet service,No internet service,No internet service,No internet service,No internet service,No internet service,Month-to-month,No,Bank transfer (automatic),113.23,7570.07,No
CUST-03164,Male,0,No,No,11,Yes,No,DSL,No,Yes,No,Yes,No,No,Month-to-month,No,Electronic check,33.84,358.34,Yes
CUST-03165,Male,0,No,Yes,64,Yes,No,Fiber optic,Yes,Yes,Yes,Yes,No,No,One year,No,Mailed check,93.2,5840.9,No
CUST-03166,Male,0,Yes,No,71,No,No phone service,DSL,No,No,Yes,Yes,No,No,One year,No,Electronic check,50.89,3793.17,No
CUST-03167,Female,0,No,No,57,Yes,No,No,No internet service,No internet service,No internet service,No internet service,No internet service,No internet service,Two year,Yes,Credit card (automatic),87.07,5014.11,No
CUST-03168,Male,0,No,Yes,35,Yes,Yes,No,No internet service,No internet service,No internet service,No internet service,No internet service,No internet service,One year,No,Credit card (automatic),61.69,2017.73,Yes
CUST-03169,Female,0,Yes,No,37,Yes,Yes,Fiber optic,Yes,No,No,Yes,Yes,Yes,Month-to-month,No,Credit card (automatic),48.99,1611.41,No
CUST-03170,Female,0,Yes,Yes,50,Yes,Yes,DSL,No,Yes,No,No,No,Yes,Month-to-month,Yes,Bank transfer (automatic),105.25,5265.99,No
CUST-03171,Male,0,Yes,Yes,30,Yes,Yes,DSL,Yes,Yes,No,No,No,Yes,Month-to-month,No,Credit card (automatic),57.75,1777.23,Yes
CUST-03172,Male,0,Yes,No,17,Yes,No,No,No internet service,No internet service,No internet service,No internet service,No internet service,No internet service,Two year,No,Electronic check,41.28,669.86,No
CUST-03173,Male,0,Yes,Yes,33,Yes,Yes,Fiber optic,No,No,Yes,Yes,Yes,Yes,Two year,No,Credit card (automatic),33.41,1140.79,No
CUST-03174,Female,0,Yes,No,16,Yes,No,No,No internet service,No internet service,No internet service,No internet service,No internet service,No internet service,Two year,Yes,Bank transfer (automatic),36.07,555.0,No
CUST-03175,Male,0,Yes,No,15,Yes,No,DSL,Yes,No,Yes,Yes,Yes,No,Month-to-month,No,Bank transfer (automatic),71.28,955.14,Yes
CUST-03176,Female,0,No,Yes,13,Yes,Yes,Fiber optic,Yes,Yes,Yes,No,Yes,No,Month-to-month,Yes,Mailed check,23.51,285.83,No
CUST-03177,Female,0,No,No,3,Yes,No,Fiber optic,No,Yes,No,No,No,No,Two year,Yes,Bank transfer (automatic),25.71,72.07,Yes
CUST-03178,Male,0,No,No,24,No,No phone service,No,No internet service,No internet service,No internet service,No internet service,No internet service,No internet service,One year,Yes,Electronic check,64.06,1360.39,No
CUST-03179,Male,0,No,Yes,23,Yes,No,Fiber optic,Yes,No,No,Yes,No,No,One year,Yes,Mailed check,89.49,2032.61,No
CUST-03180,Male,0,No,No,59,Yes,Yes,DSL,No,Yes,No,Yes,Yes,Yes,One year,Yes,Credit card (automatic),88.29,5305.23,No
CUST-03181,Male,0,No,No,55,Yes,No,No,No internet service,No internet service,No internet service,No internet service,No internet service,No internet service,Month-to-month,Yes,Bank transfer (automatic),109.75,5383.04,No
CUST-03182,Male,0,Yes,Yes,65,Yes,Yes,DSL,No,Yes,No,No,Yes,Yes,One year,Yes,Bank transfer (automatic),69.63,4542.15,No
CUST-03183,Male,0,Yes,No,32,Yes,Yes,Fiber optic,Yes,No,No,No,Yes,No,Month-to-month,No,Electronic check,40.24,1132.06,Yes
CUST-03184,Female,1,No,Yes,60,Yes,Yes,Fiber optic,Yes,No,No,Yes,No,No,One year,Yes,Credit card (automatic),99.65,5479.3,Yes
CUST-03185,Female,0,Yes,Yes,30,No,No phone service,DSL,Yes,Yes,Yes,Yes,Yes,Yes,Month-to-month,Yes,Credit card (automatic),33.05,989.41,No
CUST-03186,Female,0,Yes,No,66,Yes,No,Fiber optic,Yes,Yes,Yes,No,No,Yes,One year,Yes,Electronic check,86.71,5322.13,Yes
CUST-03187,Male,0,No,Yes,18,Yes,No,Fiber optic,Yes,Yes,Yes,Yes,No,Yes,Month-to-month,No,Mailed check,89.28,1368.55,Yes
CUST-03188,Female,0,No,No,59,Yes,No,Fiber optic,No,No,Yes,Yes,No,Yes,Two year,Yes,Bank transfer (automatic),37.72,2254.19,No
CUST-03189,Female,0,No,No,53,Yes,Yes,DSL,Yes,No,No,No,Yes,No,Month-to-month,No,Credit card (automatic),23.59,1118.81,No
CUST-03190,Female,0,Yes,Yes,64,Yes,Yes,No,No internet service,No internet service,No internet service,No internet service,No internet service,No internet service,One year,Yes,Mailed check,37.15,2427.64,No
CUST-03191,Female,0,Yes,No,30,Yes,Yes,No,No internet service,No internet service,No internet service,No internet service,No internet service,No internet service,Month-to-month,Yes,Mailed check,98.94,2673.93,No
CUST-03192,Female,0,No,No,18,Yes,No,Fiber optic,Yes,Yes,No,Yes,Yes,No,Month-to-month,Yes,Electronic check,103.11,1672.17,Yes
CUST-03193,Male,0,Yes,No,5,No,No phone service,No,No internet service,No internet service,No internet service,No internet service,No internet service,No internet service,Two year,No,Mailed check,44.72,229.58,No
CUST-03194,Male,0,Yes,No,69,Yes,No,No,No internet service,No internet service,No internet service,No internet service,No internet service,No internet service,Two year,Yes,Electronic check,71.01,4507.22,No
CUST-03195,Female,0,No,Yes,8,Yes,No,No,No internet service,No internet service,No internet service,No internet service,No internet service,No internet service,One year,No,Credit card (automatic),23.75,186.83,No
CUST-03196,Female,0,No,No,9,No,No phone service,No,No internet service,No internet service,No internet service,No internet service,No internet service,No internet service,Month-to-month,Yes,Bank transfer (automatic),37.78,313.3,No
CUST-03197,Female,0,No,No,32,Yes,Yes,Fiber optic,No,Yes,Yes,No,Yes,Yes,Month-to-month,Yes,Electronic check,75.81,2324.66,Yes
CUST-03198,Male,0,No,Yes,14,Yes,No,Fiber optic,No,No,No,No,No,No,Month-to-month,Yes,Credit card (automatic),41.74,586.79,Yes
CUST-03199,Male,0,Yes,No,13,Yes,No,Fiber optic,Yes,No,No,No,No,Yes,One year,Yes,Bank transfer (automatic),23.2,311.76,No
CUST-03200,Female,1,Yes,No,18,Yes,Yes,No,No internet service,No internet service,No internet service,No internet service,No internet service,No internet service,Month-to-month,Yes,Bank transfer (automatic),108.73,1918.71,No
CUST-03201,Male,1,Yes,No,68,Yes,Yes,Fiber optic,No,No,Yes,Yes,No,No,Two year,Yes,Credit card (automatic),41.71,2626.82,No
CUST-03202,Male,0,No,No,22,Yes,Yes,Fiber optic,Yes,No,No,Yes,Yes,Yes,Month-to-month,Yes,Bank transfer (automatic),97.22,1986.59,Yes
CUST-03203,Female,0,No,Yes,20,Yes,Yes,DSL,No,Yes,No,No,No,Yes,Two year,Yes,Credit card (automatic),61.09,1076.67,No
CUST-03204,Male,0,Yes,Yes,15,Yes,No,No,No internet service,No internet service,No internet service,No internet service,No internet service,No internet service,Month-to-month,No,Mailed check,89.99,1300.03,Yes
CUST-03205,Male,0,No,Yes,7,Yes,Yes,Fiber optic,No,No,Yes,No,Yes,Yes,One year,Yes,Electronic check,54.34,387.4,No
CUST-03206,Female,0,Yes,No,30,Yes,No,DSL,Yes,Yes,No,Yes,Yes,Yes,One year,No,Credit card (automatic),79.47,2088.55,No
CUST-03207,Male,0,No,Yes,5,Yes,Yes,No,No internet service,No internet service,No internet service,No internet service,No internet service,No internet service,Month-to-month,Yes,Mailed check,84.97,383.3,Yes
CUST-03208,Male,1,No,No,1,Yes,Yes,Fiber optic,No,No,Yes,No,Yes,No,One year,Yes,Bank transfer (automatic),30.61,26.14,Yes
CUST-03209,Female,0,Yes,No,60,Yes,No,DSL,No,No,Yes,Yes,Yes,No,One year,Yes,Mailed check,108.16,6198.96,No
CUST-03210,Male,0,Yes,Yes,31,Yes,Yes,DSL,No,No,Yes,Yes,No,No,Two year,Yes,Bank transfer (automatic),54.0,1442.38,No
CUST-03211,Male,0,Yes,No,20,Yes,No,DSL,Yes,Yes,No,Yes,No,No,Month-to-month,No,Electronic check,98.3,1898.82,No
CUST-03212,Female,0,Yes,No,64,Yes,Yes,DSL,No,No,No,Yes,No,No,One year,No,Electronic check,74.35,4315.15,No
CUST-03213,Female,0,Yes,Yes,64,Yes,No,Fiber optic,No,No,Yes,Yes,Yes,Yes,Month-to-month,No,Credit card (automatic),36.68,2372.27,No
CUST-03214,Female,0,No,Yes,29,Yes,No,No,No internet service,No internet service,No internet service,No internet service,No internet service,No internet service,Month-to-month,No,Mailed check,54.24,1505.28,No
CUST-03215,Male,0,Yes,Yes,10,Yes,No,Fiber optic,Yes,Yes,No,No,No,Yes,Month-to-month,Yes,Electronic check,26.7,252.66,Yes
CUST-03216,Female,0,No,Yes,29,Yes,Yes,Fiber optic,No,No,No,No,No,Yes,Month-to-month,Yes,Credit card (automatic),45.69,1187.64,Yes
CUST-03217,Male,1,Yes,No,31,Yes,No,No,No internet service,No internet service,No internet service,No internet service,No internet service,No internet service,Month-to-month,Yes,Credit card (automatic),39.13,1255.65,Yes
CUST-03218,Female,0,Yes,No,30,Yes,No,Fiber optic,No,No,Yes,No,Yes,No,Month-to-month,Yes,Bank transfer (automatic),45.93,1433.65,No
CUST-03219,Male,0,Yes,No,25,Yes,Yes,Fiber optic,No,Yes,Yes,Yes,Yes,No,Month-to-month,No,Mailed check,99.92,2500.06,Yes
CUST-03220,Female,0,No,No,58,Yes,No,Fiber optic,No,Yes,No,No,No,No,Month-to-month,Yes,Credit card (automatic),26.16,1382.63,Yes
CUST-03221,Female,0,Yes,Yes,57,Yes,No,Fiber optic,No,No,Yes,No,No,Yes,One year,No,Electronic check,82.47,4736.87,No
CUST-03222,Female,0,No,No,63,Yes,Yes,DSL,Yes,No,Yes,Yes,No,Yes,Month-to-month,Yes,Bank transfer (automatic),54.08,3389.49,Yes
CUST-03223,Female,1,No,Yes,37,Yes,Yes,No,No internet service,No internet service,No internet service,No internet service,No internet service,No internet service,Two year,Yes,Credit card (automatic),67.34,2223.24,No
CUST-03224,Male,0,No,Yes,58,Yes,Yes,DSL,Yes,Yes,No,No,Yes,Yes,Month-to-month,Yes,Bank transfer (automatic),39.71,1995.29,No
CUST-03225,Female,1,No,No,28,Yes,No,Fiber optic,No,No,No,Yes,No,Yes,One year,No,Bank transfer (automatic),115.26,2867.77,No
CUST-03226,Female,0,Yes,No,27,Yes,No,DSL,No,Yes,No,No,No,No,Month-to-month,No,Credit card (automatic),85.69,2367.68,No
CUST-03227,Male,0,No,No,70,Yes,No,Fiber optic,Yes,Yes,Yes,No,Yes,Yes,Two year,Yes,Electronic check,38.59,2380.61,No
CUST-03228,Female,1,No,No,37,Yes,Yes,Fiber optic,Yes,No,Yes,No,No,No,Month-to-month,Yes,Mailed check,68.02,2537.92,Yes
CUST-03229,Male,0,No,No,6,Yes,Yes,DSL,Yes,Yes,No,Yes,No,No,Month-to-month,No,Electronic check,33.84,185.52,No
CUST-03230,Female,0,Yes,No,62,Yes,No,DSL,Yes,No,Yes,No,Yes,No,Two year,No,Electronic check,110.77,6831.31,No
CUST-03231,Female,0,No,No,33,Yes,No,DSL,No,No,Yes,No,Yes,No,Two year,No,Credit card (automatic),66.04,2244.46,No
CUST-03232,Female,0,Yes,No,40,Yes,Yes,No,No internet service,No internet service,No internet service,No internet service,No internet service,No internet service,Month-to-month,Yes,Credit card (automatic),25.54,1029.39,Yes
CUST-03233,Male,0,Yes,No,41,Yes,No,DSL,No,No,Yes,No,No,No,One year,No,Electronic check,33.39,1310.78,No
CUST-03234,Female,1,No,Yes,42,Yes,No,Fiber optic,Yes,Yes,No,No,Yes,Yes,One year,Yes,Mailed check,68.78,2458.25,No
CUST-03235,Female,0,No,No,9,Yes,Yes,Fiber optic,Yes,Yes,No,Yes,Yes,Yes,Month-to-month,No,Electronic check,38.05,300.52,Yes
CUST-03236,Female,0,No,No,18,Yes,No,DSL,No,Yes,Yes,No,Yes,No,Two year,Yes,Mailed check,90.53,1640.44,No
CUST-03237,Male,1,No,No,15,No,No phone service,DSL,Yes,No,No,No,No,No,Month-to-month,Yes,Electronic check,61.44,801.27,No
CUST-03238,Male,0,Yes,No,4,Yes,No,No,No internet service,No internet service,No internet service,No internet service,No internet service,No internet service,Two year,Yes,Mailed check,75.57,315.77,No
CUST-03239,Female,0,Yes,No,34,Yes,No,Fiber optic,No,Yes,Yes,Yes,No,No,One year,No,Bank transfer (automatic),81.05,2877.11,No
CUST-03240,Male,0,No,Yes,62,Yes,No,DSL,No,Yes,No,No,Yes,No,Month-to-month,Yes,Credit card (automatic),114.7,6462.73,Yes
CUST-03241,Female,0,Yes,Yes,38,Yes,No,Fiber optic,No,No,Yes,No,Yes,No,Two year,No,Mailed check,113.22,3686.43,No
CUST-03242,Female,0,No,No,71,Yes,Yes,No,No internet service,No internet service,No internet service,No internet service,No internet service,No internet service,One year,Yes,Credit card (automatic),56.34,3997.65,No
CUST-03243,Female,1,Yes,No,23,Yes,Yes,DSL,No,No,No,No,Yes,Yes,One year,Yes,Electronic check,109.37,2234.36,No
CUST-03244,Female,0,Yes,No,20,Yes,No,Fiber optic,Yes,No,Yes,Yes,Yes,Yes,Two year,No,Mailed check,119.39,2379.86,Yes
CUST-03245,Female,0,No,No,56,Yes,No,DSL,Yes,No,No,Yes,No,Yes,Month-to-month,Yes,Credit card (automatic),107.75,5533.13,No
CUST-03246,Female,0,Yes,No,53,Yes,No,DSL,No,Yes,No,Yes,No,Yes,Month-to-month,No,Electronic check,23.18,1135.86,No
CUST-03247,Female,0,No,Yes,2,Yes,Yes,Fiber optic,Yes,No,No,Yes,No,No,Two year,Yes,Bank transfer (automatic),51.37,99.68,No
CUST-03248,Male,0,Yes,No,21,Yes,No,Fiber optic,No,No,No,No,Yes,Yes,Two year,Yes,Electronic check,29.19,541.13,No
CUST-03249,Male,0,Yes,No,42,Yes,Yes,Fiber optic,No,No,No,Yes,No,Yes,Month-to-month,No,Credit card (automatic),87.77,3848.17,Yes
CUST-03250,Male,0,No,No,57,Yes,Yes,Fiber optic,Yes,Yes,No,No,No,No,One year,No,Bank transfer (automatic),53.65,2625.86,No
CUST-03251,Male,0,Yes,No,49,No,No phone service,Fiber optic,Yes,No,No,No,Yes,No,Two year,No,Bank transfer (automatic),37.23,1896.45,No
CUST-03252,Male,0,No,No,10,No,No phone service,Fiber optic,Yes,No,Yes,No,No,No,One year,Yes,Credit card (automatic),39.14,356.06,No
CUST-03253,Male,0,Yes,No,72,Yes,Yes,DSL,Yes,No,Yes,No,No,Yes,One year,Yes,Bank transfer (automatic),56.26,3983.03,No
CUST-03254,Male,0,Yes,No,61,Yes,Yes,Fiber optic,Yes,No,Yes,No,Yes,No,Month-to-month,Yes,Electronic check,78.75,5041.99,No
CUST-03255,Female,0,No,No,21,Yes,Yes,DSL,No,No,Yes,No,Yes,Yes,Two year,No,Electronic check,87.46,1648.21,No
CUST-03256,Female,0,No,No,60,Yes,Yes,No,No internet service,No internet service,No internet service,No internet service,No internet service,No internet service,One year,Yes,Bank transfer (automatic),20.22,1146.52,No
CUST-03257,Female,0,Yes,No,13,Yes,Yes,DSL,Yes,No,No,Yes,Yes,Yes,Month-to-month,Yes,Mailed check,118.08,1312.0,No
CUST-03258,Female,0,No,Yes,48,Yes,Yes,Fiber optic,Yes,No,Yes,No,No,No,Two year,No,Credit card (automatic),22.16,949.81,No
CUST-03259,Male,0,No,No,40,Yes,Yes,Fiber optic,No,No,No,No,Yes,Yes,Month-to-month,No,Mailed check,117.98,4142.2,Yes
CUST-03260,Male,0,Yes,No,63,No,No phone service,Fiber optic,No,No,No,No,No,No,Month-to-month,No,Mailed check,45.43,2864.48,No
CUST-03261,Female,0,Yes,Yes,9,Yes,Yes,No,No internet service,No internet service,No internet service,No internet service,No internet service,No internet service,Month-to-month,Yes,Mailed check,109.01,969.76,No
CUST-03262,Female,0,No,No,57,Yes,Yes,DSL,Yes,Yes,Yes,No,No,No,Two year,Yes,Electronic check,107.78,5822.59,Yes
CUST-03263,Male,0,Yes,No,51,Yes,No,Fiber optic,Yes,Yes,Yes,No,No,Yes,Month-to-month,Yes,Electronic check,67.38,2922.13,Yes
CUST-03264,Female,0,Yes,Yes,40,Yes,Yes,DSL,Yes,Yes,Yes,Yes,Yes,No,Month-to-month,Yes,Bank transfer (automatic),94.62,3372.83,No
CUST-03265,Female,0,No,Yes,64,Yes,No,DSL,Yes,No,No,No,No,No,Month-to-month,Yes,Mailed check,85.79,5409.75,No
CUST-03266,Female,1,Yes,No,70,Yes,No,No,No internet service,No internet service,No internet service,No internet service,No internet service,No internet service,One year,Yes,Mailed check,101.84,6078.53,No
CUST-03267,Female,1,No,Yes,64,Yes,No,DSL,No,Yes,Yes,No,No,Yes,Month-to-month,Yes,Credit card (automatic),74.72,4622.06,Yes
CUST-03268,Male,0,No,No,25,Yes,No,DSL,Yes,Yes,Yes,No,Yes,Yes,Month-to-month,Yes,Bank transfer (automatic),52.33,1154.13,No
CUST-03269,Female,0,No,No,28,Yes,Yes,DSL,No,No,No,Yes,Yes,Yes,One year,Yes,Mailed check,60.59,1639.52,No
CUST-03270,Female,0,No,No,10,Yes,Yes,Fiber optic,No,Yes,No,Yes,No,Yes,Month-to-month,Yes,Bank transfer (automatic),32.22,324.84,No
CUST-03271,Male,0,Yes,Yes,28,Yes,Yes,No,No internet service,No internet service,No internet service,No internet service,No internet service,No internet service,One year,Yes,Credit card (automatic),47.27,1356.45,No
CUST-03272,Male,0,Yes,No,36,Yes,No,DSL,Yes,Yes,No,Yes,Yes,Yes,Two year,Yes,Electronic check,116.67,3933.34,No
CUST-03273,Female,0,Yes,No,11,Yes,Yes,Fiber optic,Yes,Yes,No,No,Yes,No,Two year,Yes,Credit card (automatic),61.79,659.77,No
CUST-03274,Male,0,No,Yes,21,Yes,No,Fiber optic,Yes,No,No,Yes,No,No,Month-to-month,Yes,Mailed check,90.78,1823.72,Yes
CUST-03275,Female,0,Yes,No,26,Yes,No,DSL,Yes,No,No,Yes,No,No,Month-to-month,No,Bank transfer (automatic),49.7,1237.91,No
CUST-03276,Female,1,Yes,No,18,Yes,No,Fiber optic,Yes,No,Yes,No,No,No,Month-to-month,Yes,Bank transfer (automatic),91.39,1525.32,Yes
CUST-03277,Male,0,No,Yes,68,Yes,No,Fiber optic,No,No,No,No,No,No,Two year,No,Bank transfer (automatic),66.64,4567.04,Yes
CUST-03278,Female,0,No,No,41,Yes,Yes,Fiber optic,Yes,No,Yes,Yes,No,No,Month-to-month,No,Credit card (automatic),98.46,3704.39,No
CUST-03279,Female,0,Yes,No,15,Yes,No,No,No internet service,No internet service,No internet service,No internet service,No internet service,No internet service,Month-to-month,No,Bank transfer (automatic),58.72,853.0,No
CUST-03280,Female,0,Yes,Yes,23,Yes,Yes,DSL,No,Yes,Yes,No,Yes,Yes,One year,Yes,Electronic check,116.37,2518.92,No
CUST-03281,Female,0,No,No,41,No,No phone service,DSL,Yes,No,No,No,Yes,Yes,Two year,Yes,Bank transfer (automatic),36.79,1385.62,No
CUST-03282,Male,0,No,No,6,Yes,No,No,No internet service,No internet service,No internet service,No internet service,No internet service,No internet service,Month-to-month,Yes,Electronic check,69.56,385.24,No
CUST-03283,Male,0,Yes,Yes,71,Yes,Yes,Fiber optic,No,No,No,No,No,No,Month-to-month,No,Credit card (automatic),34.76,2311.64,No
CUST-03284,Female,0,Yes,Yes,60,Yes,No,No,No internet service,No internet service,No internet service,No internet service,No internet service,No internet service,Two year,No,Electronic check,44.85,2506.82,No
CUST-03285,Male,0,No,Yes,52,Yes,No,Fiber optic,No,No,No,Yes,Yes,Yes,Month-to-month,Yes,Electronic check,70.97,3660.01,No
CUST-03286,Female,1,No,Yes,9,Yes,Yes,Fiber optic,No,No,No,Yes,No,Yes,Month-to-month,No,Electronic check,35.87,310.86,Yes
CUST-03287,Female,0,No,Yes,30,Yes,Yes,Fiber optic,No,No,No,No,No,No,Two year,No,Credit card (automatic),29.04,829.5,No
CUST-03288,Female,0,Yes,No,44,Yes,Yes,DSL,No,Yes,No,Yes,No,Yes,Month-to-month,No,Credit card (automatic),104.43,4063.21,No
CUST-03289,Female,0,Yes,Yes,62,Yes,Yes,Fiber optic,Yes,Yes,Yes,No,Yes,No,One year,No,Electronic check,55.28,3236.34,No
CUST-03290,Female,0,No,No,43,Yes,Yes,Fiber optic,No,Yes,No,No,Yes,No,Two year,Yes,Mailed check,90.57,3687.08,Yes
CUST-03291,Male,0,Yes,No,28,Yes,No,No,No internet service,No internet service,No internet service,No internet service,No internet service,No internet service,One year,No,Mailed check,66.91,1857.54,No
CUST-03292,Female,0,Yes,No,8,Yes,Yes,Fiber optic,Yes,Yes,Yes,Yes,Yes,No,Month-to-month,Yes,Credit card (automatic),94.11,705.8,Yes
CUST-03293,Male,0,Yes,No,51,Yes,Yes,DSL,Yes,No,No,No,No,Yes,Two year,No,Mailed check,44.71,2175.12,No
CUST-03294,Male,0,No,No,30,No,No phone service,Fiber optic,No,Yes,Yes,No,Yes,No,Month-to-month,Yes,Mailed check,28.1,784.12,Yes
CUST-03295,Female,0,No,Yes,11,No,No phone service,DSL,No,Yes,Yes,No,No,Yes,Month-to-month,Yes,Electronic check,71.29,820.02,Yes
CUST-03296,Female,0,No,Yes,20,Yes,No,Fiber optic,Yes,Yes,Yes,No,Yes,No,One year,Yes,Mailed check,82.75,1690.02,Yes
CUST-03297,Female,1,No,Yes,31,No,No phone service,Fiber optic,No,Yes,Yes,Yes,No,No,Month-to-month,Yes,Bank transfer (automatic),114.79,3055.47,No
CUST-03298,Female,0,No,No,34,Yes,No,Fiber optic,No,Yes,Yes,No,No,Yes,Month-to-month,Yes,Credit card (automatic),96.87,3364.45,No
CUST-03299,Female,0,No,No,12,Yes,No,No,No internet service,No internet service,No internet service,No internet service,No internet service,No internet service,Month-to-month,Yes,Mailed check,107.2,1187.2,Yes
CUST-03300,Male,0,Yes,No,48,No,No phone service,No,No internet service,No internet service,No internet service,No internet service,No internet service,No internet service,Month-to-month,Yes,Mailed check,92.45,4067.27,No
CUST-03301,Female,1,Yes,No,28,Yes,Yes,No,No internet service,No internet service,No internet service,No internet service,No internet service,No internet service,Month-to-month,Yes,Electronic check,119.47,2907.21,Yes
CUST-03302,Female,0,No,No,67,Yes,Yes,DSL,Yes,No,Yes,No,Yes,No,Month-to-month,No,Electronic check,93.55,6463.72,Yes
CUST-03303,Male,0,Yes,Yes,63,Yes,No,Fiber optic,Yes,Yes,No,No,No,No,Two year,Yes,Credit card (automatic),84.64,5468.07,No
CUST-03304,Male,0,No,No,48,Yes,Yes,No,No internet service,No internet service,No internet service,No internet service,No internet service,No internet service,Two year,No,Electronic check,50.31,2504.13,No
CUST-03305,Female,0,Yes,No,42,Yes,Yes,Fiber optic,Yes,No,No,No,Yes,No,Month-to-month,Yes,Electronic check,43.19,1821.61,Yes
CUST-03306,Male,0,Yes,Yes,52,Yes,Yes,DSL,Yes,Yes,No,Yes,No,Yes,Month-to-month,Yes,Electronic check,46.47,2105.12,No
CUST-03307,Female,0,No,Yes,5,Yes,No,No,No internet service,No internet service,No internet service,No internet service,No internet service,No internet service,Two year,Yes,Bank transfer (automatic),20.76,88.78,No
CUST-03308,Male,1,No,No,12,Yes,No,No,No internet service,No internet service,No internet service,No internet service,No internet service,No internet service,Two year,Yes,Mailed check,41.9,518.92,No
CUST-03309,Male,0,No,No,59,No,No phone service,Fiber optic,Yes,No,No,No,No,Yes,Month-to-month,Yes,Bank transfer (automatic),47.11,2667.94,No
CUST-03310,Female,1,No,No,65,Yes,No,DSL,No,Yes,Yes,Yes,No,Yes,One year,Yes,Credit card (automatic),26.73,1559.42,No
CUST-03311,Male,0,Yes,No,52,Yes,No,DSL,Yes,Yes,Yes,No,Yes,Yes,Month-to-month,Yes,Electronic check,19.18,865.09,No
CUST-03312,Male,0,Yes,No,43,Yes,Yes,Fiber optic,Yes,No,No,No,Yes,Yes,Month-to-month,Yes,Electronic check,69.28,2618.92,Yes
CUST-03313,Male,1,No,No,63,Yes,Yes,Fiber optic,Yes,Yes,Yes,Yes,No,No,Month-to-month,No,Bank transfer (automatic),36.47,2025.29,No
CUST-03314,Male,0,Yes,Yes,50,Yes,No,Fiber optic,Yes,No,No,Yes,No,No,One year,No,Electronic check,41.72,2040.07,No
CUST-03315,Male,0,Yes,No,39,Yes,Yes,DSL,Yes,No,No,No,No,Yes,Month-to-month,Yes,Bank transfer (automatic),118.05,4149.84,Yes
CUST-03316,Male,0,Yes,No,42,Yes,No,DSL,Yes,No,Yes,No,Yes,No,Month-to-month,Yes,Credit card (automatic),33.14,1268.23,No
CUST-03317,Female,0,Yes,Yes,17,Yes,Yes,Fiber optic,No,No,No,Yes,Yes,No,Month-to-month,No,Bank transfer (automatic),23.09,380.65,No
CUST-03318,Female,0,No,No,43,Yes,Yes,DSL,Yes,Yes,No,No,Yes,Yes,Month-to-month,Yes,Electronic check,102.16,4428.26,Yes
CUST-03319,Male,0,No,No,49,Yes,No,Fiber optic,Yes,No,No,Yes,No,Yes,Two year,Yes,Credit card (automatic),45.61,2078.8,No
CUST-03320,Female,0,No,No,5,Yes,No,Fiber optic,Yes,Yes,No,Yes,Yes,No,One year,Yes,Mailed check,69.47,297.93,No
CUST-03321,Female,0,No,No,1,Yes,Yes,Fiber optic,No,No,No,No,No,No,Month-to-month,Yes,Bank transfer (automatic),103.02,101.01,Yes
CUST-03322,Female,0,Yes,No,67,Yes,Yes,Fiber optic,Yes,Yes,No,Yes,No,Yes,Month-to-month,No,Credit card (automatic),69.69,4608.2,No
CUST-03323,Male,0,Yes,No,24,Yes,No,DSL,Yes,No,Yes,Yes,No,Yes,Month-to-month,Yes,Mailed check,109.08,2401.4,No
CUST-03324,Female,0,Yes,No,29,Yes,Yes,No,No internet service,No internet service,No internet service,No internet service,No internet service,No internet service,Two year,No,Mailed check,85.7,2113.11,No
CUST-03325,Male,0,Yes,No,15,Yes,No,No,No internet service,No internet service,No internet service,No internet service,No internet service,No internet service,Month-to-month,Yes,Electronic check,80.87,1169.79,No
CUST-03326,Female,0,Yes,No,4,Yes,No,Fiber optic,No,No,Yes,No,Yes,Yes,Month-to-month,No,Electronic check,95.17,382.58,Yes
CUST-03327,Male,0,Yes,No,44,Yes,No,No,No internet service,No internet service,No internet service,No internet service,No internet service,No internet service,One year,No,Bank transfer (automatic),40.32,1585.77,No
CUST-03328,Male,0,No,No,65,Yes,Yes,DSL,No,No,Yes,No,No,No,Month-to-month,No,Bank transfer (automatic),35.53,2199.83,Yes
CUST-03329,Female,1,No,No,31,Yes,No,Fiber optic,No,No,No,Yes,No,Yes,Month-to-month,Yes,Mailed check,103.72,3181.59,No
CUST-03330,Female,0,No,Yes,20,No,No phone service,DSL,Yes,No,Yes,Yes,No,No,Month-to-month,Yes,Bank transfer (automatic),109.81,2125.52,Yes
CUST-03331,Male,0,No,Yes,10,Yes,No,Fiber optic,Yes,Yes,No,No,No,No,Month-to-month,Yes,Electronic check,34.38,345.26,No
CUST-03332,Female,0,Yes,No,11,Yes,No,Fiber optic,No,Yes,Yes,Yes,No,Yes,Month-to-month,Yes,Electronic check,72.18,739.69,No
CUST-03333,Female,0,Yes,No,28,Yes,Yes,Fiber optic,No,Yes,Yes,Yes,No,Yes,Month-to-month,No,Electronic check,35.28,1011.57,No
CUST-03334,Female,0,Yes,No,38,No,No phone service,DSL,Yes,Yes,No,Yes,No,No,Month-to-month,No,Mailed check,21.1,732.59,Yes
CUST-03335,Male,0,Yes,No,24,Yes,No,DSL,Yes,No,No,Yes,No,No,Month-to-month,No,Electronic check,69.02,1459.09,Yes
CUST-03336,Male,0,Yes,No,39,Yes,Yes,Fiber optic,No,No,No,No,Yes,No,Month-to-month,Yes,Credit card (automatic),79.34,3115.5,No
CUST-03337,Female,1,Yes,No,51,Yes,No,DSL,Yes,Yes,Yes,Yes,Yes,No,Month-to-month,Yes,Bank transfer (automatic),65.85,2861.43,No
CUST-03338,Female,0,No,No,50,Yes,No,Fiber optic,Yes,No,No,No,No,No,Month-to-month,No,Credit card (automatic),97.71,5081.82,Yes
CUST-03339,Female,0,No,No,7,Yes,No,Fiber optic,Yes,Yes,No,No,Yes,No,Month-to-month,Yes,Bank transfer (automatic),41.56,251.57,Yes
CUST-03340,Male,0,No,No,68,Yes,No,DSL,Yes,Yes,Yes,No,Yes,No,Month-to-month,No,Electronic check,111.88,7665.21,Yes
CUST-03341,Male,1,Yes,No,53,Yes,Yes,DSL,No,No,No,Yes,Yes,No,Month-to-month,Yes,Electronic check,75.44,3495.36,No
CUST-03342,Female,0,No,No,37,Yes,Yes,DSL,Yes,No,No,Yes,No,No,Month-to-month,Yes,Mailed check,72.31,2424.31,No
CUST-03343,Female,0,No,No,54,Yes,Yes,Fiber optic,No,No,Yes,Yes,No,Yes,One year,Yes,Bank transfer (automatic),64.16,3361.34,No
CUST-03344,Female,0,No,No,55,Yes,Yes,No,No internet service,No internet service,No internet service,No internet service,No internet service,No internet service,Month-to-month,No,Credit card (automatic),39.94,1928.78,No
CUST-03345,Female,0,Yes,Yes,31,Yes,Yes,DSL,No,Yes,Yes,Yes,Yes,Yes,One year,No,Bank transfer (automatic),46.89,1263.84,No
CUST-03346,Female,0,No,Yes,65,Yes,Yes,No,No internet service,No internet service,No internet service,No internet service,No internet service,No internet service,Month-to-month,Yes,Electronic check,74.38,5010.28,No
CUST-03347,Female,0,No,No,59,Yes,No,No,No internet service,No internet service,No internet service,No internet service,No internet service,No internet service,Two year,No,Electronic check,93.67,5493.7,No
CUST-03348,Male,0,Yes,Yes,47,Yes,Yes,DSL,Yes,Yes,No,No,Yes,Yes,Month-to-month,Yes,Credit card (automatic),32.36,1329.25,No
CUST-03349,Female,0,Yes,No,49,Yes,No,No,No internet service,No internet service,No internet service,No internet service,No internet service,No internet service,Month-to-month,Yes,Bank transfer (automatic),71.31,3332.83,No
CUST-03350,Male,0,Yes,Yes,18,Yes,No,Fiber optic,No,Yes,Yes,No,No,No,Month-to-month,No,Electronic check,21.08,385.88,Yes
CUST-03351,Female,0,No,No,3,Yes,Yes,No,No internet service,No internet service,No internet service,No internet service,No internet service,No internet service,Month-to-month,No,Credit card (automatic),36.7,95.5,No
CUST-03352,Female,0,No,Yes,18,Yes,No,Fiber optic,No,No,No,No,Yes,Yes,Month-to-month,Yes,Bank transfer (automatic),99.97,1821.31,No
CUST-03353,Male,0,Yes,Yes,58,No,No phone service,DSL,Yes,No,Yes,No,Yes,No,Month-to-month,No,Credit card (automatic),46.18,2728.18,No
CUST-03354,Male,0,Yes,Yes,71,Yes,No,No,No internet service,No internet service,No internet service,No internet service,No internet service,No internet service,Month-to-month,No,Bank transfer (automatic),46.85,3054.62,Yes
CUST-03355,Male,0,No,No,25,Yes,Yes,DSL,No,Yes,Yes,Yes,No,No,Month-to-month,Yes,Mailed check,72.16,1892.6,Yes
CUST-03356,Male,0,Yes,No,18,Yes,No,No,No internet service,No internet service,No internet service,No internet service,No internet service,No internet service,One year,Yes,Mailed check,55.87,933.81,No
CUST-03357,Female,0,Yes,No,52,Yes,Yes,DSL,Yes,No,Yes,No,Yes,No,One year,Yes,Mailed check,103.81,5562.52,No
CUST-03358,Male,0,Yes,No,43,Yes,Yes,Fiber optic,Yes,Yes,No,Yes,No,No,Month-to-month,No,Electronic check,64.31,2847.15,Yes
CUST-03359,Female,0,No,No,67,Yes,No,Fiber optic,Yes,No,No,No,Yes,No,Two year,No,Credit card (automatic),105.31,7004.21,No
CUST-03360,Male,0,No,No,7,Yes,Yes,No,No internet service,No internet service,No internet service,No internet service,No internet service,No internet service,Two year,No,Credit card (automatic),18.91,112.54,No
CUST-03361,Female,0,Yes,No,44,Yes,No,DSL,Yes,No,No,No,Yes,Yes,Month-to-month,No,Electronic check,100.46,4360.8,No
CUST-03362,Female,0,No,Yes,44,Yes,Yes,Fiber optic,Yes,Yes,No,No,No,Yes,Month-to-month,Yes,Credit card (automatic),20.96,801.31,No
CUST-03363,Female,1,No,Yes,51,Yes,Yes,Fiber optic,No,No,Yes,No,No,No,Two year,No,Credit card (automatic),106.69,4664.32,No
CUST-03364,Female,0,Yes,No,21,Yes,Yes,No,No internet service,No internet service,No internet service,No internet service,No internet service,No internet service,Two year,Yes,Electronic check,115.07,2141.22,No
CUST-03365,Female,1,No,Yes,37,Yes,Yes,DSL,No,Yes,Yes,Yes,Yes,No,Month-to-month,No,Electronic check,108.4,3819.37,No
CUST-03366,Female,0,Yes,No,28,Yes,No,Fiber optic,No,Yes,No,Yes,No,Yes,Month-to-month,Yes,Mailed check,108.87,2871.81,No
CUST-03367,Male,1,No,No,32,Yes,Yes,Fiber optic,Yes,No,No,Yes,No,No,One year,No,Mailed check,74.45,2210.63,No
CUST-03368,Female,0,Yes,No,57,Yes,No,DSL,No,No,Yes,Yes,No,No,Month-to-month,No,Credit card (automatic),114.57,6249.43,Yes
CUST-03369,Male,0,No,Yes,41,Yes,No,No,No internet service,No internet service,No internet service,No internet service,No internet service,No internet service,One year,Yes,Electronic check,30.29,1121.36,No
CUST-03370,Male,0,Yes,No,54,Yes,No,DSL,Yes,Yes,Yes,No,Yes,Yes,Month-to-month,No,Mailed check,29.43,1450.33,No
CUST-03371,Female,0,No,No,27,Yes,No,Fiber optic,No,Yes,Yes,No,Yes,Yes,One year,No,Bank transfer (automatic),46.13,1110.7,Yes
CUST-03372,Male,0,Yes,No,40,Yes,Yes,Fiber optic,No,No,Yes,Yes,No,Yes,Two year,Yes,Credit card (automatic),73.72,2773.22,No
CUST-03373,Female,0,No,No,41,Yes,Yes,DSL,No,No,Yes,No,No,No,Two year,Yes,Electronic check,35.14,1430.44,No
CUST-03374,Male,0,Yes,Yes,70,Yes,No,Fiber optic,No,Yes,Yes,Yes,No,No,Month-to-month,Yes,Electronic check,107.6,7172.95,Yes
CUST-03375,Female,0,No,No,24,Yes,No,No,No internet service,No internet service,No internet service,No internet service,No internet service,No internet service,One year,No,Electronic check,44.57,1091.34,No
CUST-03376,Male,0,No,No,18,Yes,No,Fiber optic,No,Yes,Yes,No,No,No,Month-to-month,No,Mailed check,111.3,1899.79,Yes
CUST-03377,Female,0,Yes,Yes,56,Yes,Yes,DSL,Yes,Yes,No,No,Yes,No,Month-to-month,Yes,Mailed check,47.18,2352.48,Yes
CUST-03378,Female,0,No,Yes,15,Yes,Yes,DSL,No,Yes,No,Yes,Yes,Yes,Month-to-month,Yes,Bank transfer (automatic),32.13,459.03,No
CUST-03379,Female,0,Yes,No,72,Yes,No,Fiber optic,Yes,No,No,No,Yes,No,Two year,Yes,Credit card (automatic),93.78,6241.3,No
CUST-03380,Female,0,No,No,35,Yes,Yes,DSL,No,No,Yes,Yes,Yes,Yes,Month-to-month,No,Electronic check,23.21,770.39,Yes
CUST-03381,Male,1,No,No,27,Yes,Yes,No,No internet service,No internet service,No internet service,No internet service,No internet service,No internet service,Month-to-month,No,Mailed check,97.42,2287.48,Yes
CUST-03382,Female,0,Yes,Yes,3,Yes,Yes,Fiber optic,No,No,No,No,Yes,Yes,Two year,Yes,Mailed check,113.32,341.77,No
CUST-03383,Male,0,No,No,21,Yes,Yes,Fiber optic,No,Yes,Yes,No,No,Yes,Month-to-month,Yes,Credit card (automatic),41.58,802.77,Yes
CUST-03384,Male,0,Yes,No,39,Yes,No,Fiber optic,No,Yes,No,No,Yes,No,One year,Yes,Mailed check,100.98,3360.79,No
CUST-03385,Male,0,Yes,No,32,Yes,Yes,Fiber optic,No,No,No,No,Yes,Yes,Two year,Yes,Electronic check,111.66,3441.79,No
CUST-03386,Female,0,No,No,50,Yes,No,No,No internet service,No internet service,No internet service,No internet service,No internet service,No internet service,Month-to-month,No,Credit card (automatic),50.98,2515.26,No
CUST-03387,Male,0,No,No,9,Yes,No,Fiber optic,Yes,No,No,No,No,No,Month-to-month,No,Credit card (automatic),97.46,758.31,Yes
CUST-03388,Male,0,Yes,Yes,50,Yes,Yes,DSL,No,No,Yes,No,Yes,Yes,Month-to-month,Yes,Electronic check,28.16,1302.4,No
CUST-03389,Male,1,Yes,No,1,No,No phone service,Fiber optic,No,No,No,No,No,No,Two year,No,Credit card (automatic),106.31,100.56,No
CUST-03390,Female,0,No,No,4,Yes,Yes,Fiber optic,No,Yes,No,No,No,No,One year,Yes,Credit card (automatic),65.44,248.81,No
CUST-03391,Female,0,Yes,No,4,Yes,Yes,Fiber optic,No,Yes,No,Yes,No,No,Month-to-month,Yes,Bank transfer (automatic),43.28,148.39,Yes
CUST-03392,Male,1,No,No,34,Yes,No,No,No internet service,No internet service,No internet service,No internet service,No internet service,No internet service,One year,Yes,Mailed check,71.69,2380.32,No
CUST-03393,Female,0,No,No,27,Yes,No,Fiber optic,No,No,No,Yes,No,Yes,Month-to-month,No,Electronic check,44.26,1038.25,Yes
CUST-03394,Female,0,Yes,No,15,No,No phone service,Fiber optic,No,No,No,Yes,No,No,Month-to-month,No,Electronic check,99.37,1371.47,Yes
CUST-03395,Male,0,Yes,No,32,Yes,No,Fiber optic,Yes,Yes,Yes,No,Yes,Yes,Two year,Yes,Electronic check,50.82,1547.31,No
CUST-03396,Male,0,No,Yes,41,Yes,No,No,No internet service,No internet service,No internet service,No internet service,No internet service,No internet service,Month-to-month,Yes,Electronic check,25.46,1044.02,No
CUST-03397,Female,0,Yes,No,71,Yes,Yes,No,No internet service,No internet service,No internet service,No internet service,No internet service,No internet service,Two year,No,Bank transfer (automatic),21.58,1414.32,No
CUST-03398,Male,0,No,Yes,61,Yes,Yes,No,No internet service,No internet service,No internet service,No internet service,No internet service,No internet service,Two year,Yes,Electronic check,44.53,2755.02,No
CUST-03399,Female,0,No,No,63,Yes,No,DSL,No,No,No,No,Yes,No,Month-to-month,Yes,Electronic check,72.28,4574.64,Yes
CUST-03400,Female,1,No,Yes,61,Yes,No,Fiber optic,No,Yes,No,Yes,Yes,No,Two year,Yes,Electronic check,82.77,4700.82,No
CUST-03401,Female,0,Yes,No,14,No,No phone service,DSL,No,No,Yes,Yes,Yes,No,Month-to-month,Yes,Bank transfer (automatic),69.63,999.54,No
CUST-03402,Female,1,Yes,No,23,No,No phone service,Fiber optic,Yes,Yes,No,No,No,No,Two year,Yes,Electronic check,89.26,2140.1,No
CUST-03403,Female,1,No,No,65,Yes,Yes,DSL,No,No,Yes,No,No,No,Month-to-month,No,Electronic check,87.47,5140.62,Yes
CUST-03404,Female,0,No,Yes,32,Yes,Yes,DSL,No,No,Yes,No,Yes,No,Month-to-month,Yes,Credit card (automatic),76.56,2485.03,No
CUST-03405,Male,0,No,No,41,Yes,No,Fiber optic,No,No,Yes,No,No,Yes,Two year,No,Electronic check,87.55,3256.31,Yes
CUST-03406,Male,0,Yes,No,26,Yes,Yes,Fiber optic,Yes,Yes,No,No,No,Yes,One year,Yes,Bank transfer (automatic),105.91,2718.37,No
CUST-03407,Female,0,No,Yes,48,Yes,Yes,DSL,No,No,Yes,No,Yes,No,One year,No,Credit card (automatic),22.11,1043.83,No
CUST-03408,Female,0,Yes,No,16,Yes,Yes,DSL,No,No,Yes,Yes,Yes,Yes,Month-to-month,Yes,Electronic check,102.95,1660.58,No
CUST-03409,Female,1,No,No,31,Yes,Yes,Fiber optic,No,No,No,Yes,No,No,Two year,No,Mailed check,54.31,1504.29,No
CUST-03410,Male,0,No,No,66,Yes,Yes,DSL,Yes,No,Yes,No,No,Yes,Month-to-month,Yes,Mailed check,49.17,3364.74,No
CUST-03411,Female,0,No,No,32,Yes,Yes,Fiber optic,Yes,Yes,Yes,No,No,Yes,Two year,Yes,Bank transfer (automatic),106.04,3175.7,No
CUST-03412,Male,0,Yes,No,10,Yes,Yes,Fiber optic,Yes,Yes,Yes,Yes,No,Yes,Two year,No,Credit card (automatic),79.9,679.52,No
CUST-03413,Female,0,No,No,25,No,No phone service,No,No internet service,No internet service,No internet service,No internet service,No internet service,No internet service,Month-to-month,Yes,Electronic check,23.97,602.02,Yes
CUST-03414,Female,0,Yes,No,45,Yes,Yes,DSL,Yes,No,No,No,Yes,Yes,One year,Yes,Mailed check,37.44,1746.0,No
CUST-03415,Male,0,No,Yes,24,Yes,Yes,DSL,No,Yes,Yes,Yes,Yes,No,Month-to-month,No,Mailed check,113.42,2840.96,Yes
CUST-03416,Male,0,Yes,Yes,3,Yes,No,Fiber optic,No,Yes,Yes,Yes,Yes,Yes,One year,No,Credit card (automatic),60.07,166.25,No
CUST-03417,Female,0,Yes,No,62,Yes,No,No,No internet service,No internet service,No internet service,No internet service,No internet service,No internet service,Month-to-month,Yes,Bank transfer (automatic),45.83,2426.82,No
CUST-03418,Female,0,Yes,No,67,Yes,No,DSL,Yes,No,Yes,No,Yes,Yes,Month-to-month,Yes,Credit card (automatic),38.18,2349.3,No
CUST-03419,Female,0,No,Yes,55,Yes,No,DSL,Yes,Yes,No,Yes,Yes,No,Two year,Yes,Electronic check,74.78,4222.84,No
CUST-03420,Male,0,No,No,10,Yes,Yes,No,No internet service,No internet service,No internet service,No internet service,No internet service,No internet service,One year,Yes,Electronic check,116.75,1189.38,No
CUST-03421,Male,0,No,No,55,Yes,No,DSL,No,No,Yes,Yes,No,Yes,Month-to-month,Yes,Credit card (automatic),31.69,1613.7,No
CUST-03422,Male,0,No,Yes,22,Yes,No,DSL,Yes,No,No,No,No,No,Month-to-month,Yes,Electronic check,42.4,821.43,Yes
CUST-03423,Male,0,No,Yes,14,Yes,No,No,No internet service,No internet service,No internet service,No internet service,No internet service,No internet service,Month-to-month,Yes,Bank transfer (automatic),68.55,939.49,No
CUST-03424,Male,0,Yes,No,8,Yes,Yes,No,No internet service,No internet service,No internet service,No internet service,No internet service,No internet service,One year,No,Electronic check,39.96,314.18,No
CUST-03425,Male,1,No,No,15,Yes,Yes,Fiber optic,No,No,Yes,Yes,Yes,Yes,One year,No,Mailed check,119.94,1756.18,Yes
CUST-03426,Female,0,No,No,15,Yes,Yes,No,No internet service,No internet service,No internet service,No internet service,No internet service,No internet service,Month-to-month,Yes,Credit card (automatic),59.75,788.82,Yes
CUST-03427,Female,0,Yes,No,52,No,No phone service,Fiber optic,Yes,Yes,Yes,Yes,No,No,Month-to-month,Yes,Bank transfer (automatic),62.94,3321.54,No
CUST-03428,Male,1,Yes,No,70,Yes,Yes,DSL,No,No,Yes,Yes,Yes,No,One year,Yes,Mailed check,40.36,2421.99,No
CUST-03429,Female,0,Yes,No,54,Yes,Yes,Fiber optic,Yes,No,No,No,No,No,One year,Yes,Credit card (automatic),99.17,5590.68,No
CUST-03430,Female,0,Yes,Yes,42,Yes,Yes,Fiber optic,No,Yes,No,Yes,No,Yes,Month-to-month,No,Electronic check,65.45,2832.27,No
CUST-03431,Male,1,Yes,No,19,Yes,No,Fiber optic,No,Yes,Yes,Yes,Yes,Yes,Month-to-month,Yes,Mailed check,84.14,1676.71,No
CUST-03432,Female,0,Yes,No,40,Yes,Yes,No,No internet service,No internet service,No internet service,No internet service,No internet service,No internet service,Month-to-month,No,Bank transfer (automatic),35.77,1387.68,No
CUST-03433,Male,0,No,No,69,Yes,Yes,DSL,No,Yes,No,No,Yes,Yes,Month-to-month,Yes,Electronic check,31.19,2089.09,No
CUST-03434,Male,1,Yes,No,27,Yes,No,Fiber optic,Yes,Yes,No,No,No,No,One year,No,Electronic check,75.2,1881.99,Yes
CUST-03435,Female,0,Yes,Yes,43,Yes,Yes,Fiber optic,Yes,Yes,No,Yes,No,Yes,Month-to-month,No,Bank transfer (automatic),36.15,1356.38,Yes
CUST-03436,Male,0,No,No,52,Yes,No,DSL,Yes,No,No,No,No,Yes,Month-to-month,No,Bank transfer (automatic),70.55,3672.14,No
CUST-03437,Male,0,No,No,46,Yes,Yes,Fiber optic,Yes,No,No,Yes,Yes,Yes,Month-to-month,Yes,Credit card (automatic),119.92,5231.26,No
CUST-03438,Male,0,Yes,No,14,Yes,No,Fiber optic,Yes,Yes,No,No,No,No,One year,Yes,Electronic check,63.06,814.74,No
CUST-03439,Male,0,No,Yes,64,Yes,Yes,No,No internet service,No internet service,No internet service,No internet service,No internet service,No internet service,Two year,Yes,Mailed check,20.55,1348.24,No
CUST-03440,Male,0,Yes,No,61,Yes,No,No,No internet service,No internet service,No internet service,No internet service,No internet service,No internet service,One year,No,Bank transfer (automatic),82.7,4289.96,No
CUST-03441,Male,1,Yes,No,58,Yes,No,Fiber optic,No,Yes,Yes,No,No,Yes,One year,Yes,Bank transfer (automatic),44.41,2435.91,No
CUST-03442,Male,1,Yes,Yes,49,Yes,No,DSL,No,No,Yes,No,No,No,One year,Yes,Mailed check,113.95,5474.45,No
CUST-03443,Male,1,No,Yes,29,Yes,No,Fiber optic,No,No,Yes,No,No,Yes,Month-to-month,Yes,Bank transfer (automatic),41.84,1032.34,Yes
CUST-03444,Female,0,No,No,26,Yes,Yes,Fiber optic,Yes,No,Yes,No,No,Yes,Month-to-month,No,Electronic check,113.13,2928.21,No
CUST-03445,Female,0,No,Yes,27,Yes,No,DSL,Yes,Yes,No,Yes,No,No,Two year,No,Bank transfer (automatic),19.86,473.59,No
CUST-03446,Female,1,No,No,67,Yes,No,Fiber optic,Yes,Yes,No,No,No,No,Two year,No,Mailed check,117.8,8043.3,No
CUST-03447,Male,1,No,No,67,No,No phone service,Fiber optic,No,Yes,Yes,No,No,No,Month-to-month,Yes,Bank transfer (automatic),45.89,3083.55,Yes
CUST-03448,Male,0,No,No,35,Yes,No,Fiber optic,No,Yes,Yes,Yes,No,No,Month-to-month,Yes,Bank transfer (automatic),97.73,3003.09,Yes
CUST-03449,Female,0,No,No,60,Yes,No,No,No internet service,No internet service,No internet service,No internet service,No internet service,No internet service,Two year,Yes,Electronic check,65.56,3795.14,No
CUST-03450,Female,0,Yes,No,61,Yes,No,DSL,Yes,Yes,Yes,Yes,No,No,Month-to-month,Yes,Bank transfer (automatic),55.79,3408.18,No
CUST-03451,Female,0,Yes,No,70,Yes,Yes,Fiber optic,No,Yes,No,No,No,Yes,Two year,No,Credit card (automatic),115.72,6932.83,No
CUST-03452,Male,0,No,Yes,3,Yes,Yes,Fiber optic,Yes,No,Yes,No,Yes,Yes,Month-to-month,Yes,Electronic check,114.07,328.17,Yes
CUST-03453,Female,1,No,Yes,33,Yes,Yes,Fiber optic,No,No,No,No,Yes,No,Month-to-month,No,Electronic check,79.61,2259.66,No
CUST-03454,Female,0,No,Yes,42,Yes,Yes,DSL,No,No,Yes,No,No,Yes,Two year,No,Electronic check,113.81,4655.31,No
CUST-03455,Male,0,Yes,No,13,Yes,No,DSL,Yes,No,Yes,No,Yes,Yes,One year,No,Electronic check,98.44,1313.54,No
CUST-03456,Female,0,No,No,29,Yes,No,DSL,Yes,No,No,No,No,Yes,Month-to-month,Yes,Credit card (automatic),55.06,1483.3,Yes
CUST-03457,Male,0,No,Yes,9,Yes,Yes,No,No internet service,No internet service,No internet service,No internet service,No internet service,No internet service,Month-to-month,No,Credit card (automatic),109.39,922.68,No
CUST-03458,Male,0,Yes,No,32,Yes,No,No,No internet service,No internet service,No internet service,No internet service,No internet service,No internet service,Two year,Yes,Mailed check,54.59,1826.28,No
CUST-03459,Male,0,No,No,22,No,No phone service,DSL,Yes,No,No,No,No,No,Month-to-month,No,Credit card (automatic),114.51,2371.1,Yes
CUST-03460,Female,0,No,No,58,Yes,No,DSL,No,Yes,No,No,Yes,No,Month-to-month,No,Electronic check,70.62,3715.48,Yes
CUST-03461,Female,0,No,Yes,57,Yes,Yes,DSL,No,Yes,Yes,No,No,No,Two year,Yes,Mailed check,93.35,5583.11,No
CUST-03462,Male,0,No,No,10,Yes,Yes,DSL,Yes,Yes,No,No,No,Yes,One year,No,Mailed check,82.98,818.3,No
CUST-03463,Female,0,Yes,No,25,Yes,Yes,DSL,Yes,Yes,Yes,No,No,Yes,Two year,No,Electronic check,92.82,2242.37,No
CUST-03464,Female,0,Yes,Yes,62,Yes,Yes,DSL,Yes,No,No,Yes,No,No,Month-to-month,No,Bank transfer (automatic),36.42,2217.17,No
CUST-03465,Female,1,No,No,63,Yes,No,Fiber optic,Yes,No,No,Yes,Yes,Yes,One year,Yes,Credit card (automatic),108.7,6903.84,No
CUST-03466,Female,0,No,Yes,3,Yes,Yes,DSL,Yes,Yes,No,No,No,Yes,Month-to-month,Yes,Credit card (automatic),101.88,262.08,No
CUST-03467,Male,0,No,No,47,Yes,Yes,Fiber optic,Yes,No,No,No,No,No,Two year,No,Electronic check,82.36,3445.03,Yes
CUST-03468,Female,0,Yes,No,55,Yes,No,Fiber optic,Yes,Yes,Yes,No,Yes,Yes,Month-to-month,No,Credit card (automatic),39.61,1867.7,No
CUST-03469,Male,1,Yes,No,26,Yes,Yes,No,No internet service,No internet service,No internet service,No internet service,No internet service,No internet service,Month-to-month,Yes,Bank transfer (automatic),76.45,1809.05,No
CUST-03470,Male,0,Yes,Yes,13,Yes,Yes,No,No internet service,No internet service,No internet service,No internet service,No internet service,No internet service,Month-to-month,Yes,Bank transfer (automatic),62.48,813.68,No
CUST-03471,Female,0,Yes,No,7,No,No phone service,Fiber optic,No,Yes,No,No,No,Yes,One year,Yes,Electronic check,19.84,129.26,No
CUST-03472,Male,0,No,Yes,34,Yes,No,DSL,Yes,Yes,Yes,No,No,Yes,Month-to-month,Yes,Bank transfer (automatic),112.16,3772.62,No
CUST-03473,Female,0,No,No,22,Yes,Yes,DSL,No,No,Yes,No,Yes,No,Month-to-month,Yes,Electronic check,96.45,1933.34,Yes
CUST-03474,Female,1,Yes,No,23,No,No phone service,DSL,Yes,Yes,No,No,Yes,Yes,Month-to-month,Yes,Mailed check,109.56,2637.02,No
CUST-03475,Male,0,Yes,No,48,Yes,Yes,Fiber optic,No,No,No,No,No,Yes,Two year,No,Electronic check,79.52,3313.91,No
CUST-03476,Male,0,Yes,No,14,Yes,Yes,Fiber optic,No,Yes,No,Yes,Yes,No,One year,Yes,Electronic check,51.9,701.19,No
CUST-03477,Male,0,Yes,Yes,52,Yes,No,Fiber optic,No,No,Yes,No,Yes,Yes,Month-to-month,Yes,Bank transfer (automatic),62.84,3170.43,No
CUST-03478,Male,0,No,No,39,No,No phone service,DSL,No,No,No,No,No,No,Month-to-month,No,Bank transfer (automatic),102.59,3984.97,No
CUST-03479,Female,0,No,Yes,41,Yes,No,Fiber optic,No,Yes,No,Yes,Yes,No,Two year,No,Mailed check,38.34,1339.72,No
CUST-03480,Female,0,No,Yes,36,Yes,No,DSL,Yes,No,No,Yes,No,No,One year,Yes,Bank transfer (automatic),33.45,1086.61,No
CUST-03481,Female,0,Yes,No,6,No,No phone service,DSL,No,No,Yes,Yes,No,Yes,Month-to-month,Yes,Credit card (automatic),28.24,159.06,No
CUST-03482,Male,0,No,No,23,Yes,Yes,Fiber optic,No,Yes,No,No,Yes,Yes,Month-to-month,Yes,Electronic check,28.14,618.3,Yes
CUST-03483,Male,0,Yes,Yes,10,Yes,Yes,DSL,No,Yes,Yes,No,No,No,Month-to-month,No,Electronic check,67.63,583.84,No
CUST-03484,Male,0,No,No,60,Yes,No,Fiber optic,Yes,No,Yes,Yes,No,No,Month-to-month,No,Electronic check,93.1,5659.77,Yes
CUST-03485,Female,0,No,Yes,30,Yes,No,No,No internet service,No internet service,No internet service,No internet service,No internet service,No internet service,One year,Yes,Bank transfer (automatic),108.82,2862.63,No
CUST-03486,Male,0,No,Yes,70,Yes,No,No,No internet service,No internet service,No internet service,No internet service,No internet service,No internet service,Month-to-month,Yes,Bank transfer (automatic),75.93,5129.42,No
CUST-03487,Female,0,Yes,Yes,5,Yes,No,DSL,No,No,No,Yes,Yes,Yes,Two year,Yes,Mailed check,68.61,314.09,No
CUST-03488,Male,0,Yes,No,57,Yes,Yes,Fiber optic,Yes,No,Yes,Yes,Yes,No,Month-to-month,Yes,Bank transfer (automatic),57.49,3112.69,No
CUST-03489,Female,0,No,No,43,Yes,Yes,Fiber optic,Yes,Yes,No,Yes,Yes,No,Month-to-month,No,Mailed check,48.67,1798.23,No
CUST-03490,Female,0,Yes,No,52,Yes,No,No,No internet service,No internet service,No internet service,No internet service,No internet service,No internet service,Month-to-month,No,Credit card (automatic),21.42,1135.24,No
CUST-03491,Male,0,Yes,Yes,6,Yes,Yes,No,No internet service,No internet service,No internet service,No internet service,No internet service,No internet service,Month-to-month,Yes,Electronic check,92.55,503.03,Yes
CUST-03492,Male,0,No,No,2,Yes,No,DSL,Yes,Yes,Yes,Yes,Yes,No,Two year,No,Bank transfer (automatic),25.22,45.8,No
CUST-03493,Female,0,Yes,No,17,No,No phone service,No,No internet service,No internet service,No internet service,No internet service,No internet service,No internet service,Two year,Yes,Electronic check,95.32,1516.9,No
CUST-03494,Female,0,No,No,12,Yes,Yes,DSL,No,Yes,No,Yes,Yes,Yes,Month-to-month,No,Electronic check,90.8,984.67,Yes
CUST-03495,Male,0,Yes,No,44,Yes,No,DSL,No,No,Yes,No,Yes,Yes,One year,Yes,Electronic check,118.72,5047.65,No
CUST-03496,Male,1,No,No,54,Yes,No,Fiber optic,No,Yes,No,Yes,Yes,Yes,One year,Yes,Bank transfer (automatic),20.04,1106.86,Yes
CUST-03497,Female,0,Yes,No,7,Yes,Yes,DSL,No,Yes,Yes,No,Yes,No,Month-to-month,Yes,Electronic check,42.77,280.93,Yes
CUST-03498,Male,1,No,No,32,Yes,No,No,No internet service,No internet service,No internet service,No internet service,No internet service,No internet service,Month-to-month,No,Electronic check,26.39,736.88,No
CUST-03499,Female,0,Yes,No,29,Yes,No,DSL,Yes,No,Yes,No,No,No,Month-to-month,Yes,Bank transfer (automatic),113.15,3364.51,No
CUST-03500,Female,0,No,No,46,Yes,Yes,No,No internet service,No internet service,No internet service,No internet service,No internet service,No internet service,Month-to-month,No,Electronic check,70.43,3092.39,No
CUST-03501,Male,0,No,No,53,Yes,Yes,No,No internet service,No internet service,No internet service,No internet service,No internet service,No internet service,Month-to-month,Yes,Mailed check,115.48,6377.1,No
CUST-03502,Male,1,Yes,Yes,25,Yes,Yes,No,No internet service,No internet service,No internet service,No internet service,No internet service,No internet service,Month-to-month,Yes,Credit card (automatic),33.85,866.75,No
CUST-03503,Male,0,Yes,No,53,No,No phone service,Fiber optic,Yes,No,Yes,No,No,No,Month-to-month,No,Bank transfer (automatic),51.66,2802.3,No
CUST-03504,Male,0,Yes,No,29,Yes,Yes,Fiber optic,Yes,No,Yes,Yes,Yes,Yes,Two year,Yes,Bank transfer (automatic),83.17,2108.85,No
CUST-03505,Male,0,Yes,Yes,6,Yes,No,Fiber optic,No,No,No,No,Yes,No,Month-to-month,No,Electronic check,46.09,264.08,No
CUST-03506,Female,0,No,Yes,38,Yes,No,No,No internet service,No internet service,No internet service,No internet service,No internet service,No internet service,Two year,No,Credit card (automatic),112.03,4339.87,No
CUST-03507,Female,0,Yes,No,3,Yes,Yes,DSL,No,No,No,Yes,Yes,No,One year,Yes,Electronic check,62.76,189.72,No
CUST-03508,Male,0,No,No,35,Yes,Yes,Fiber optic,Yes,No,Yes,Yes,No,Yes,One year,Yes,Electronic check,80.61,2693.37,No
CUST-03509,Male,0,No,Yes,55,Yes,Yes,Fiber optic,No,No,Yes,No,Yes,Yes,Month-to-month,Yes,Credit card (automatic),53.8,3103.33,Yes
CUST-03510,Male,0,Yes,Yes,47,Yes,Yes,Fiber optic,No,No,No,No,No,Yes,Two year,Yes,Electronic check,39.3,1909.43,No
CUST-03511,Female,0,No,No,33,Yes,Yes,No,No internet service,No internet service,No internet service,No internet service,No internet service,No internet service,Month-to-month,No,Bank transfer (automatic),99.41,3066.9,Yes
CUST-03512,Male,0,Yes,Yes,3,Yes,No,DSL,No,Yes,No,No,Yes,Yes,Two year,Yes,Mailed check,98.88,266.16,No
CUST-03513,Male,0,Yes,Yes,69,Yes,Yes,Fiber optic,Yes,Yes,No,No,No,No,Month-to-month,Yes,Credit card (automatic),101.17,6463.36,No
CUST-03514,Female,1,Yes,No,59,Yes,Yes,Fiber optic,No,No,No,Yes,No,Yes,Month-to-month,Yes,Mailed check,51.67,2763.55,No
CUST-03515,Female,1,No,No,18,Yes,No,DSL,No,No,No,No,No,Yes,One year,No,Credit card (automatic),105.13,1854.12,No
CUST-03516,Male,1,Yes,No,66,Yes,Yes,DSL,No,No,No,Yes,Yes,No,One year,No,Mailed check,50.54,3306.93,No
CUST-03517,Male,0,No,Yes,25,Yes,No,DSL,No,No,No,No,Yes,No,One year,Yes,Electronic check,54.84,1203.31,No
CUST-03518,Male,1,Yes,No,20,Yes,Yes,No,No internet service,No internet service,No internet service,No internet service,No internet service,No internet service,One year,Yes,Credit card (automatic),48.54,881.04,No
CUST-03519,Female,0,No,Yes,71,Yes,No,No,No internet service,No internet service,No internet service,No internet service,No internet service,No internet service,Month-to-month,Yes,Mailed check,61.93,4558.9,No
CUST-03520,Male,0,No,No,69,Yes,Yes,DSL,Yes,No,Yes,No,Yes,No,Month-to-month,No,Credit card (automatic),20.71,1396.64,No
CUST-03521,Male,0,Yes,Yes,29,Yes,Yes,DSL,Yes,Yes,No,No,Yes,Yes,Two year,No,Credit card (automatic),43.56,1249.96,No
CUST-03522,Male,0,No,Yes,18,Yes,No,DSL,No,No,No,No,Yes,No,Month-to-month,Yes,Mailed check,44.04,681.31,Yes
CUST-03523,Female,1,No,No,72,No,No phone service,Fiber optic,Yes,No,No,No,No,Yes,Month-to-month,Yes,Mailed check,104.9,7045.67,No
CUST-03524,Female,0,Yes,No,27,Yes,Yes,No,No internet service,No internet service,No internet service,No internet service,No internet service,No internet service,Month-to-month,No,Electronic check,88.8,2493.31,Yes
CUST-03525,Male,0,Yes,Yes,42,Yes,No,DSL,No,Yes,Yes,No,No,Yes,One year,No,Mailed check,44.8,1896.09,No
CUST-03526,Male,0,Yes,No,66,Yes,Yes,Fiber optic,No,Yes,No,No,No,Yes,Month-to-month,Yes,Bank transfer (automatic),54.99,3652.36,Yes
CUST-03527,Female,0,No,No,26,Yes,No,DSL,No,Yes,Yes,No,No,No,Two year,No,Electronic check,116.19,3109.82,No
CUST-03528,Female,0,No,No,23,Yes,No,No,No internet service,No internet service,No internet service,No internet service,No internet service,No internet service,Two year,No,Credit card (automatic),78.86,1616.07,No
CUST-03529,Female,0,Yes,No,5,Yes,Yes,No,No internet service,No internet service,No internet service,No internet service,No internet service,No internet service,Month-to-month,Yes,Electronic check,89.33,467.73,Yes
CUST-03530,Female,0,Yes,No,11,Yes,Yes,No,No internet service,No internet service,No internet service,No internet service,No internet service,No internet service,Two year,No,Bank transfer (automatic),117.04,1208.34,No
CUST-03531,Female,0,No,No,19,Yes,No,DSL,No,Yes,No,No,No,No,Two year,No,Credit card (automatic),85.28,1650.55,No
CUST-03532,Female,0,No,Yes,12,Yes,Yes,Fiber optic,Yes,No,Yes,Yes,Yes,Yes,Two year,No,Credit card (automatic),58.8,642.75,No
CUST-03533,Female,0,No,No,2,Yes,No,DSL,No,No,No,No,No,No,Month-to-month,Yes,Credit card (automatic),57.07,111.87,No
CUST-03534,Female,0,No,Yes,43,No,No phone service,Fiber optic,No,Yes,No,Yes,Yes,No,One year,Yes,Credit card (automatic),29.43,1091.52,No
CUST-03535,Female,1,Yes,Yes,22,Yes,Yes,DSL,No,No,Yes,Yes,Yes,Yes,Month-to-month,No,Credit card (automatic),28.3,648.57,Yes
CUST-03536,Male,0,Yes,Yes,26,Yes,No,Fiber optic,No,Yes,No,No,Yes,Yes,Month-to-month,Yes,Bank transfer (automatic),56.54,1283.94,No
CUST-03537,Male,0,Yes,Yes,33,No,No phone service,Fiber optic,No,No,No,No,Yes,Yes,Month-to-month,Yes,Electronic check,60.76,1981.06,Yes
CUST-03538,Male,0,No,No,24,Yes,No,Fiber optic,Yes,Yes,No,Yes,Yes,Yes,Month-to-month,Yes,Electronic check,85.01,1736.73,Yes
CUST-03539,Female,0,Yes,No,69,Yes,No,No,No internet service,No internet service,No internet service,No internet service,No internet service,No internet service,Month-to-month,Yes,Bank transfer (automatic),65.0,4273.18,Yes
CUST-03540,Male,0,Yes,No,21,Yes,Yes,Fiber optic,No,Yes,No,No,Yes,No,Two year,No,Bank transfer (automatic),92.11,1769.03,No
CUST-03541,Female,0,No,Yes,46,No,No phone service,DSL,Yes,No,No,Yes,Yes,No,Two year,Yes,Mailed check,28.23,1164.14,No
CUST-03542,Female,0,Yes,No,18,Yes,No,Fiber optic,No,Yes,Yes,Yes,No,Yes,Month-to-month,Yes,Credit card (automatic),50.21,897.26,No
CUST-03543,Male,0,Yes,No,5,Yes,No,No,No internet service,No internet service,No internet service,No internet service,No internet service,No internet service,Month-to-month,Yes,Electronic check,110.18,517.1,Yes
CUST-03544,Female,0,No,No,8,Yes,No,Fiber optic,Yes,Yes,Yes,No,Yes,Yes,Month-to-month,Yes,Electronic check,22.47,164.21,No
CUST-03545,Male,0,Yes,Yes,57,Yes,No,Fiber optic,Yes,Yes,No,No,No,No,Month-to-month,No,Credit card (automatic),85.06,4556.22,Yes
CUST-03546,Male,0,Yes,Yes,5,Yes,No,No,No internet service,No internet service,No internet service,No internet service,No internet service,No internet service,Month-to-month,No,Mailed check,74.52,340.19,No
CUST-03547,Male,0,No,No,13,No,No phone service,Fiber optic,Yes,No,Yes,No,Yes,Yes,One year,No,Electronic check,24.16,293.5,Yes
CUST-03548,Female,1,Yes,No,66,Yes,No,No,No internet service,No internet service,No internet service,No internet service,No internet service,No internet service,Month-to-month,Yes,Electronic check,31.43,1831.5,Yes
CUST-03549,Male,0,Yes,No,37,No,No phone service,DSL,Yes,Yes,No,No,No,Yes,Month-to-month,Yes,Mailed check,47.28,1810.5,No
CUST-03550,Female,0,No,Yes,29,Yes,No,Fiber optic,No,No,No,No,Yes,No,One year,Yes,Electronic check,28.41,769.64,No
CUST-03551,Male,0,Yes,Yes,69,Yes,No,DSL,No,No,No,No,No,Yes,Month-to-month,Yes,Mailed check,55.73,3627.0,Yes
CUST-03552,Male,1,No,Yes,32,Yes,No,Fiber optic,Yes,Yes,No,Yes,No,No,Month-to-month,Yes,Credit card (automatic),86.37,2750.42,No
CUST-03553,Male,0,Yes,No,48,Yes,No,DSL,No,No,No,Yes,No,No,Month-to-month,Yes,Mailed check,92.79,3896.41,Yes
CUST-03554,Female,0,Yes,No,2,No,No phone service,DSL,No,No,Yes,Yes,No,No,Two year,No,Mailed check,55.42,98.54,No
CUST-03555,Female,0,Yes,Yes,69,No,No phone service,DSL,No,No,No,Yes,Yes,Yes,Month-to-month,Yes,Electronic check,107.99,6557.57,Yes
CUST-03556,Female,1,Yes,No,51,Yes,No,DSL,Yes,No,No,No,Yes,No,Two year,Yes,Electronic check,107.2,5171.35,No
CUST-03557,Male,1,Yes,No,35,Yes,No,DSL,No,No,No,No,Yes,No,Month-to-month,No,Mailed check,32.63,1104.85,No
CUST-03558,Male,0,Yes,No,15,Yes,Yes,No,No internet service,No internet service,No internet service,No internet service,No internet service,No internet service,Month-to-month,No,Electronic check,86.73,1291.75,No
CUST-03559,Female,0,No,Yes,72,Yes,Yes,DSL,No,No,No,Yes,No,No,Two year,Yes,Mailed check,45.28,3386.31,No
CUST-03560,Female,0,Yes,No,65,Yes,Yes,Fiber optic,Yes,Yes,Yes,No,Yes,No,Two year,No,Mailed check,78.57,4428.95,No
CUST-03561,Female,0,No,No,38,Yes,No,DSL,No,No,No,No,Yes,Yes,Month-to-month,No,Electronic check,56.36,2108.62,No
CUST-03562,Female,0,Yes,No,17,Yes,No,DSL,Yes,No,Yes,Yes,No,Yes,Month-to-month,Yes,Electronic check,75.97,1292.77,Yes
CUST-03563,Female,0,Yes,No,45,Yes,No,No,No internet service,No internet service,No internet service,No internet service,No internet service,No internet service,Month-to-month,No,Credit card (automatic),82.06,3629.56,No
CUST-03564,Female,0,Yes,Yes,1,Yes,No,No,No internet service,No internet service,No internet service,No internet service,No internet service,No internet service,Month-to-month,Yes,Bank transfer (automatic),33.39,34.09,No
CUST-03565,Male,0,No,Yes,3,Yes,No,No,No internet service,No internet service,No internet service,No internet service,No internet service,No internet service,Month-to-month,No,Bank transfer (automatic),69.29,198.32,No
CUST-03566,Female,0,No,No,70,Yes,Yes,Fiber optic,No,No,No,No,No,Yes,Month-to-month,Yes,Mailed check,34.76,2466.34,No
CUST-03567,Male,0,No,No,52,Yes,No,DSL,Yes,No,Yes,No,No,No,Month-to-month,Yes,Bank transfer (automatic),36.41,1635.69,No
CUST-03568,Male,0,Yes,No,53,Yes,No,DSL,No,No,Yes,No,Yes,No,Month-to-month,No,Mailed check,93.99,4868.61,Yes
CUST-03569,Female,1,Yes,No,3,Yes,No,Fiber optic,Yes,No,Yes,No,Yes,No,Two year,No,Electronic check,111.21,346.37,No
CUST-03570,Female,0,No,No,47,Yes,No,No,No internet service,No internet service,No internet service,No internet service,No internet service,No internet service,Month-to-month,No,Mailed check,63.01,2786.72,No
CUST-03571,Male,0,Yes,No,6,Yes,No,No,No internet service,No internet service,No internet service,No internet service,No internet service,No internet service,Month-to-month,No,Bank transfer (automatic),95.14,499.11,Yes
CUST-03572,Female,0,Yes,No,46,Yes,No,DSL,No,Yes,Yes,No,Yes,No,Two year,Yes,Electronic check,76.72,3256.44,No
CUST-03573,Female,0,Yes,No,61,Yes,Yes,DSL,Yes,No,No,Yes,No,No,Two year,Yes,Bank transfer (automatic),107.44,6685.39,No
CUST-03574,Male,0,Yes,No,43,Yes,No,DSL,Yes,Yes,No,Yes,No,No,Month-to-month,No,Electronic check,112.94,4251.49,Yes
CUST-03575,Male,0,Yes,No,56,Yes,Yes,Fiber optic,Yes,Yes,Yes,Yes,No,Yes,Month-to-month,No,Electronic check,103.28,5526.04,No
CUST-03576,Male,0,No,No,70,Yes,No,DSL,No,No,No,No,Yes,No,Month-to-month,Yes,Bank transfer (automatic),112.17,8020.28,No
CUST-03577,Female,0,No,Yes,20,Yes,No,Fiber optic,No,No,No,Yes,No,No,Month-to-month,Yes,Electronic check,43.49,876.11,Yes
CUST-03578,Male,0,No,No,47,Yes,No,No,No internet service,No internet service,No internet service,No internet service,No internet service,No internet service,One year,No,Bank transfer (automatic),47.5,2126.39,No
CUST-03579,Female,1,Yes,No,54,Yes,Yes,Fiber optic,No,Yes,No,Yes,Yes,No,Two year,Yes,Bank transfer (automatic),77.85,4098.23,No
CUST-03580,Male,0,No,No,41,Yes,No,DSL,No,No,Yes,Yes,No,Yes,Two year,No,Electronic check,99.65,3701.39,No
CUST-03581,Male,1,No,No,66,Yes,Yes,DSL,No,No,No,Yes,No,Yes,Month-to-month,Yes,Mailed check,26.68,1825.35,No
CUST-03582,Male,1,No,No,31,Yes,No,No,No internet service,No internet service,No internet service,No internet service,No internet service,No internet service,Month-to-month,Yes,Credit card (automatic),50.74,1346.76,No
CUST-03583,Female,0,Yes,No,64,Yes,No,Fiber optic,No,Yes,No,Yes,No,No,Month-to-month,No,Bank transfer (automatic),51.15,3021.88,Yes
CUST-03584,Female,0,No,Yes,58,Yes,No,Fiber optic,Yes,No,Yes,No,Yes,No,Month-to-month,No,Electronic check,106.61,5744.93,No
CUST-03585,Male,0,Yes,No,55,Yes,No,DSL,No,No,No,No,No,Yes,Month-to-month,Yes,Electronic check,93.99,5195.89,No
CUST-03586,Male,0,No,No,46,Yes,Yes,No,No internet service,No internet service,No internet service,No internet service,No internet service,No internet service,Month-to-month,Yes,Credit card (automatic),84.37,3665.96,No
CUST-03587,Male,0,Yes,No,24,Yes,No,Fiber optic,No,Yes,No,No,Yes,Yes,Month-to-month,No,Mailed check,37.01,907.39,No
CUST-03588,Female,1,Yes,No,37,Yes,Yes,No,No internet service,No internet service,No internet service,No internet service,No internet service,No internet service,Two year,No,Electronic check,71.45,2397.36,No
CUST-03589,Male,0,Yes,Yes,41,Yes,Yes,Fiber optic,Yes,No,Yes,No,No,Yes,One year,Yes,Mailed check,18.94,687.63,No
CUST-03590,Female,0,No,Yes,25,Yes,No,DSL,No,Yes,No,No,No,No,Month-to-month,Yes,Bank transfer (automatic),39.15,880.32,No
CUST-03591,Male,0,Yes,No,29,Yes,Yes,DSL,No,Yes,No,No,Yes,No,Two year,Yes,Bank transfer (automatic),99.8,2560.32,No
CUST-03592,Male,0,No,Yes,31,Yes,Yes,No,No internet service,No internet service,No internet service,No internet service,No internet service,No internet service,Month-to-month,No,Bank transfer (automatic),84.81,2414.11,No
CUST-03593,Male,0,No,No,2,Yes,No,DSL,No,No,Yes,Yes,No,No,Month-to-month,Yes,Bank transfer (automatic),73.81,132.65,Yes
CUST-03594,Male,0,No,Yes,12,No,No phone service,DSL,Yes,No,No,Yes,No,Yes,Month-to-month,No,Mailed check,104.01,1214.86,No
CUST-03595,Male,0,No,Yes,5,No,No phone service,DSL,Yes,Yes,No,Yes,Yes,No,Two year,Yes,Mailed check,63.06,268.85,Yes
CUST-03596,Male,0,No,No,61,Yes,No,Fiber optic,Yes,No,No,No,Yes,Yes,Two year,Yes,Mailed check,46.57,2701.33,Yes
CUST-03597,Female,0,No,No,56,Yes,No,No,No internet service,No internet service,No internet service,No internet service,No internet service,No internet service,Month-to-month,No,Electronic check,103.54,5384.08,No
CUST-03598,Male,0,Yes,Yes,71,Yes,Yes,No,No internet service,No internet service,No internet service,No internet service,No internet service,No internet service,Month-to-month,Yes,Bank transfer (automatic),48.9,3181.77,No
CUST-03599,Female,0,No,Yes,37,Yes,Yes,Fiber optic,Yes,No,Yes,Yes,No,No,Two year,Yes,Bank transfer (automatic),105.3,3370.35,No
CUST-03600,Male,0,No,No,36,Yes,Yes,No,No internet service,No internet service,No internet service,No internet service,No internet service,No internet service,Month-to-month,Yes,Credit card (automatic),85.65,3069.5,No
CUST-03601,Male,0,Yes,No,29,Yes,Yes,DSL,Yes,No,No,Yes,No,Yes,Month-to-month,No,Electronic check,82.41,2204.5,Yes
CUST-03602,Female,0,No,No,38,Yes,Yes,No,No internet service,No internet service,No internet service,No internet service,No internet service,No internet service,One year,No,Bank transfer (automatic),26.13,1030.67,No
CUST-03603,Male,0,Yes,Yes,41,Yes,No,Fiber optic,No,Yes,No,Yes,No,No,One year,No,Mailed check,66.7,2844.18,No
CUST-03604,Female,0,Yes,No,33,Yes,Yes,Fiber optic,Yes,Yes,Yes,Yes,Yes,No,One year,Yes,Credit card (automatic),56.08,1785.38,No
CUST-03605,Female,0,Yes,Yes,13,Yes,Yes,DSL,Yes,No,No,No,No,Yes,Two year,Yes,Electronic check,112.57,1346.82,No
CUST-03606,Male,0,Yes,No,6,Yes,No,DSL,Yes,Yes,No,No,No,No,Month-to-month,Yes,Bank transfer (automatic),19.27,107.52,Yes
CUST-03607,Female,0,No,No,66,Yes,No,DSL,No,No,Yes,No,Yes,Yes,One year,Yes,Credit card (automatic),79.51,4762.38,No
CUST-03608,Female,0,No,No,8,Yes,Yes,DSL,No,No,No,No,No,No,Two year,No,Mailed check,60.04,473.95,No
CUST-03609,Male,0,No,No,64,Yes,No,Fiber optic,No,Yes,Yes,No,Yes,No,Month-to-month,Yes,Electronic check,100.1,6130.17,No
CUST-03610,Female,1,No,Yes,9,No,No phone service,DSL,Yes,No,No,No,Yes,No,Two year,Yes,Electronic check,103.1,867.08,Yes
CUST-03611,Male,0,Yes,No,23,Yes,No,DSL,No,No,Yes,Yes,Yes,No,One year,Yes,Credit card (automatic),65.34,1434.73,No
CUST-03612,Male,0,Yes,No,71,Yes,No,No,No internet service,No internet service,No internet service,No internet service,No internet service,No internet service,Month-to-month,No,Bank transfer (automatic),34.29,2128.57,No
CUST-03613,Male,0,No,No,21,Yes,No,No,No internet service,No internet service,No internet service,No internet service,No internet service,No internet service,One year,No,Credit card (automatic),38.85,801.63,No
CUST-03614,Male,0,No,No,1,Yes,No,No,No internet service,No internet service,No internet service,No internet service,No internet service,No internet service,Two year,No,Bank transfer (automatic),91.84,87.52,No
CUST-03615,Female,1,Yes,Yes,46,No,No phone service,Fiber optic,No,No,Yes,No,Yes,No,Two year,Yes,Electronic check,101.95,4563.05,No
CUST-03616,Male,0,No,No,62,Yes,Yes,Fiber optic,Yes,No,Yes,No,No,No,Month-to-month,Yes,Electronic check,55.39,3109.71,Yes
CUST-03617,Male,1,No,Yes,2,Yes,Yes,No,No internet service,No internet service,No internet service,No internet service,No internet service,No internet service,Two year,Yes,Electronic check,55.36,110.57,No
CUST-03618,Female,0,No,No,44,Yes,No,Fiber optic,Yes,Yes,Yes,No,Yes,Yes,Month-to-month,No,Mailed check,35.12,1461.42,Yes
CUST-03619,Male,0,Yes,No,5,Yes,No,DSL,Yes,Yes,Yes,Yes,No,Yes,Month-to-month,Yes,Electronic check,85.05,369.86,Yes
CUST-03620,Male,0,Yes,Yes,39,Yes,No,DSL,Yes,No,No,Yes,Yes,Yes,One year,No,Bank transfer (automatic),30.27,1161.51,No
CUST-03621,Female,0,No,Yes,66,Yes,No,DSL,No,Yes,Yes,Yes,No,No,Month-to-month,Yes,Electronic check,89.74,5168.12,No
CUST-03622,Female,0,No,No,45,Yes,Yes,No,No internet service,No internet service,No internet service,No internet service,No internet service,No internet service,Month-to-month,No,Mailed check,79.01,3064.38,No
CUST-03623,Female,0,Yes,No,13,Yes,No,Fiber optic,No,No,Yes,Yes,No,Yes,Month-to-month,Yes,Electronic check,100.68,1307.4,Yes
CUST-03624,Female,0,No,Yes,32,Yes,No,Fiber optic,Yes,No,No,Yes,No,Yes,One year,No,Bank transfer (automatic),79.05,2388.57,No
CUST-03625,Female,0,No,Yes,43,Yes,Yes,DSL,No,No,No,No,No,No,Month-to-month,Yes,Mailed check,39.15,1439.47,No
CUST-03626,Female,1,Yes,No,8,Yes,No,DSL,Yes,No,Yes,No,No,No,Month-to-month,No,Credit card (automatic),77.01,586.86,Yes
CUST-03627,Female,0,Yes,No,59,Yes,Yes,Fiber optic,Yes,No,No,No,No,No,Month-to-month,Yes,Electronic check,110.3,6696.72,No
CUST-03628,Male,0,No,No,11,No,No phone service,Fiber optic,No,Yes,No,No,Yes,No,Month-to-month,No,Credit card (automatic),98.82,944.59,Yes
CUST-03629,Female,0,Yes,No,28,Yes,No,Fiber optic,No,Yes,No,No,Yes,No,Month-to-month,No,Credit card (automatic),35.46,912.84,Yes
CUST-03630,Female,0,No,No,39,Yes,Yes,DSL,Yes,No,No,No,Yes,Yes,One year,Yes,Electronic check,27.52,1090.52,No
CUST-03631,Female,0,Yes,Yes,26,Yes,No,Fiber optic,No,No,Yes,No,Yes,Yes,Two year,No,Credit card (automatic),115.82,2712.7,No
CUST-03632,Male,0,No,Yes,72,Yes,Yes,No,No internet service,No internet service,No internet service,No internet service,No internet service,No internet service,Month-to-month,No,Electronic check,94.09,5905.37,No
CUST-03633,Male,0,No,No,26,Yes,Yes,No,No internet service,No internet service,No internet service,No internet service,No internet service,No internet service,Month-to-month,No,Electronic check,102.39,2498.95,No
CUST-03634,Female,0,Yes,No,32,No,No phone service,DSL,No,Yes,No,No,No,No,Month-to-month,No,Credit card (automatic),109.83,3595.14,No
CUST-03635,Female,0,No,No,46,Yes,Yes,Fiber optic,Yes,No,No,Yes,No,Yes,One year,No,Bank transfer (automatic),65.63,2762.31,No
CUST-03636,Female,0,Yes,No,28,Yes,No,DSL,No,No,No,No,No,No,Month-to-month,No,Mailed check,107.16,3052.37,Yes
CUST-03637,Male,0,Yes,No,7,Yes,No,Fiber optic,Yes,No,Yes,No,Yes,No,Month-to-month,Yes,Electronic check,31.32,191.33,No
CUST-03638,Male,0,No,No,35,Yes,Yes,Fiber optic,Yes,No,Yes,No,Yes,Yes,Month-to-month,Yes,Mailed check,52.57,1713.8,No
CUST-03639,Female,0,No,No,66,Yes,Yes,DSL,No,Yes,Yes,No,Yes,Yes,One year,Yes,Credit card (automatic),52.83,3304.39,No
CUST-03640,Male,0,Yes,Yes,22,Yes,Yes,No,No internet service,No internet service,No internet service,No internet service,No internet service,No internet service,Month-to-month,Yes,Bank transfer (automatic),21.65,442.48,No
CUST-03641,Female,1,Yes,No,22,Yes,Yes,Fiber optic,Yes,No,Yes,Yes,No,Yes,Month-to-month,No,Electronic check,37.1,838.62,No
CUST-03642,Male,0,Yes,Yes,3,Yes,Yes,No,No internet service,No internet service,No internet service,No internet service,No internet service,No internet service,One year,No,Mailed check,92.33,252.76,No
CUST-03643,Male,0,Yes,No,46,Yes,No,DSL,No,Yes,Yes,No,No,Yes,Month-to-month,No,Bank transfer (automatic),65.19,3067.22,No
CUST-03644,Female,0,Yes,No,50,Yes,No,DSL,Yes,Yes,Yes,Yes,Yes,No,Month-to-month,Yes,Credit card (automatic),78.86,4008.83,No
CUST-03645,Female,0,No,No,8,Yes,Yes,Fiber optic,Yes,Yes,Yes,Yes,No,Yes,One year,Yes,Credit card (automatic),80.76,649.86,No
CUST-03646,Female,0,Yes,No,4,Yes,No,Fiber optic,Yes,No,No,Yes,No,Yes,Month-to-month,No,Credit card (automatic),39.51,142.39,No
CUST-03647,Female,0,No,No,15,Yes,No,Fiber optic,Yes,No,No,No,Yes,No,Two year,Yes,Credit card (automatic),112.5,1557.35,No
CUST-03648,Male,0,Yes,Yes,44,Yes,Yes,No,No internet service,No internet service,No internet service,No internet service,No internet service,No internet service,Month-to-month,No,Electronic check,32.27,1366.59,No
CUST-03649,Male,1,No,No,39,Yes,No,Fiber optic,Yes,No,No,Yes,No,No,One year,Yes,Credit card (automatic),18.33,628.93,No
CUST-03650,Male,0,No,Yes,29,Yes,Yes,Fiber optic,No,No,Yes,Yes,No,Yes,Month-to-month,Yes,Credit card (automatic),44.89,1220.02,No
CUST-03651,Female,0,No,No,62,Yes,Yes,No,No internet service,No internet service,No internet service,No internet service,No internet service,No internet service,One year,No,Bank transfer (automatic),69.68,3678.26,No
CUST-03652,Male,0,Yes,No,34,Yes,No,Fiber optic,Yes,No,No,Yes,No,Yes,Month-to-month,No,Mailed check,35.12,1067.19,No
CUST-03653,Female,0,No,Yes,26,Yes,No,Fiber optic,Yes,No,No,Yes,Yes,Yes,One year,Yes,Credit card (automatic),96.89,2579.94,Yes
CUST-03654,Male,0,No,No,18,Yes,Yes,Fiber optic,No,No,No,Yes,No,Yes,Month-to-month,Yes,Bank transfer (automatic),39.4,604.31,Yes
CUST-03655,Female,1,No,No,63,Yes,No,Fiber optic,No,No,Yes,No,Yes,Yes,Month-to-month,Yes,Credit card (automatic),115.35,6718.71,Yes
CUST-03656,Female,0,No,No,52,Yes,Yes,DSL,No,No,No,No,No,Yes,One year,No,Mailed check,90.4,4868.94,No
CUST-03657,Male,0,Yes,No,54,Yes,Yes,DSL,No,No,No,No,No,Yes,One year,No,Electronic check,105.25,5728.94,No
CUST-03658,Female,0,No,No,42,Yes,Yes,Fiber optic,No,No,No,Yes,Yes,No,Month-to-month,Yes,Credit card (automatic),73.92,2731.37,No
CUST-03659,Female,0,No,Yes,54,Yes,Yes,DSL,No,No,No,No,No,No,Month-to-month,Yes,Credit card (automatic),74.45,3664.05,No
CUST-03660,Male,1,No,No,52,Yes,Yes,No,No internet service,No internet service,No internet service,No internet service,No internet service,No internet service,Month-to-month,Yes,Credit card (automatic),117.43,6080.73,No
CUST-03661,Female,0,No,No,13,Yes,Yes,DSL,Yes,No,Yes,Yes,Yes,No,Two year,No,Credit card (automatic),29.95,373.81,No
CUST-03662,Female,0,No,Yes,32,Yes,Yes,DSL,No,No,Yes,No,Yes,Yes,Two year,No,Mailed check,77.25,2495.1,No
CUST-03663,Female,0,No,No,66,Yes,No,Fiber optic,Yes,No,No,No,No,Yes,Month-to-month,Yes,Bank transfer (automatic),24.94,1453.88,Yes
CUST-03664,Male,0,No,No,58,No,No phone service,Fiber optic,Yes,Yes,No,No,Yes,No,Month-to-month,Yes,Credit card (automatic),119.0,6375.37,Yes
CUST-03665,Male,0,No,No,39,Yes,Yes,Fiber optic,No,Yes,No,No,No,Yes,Month-to-month,No,Electronic check,82.34,3215.6,No
CUST-03666,Female,0,Yes,Yes,27,No,No phone service,Fiber optic,Yes,No,No,Yes,Yes,No,Month-to-month,No,Electronic check,26.45,665.96,No
CUST-03667,Male,0,No,No,54,Yes,No,No,No internet service,No internet service,No internet service,No internet service,No internet service,No internet service,One year,No,Electronic check,47.18,2504.22,No
CUST-03668,Female,0,No,Yes,72,No,No phone service,Fiber optic,Yes,Yes,No,Yes,No,No,Month-to-month,Yes,Electronic check,108.89,6970.93,Yes
CUST-03669,Female,1,Yes,No,43,Yes,Yes,Fiber optic,Yes,No,Yes,Yes,Yes,No,Month-to-month,No,Mailed check,26.31,1109.14,Yes
CUST-03670,Female,0,Yes,No,52,Yes,No,No,No internet service,No internet service,No internet service,No internet service,No internet service,No internet service,Month-to-month,No,Mailed check,45.96,2114.11,No
CUST-03671,Female,0,No,Yes,14,Yes,Yes,DSL,No,No,No,No,Yes,Yes,Month-to-month,No,Mailed check,69.5,975.32,Yes
CUST-03672,Female,0,No,Yes,8,Yes,No,No,No internet service,No internet service,No internet service,No internet service,No internet service,No internet service,Two year,Yes,Credit card (automatic),118.22,906.44,No
CUST-03673,Male,0,Yes,No,35,No,No phone service,Fiber optic,No,No,No,No,Yes,No,Two year,No,Electronic check,39.25,1285.93,Yes
CUST-03674,Female,1,No,Yes,18,Yes,Yes,No,No internet service,No internet service,No internet service,No internet service,No internet service,No internet service,Month-to-month,Yes,Bank transfer (automatic),98.82,1537.03,No
CUST-03675,Male,0,No,Yes,55,Yes,Yes,DSL,No,Yes,No,No,No,Yes,Month-to-month,No,Credit card (automatic),52.97,2863.86,No
CUST-03676,Male,0,Yes,No,52,Yes,Yes,No,No internet service,No internet service,No internet service,No internet service,No internet service,No internet service,Month-to-month,Yes,Bank transfer (automatic),18.94,874.62,No
CUST-03677,Female,0,Yes,No,72,Yes,No,Fiber optic,No,No,Yes,Yes,No,Yes,Two year,Yes,Electronic check,97.78,6155.92,No
CUST-03678,Female,0,No,No,49,Yes,Yes,Fiber optic,Yes,No,No,No,Yes,Yes,Month-to-month,Yes,Electronic check,67.96,2934.62,Yes
CUST-03679,Male,0,No,No,8,Yes,Yes,Fiber optic,No,No,Yes,No,Yes,No,Month-to-month,Yes,Credit card (automatic),66.95,475.07,No
CUST-03680,Male,0,Yes,No,37,Yes,Yes,No,No internet service,No internet service,No internet service,No internet service,No internet service,No internet service,One year,Yes,Mailed check,86.71,3166.35,No
CUST-03681,Male,1,Yes,No,66,Yes,No,Fiber optic,No,Yes,Yes,No,No,Yes,Month-to-month,Yes,Mailed check,84.36,5274.97,Yes
CUST-03682,Female,0,Yes,Yes,41,No,No phone service,Fiber optic,No,No,No,Yes,Yes,No,One year,No,Credit card (automatic),84.94,3285.58,No
CUST-03683,Male,1,No,No,27,Yes,Yes,No,No internet service,No internet service,No internet service,No internet service,No internet service,No internet service,Two year,No,Bank transfer (automatic),51.21,1303.27,No
CUST-03684,Female,0,Yes,No,20,Yes,Yes,DSL,No,No,Yes,Yes,No,No,Month-to-month,Yes,Bank transfer (automatic),77.21,1439.73,No
CUST-03685,Female,0,No,Yes,38,Yes,Yes,DSL,Yes,Yes,No,No,No,No,One year,Yes,Bank transfer (automatic),107.52,3894.0,No
CUST-03686,Female,0,Yes,No,12,Yes,Yes,Fiber optic,No,Yes,Yes,Yes,Yes,Yes,Month-to-month,No,Bank transfer (automatic),109.1,1154.84,Yes
CUST-03687,Male,0,No,No,42,Yes,No,DSL,No,Yes,No,Yes,No,No,Month-to-month,No,Bank transfer (automatic),59.29,2257.85,No
CUST-03688,Female,0,Yes,No,50,Yes,No,No,No internet service,No internet service,No internet service,No internet service,No internet service,No internet service,Month-to-month,No,Bank transfer (automatic),41.79,1817.98,No
CUST-03689,Female,1,No,No,31,Yes,Yes,Fiber optic,Yes,No,Yes,No,No,Yes,Two year,No,Electronic check,25.65,808.93,No
CUST-03690,Female,1,No,No,65,Yes,Yes,Fiber optic,Yes,Yes,Yes,No,Yes,No,Month-to-month,No,Electronic check,105.49,7199.58,Yes
CUST-03691,Female,1,Yes,No,53,Yes,No,DSL,Yes,No,Yes,No,No,No,Two year,Yes,Electronic check,34.87,1830.98,No
CUST-03692,Female,0,Yes,Yes,40,No,No phone service,No,No internet service,No internet service,No internet service,No internet service,No internet service,No internet service,Month-to-month,Yes,Credit card (automatic),50.33,1730.45,No
CUST-03693,Male,1,No,No,39,Yes,Yes,No,No internet service,No internet service,No internet service,No internet service,No internet service,No internet service,Two year,Yes,Bank transfer (automatic),100.81,3712.96,No
CUST-03694,Female,0,Yes,Yes,10,Yes,No,Fiber optic,Yes,Yes,No,No,No,Yes,Month-to-month,No,Credit card (automatic),97.91,833.53,No
CUST-03695,Female,0,No,Yes,29,Yes,Yes,Fiber optic,Yes,No,Yes,Yes,Yes,No,Month-to-month,Yes,Bank transfer (automatic),62.31,1635.71,No
CUST-03696,Male,0,Yes,No,40,Yes,No,DSL,No,Yes,No,No,Yes,No,Two year,No,Mailed check,88.75,3074.55,No
CUST-03697,Female,0,Yes,Yes,30,No,No phone service,Fiber optic,No,No,No,Yes,No,Yes,Month-to-month,No,Credit card (automatic),42.34,1186.43,No
CUST-03698,Male,0,No,Yes,2,Yes,Yes,Fiber optic,Yes,Yes,No,No,No,No,Month-to-month,Yes,Credit card (automatic),112.85,211.32,Yes
CUST-03699,Female,0,No,Yes,28,No,No phone service,DSL,No,No,No,No,No,No,Two year,No,Bank transfer (automatic),115.07,2852.31,No
CUST-03700,Male,1,No,No,47,No,No phone service,No,No internet service,No internet service,No internet service,No internet service,No internet service,No internet service,Two year,No,Bank transfer (automatic),114.1,5447.92,No
CUST-03701,Male,0,Yes,Yes,32,Yes,No,No,No internet service,No internet service,No internet service,No internet service,No internet service,No internet service,One year,Yes,Bank transfer (automatic),81.55,2618.55,Yes
CUST-03702,Female,0,Yes,No,32,Yes,No,DSL,Yes,No,No,No,No,No,Two year,No,Electronic check,25.29,821.75,No
CUST-03703,Female,1,No,Yes,27,Yes,No,Fiber optic,No,Yes,No,No,Yes,Yes,Month-to-month,Yes,Bank transfer (automatic),80.58,2087.0,Yes
CUST-03704,Female,0,Yes,No,54,Yes,No,No,No internet service,No internet service,No internet service,No internet service,No internet service,No internet service,One year,Yes,Credit card (automatic),61.03,2806.7,No
CUST-03705,Male,1,Yes,No,56,Yes,Yes,No,No internet service,No internet service,No internet service,No internet service,No internet service,No internet service,One year,No,Mailed check,58.31,3378.84,No
CUST-03706,Male,0,Yes,No,31,No,No phone service,DSL,No,No,Yes,No,No,No,Two year,Yes,Electronic check,20.86,668.53,No
CUST-03707,Male,0,Yes,No,24,Yes,No,Fiber optic,Yes,Yes,Yes,No,No,No,Two year,No,Credit card (automatic),107.15,2465.49,No
CUST-03708,Female,0,No,No,35,Yes,Yes,No,No internet service,No internet service,No internet service,No internet service,No internet service,No internet service,Month-to-month,No,Credit card (automatic),105.49,3805.75,Yes
CUST-03709,Male,0,No,No,30,Yes,Yes,DSL,No,No,No,No,Yes,Yes,Month-to-month,Yes,Credit card (automatic),51.03,1382.94,No
CUST-03710,Male,0,No,No,55,Yes,No,Fiber optic,No,Yes,No,Yes,Yes,Yes,One year,Yes,Electronic check,117.72,6173.11,Yes
CUST-03711,Female,0,No,Yes,64,Yes,Yes,Fiber optic,Yes,No,No,No,No,No,Two year,No,Electronic check,31.85,2013.62,No
CUST-03712,Male,0,No,No,33,Yes,No,Fiber optic,No,No,No,Yes,Yes,No,Month-to-month,Yes,Mailed check,103.19,3237.0,No
CUST-03713,Male,1,No,No,46,Yes,No,DSL,No,No,Yes,No,Yes,Yes,Month-to-month,No,Electronic check,81.42,3819.77,Yes
CUST-03714,Female,0,No,No,33,Yes,No,No,No internet service,No internet service,No internet service,No internet service,No internet service,No internet service,Month-to-month,No,Bank transfer (automatic),67.55,2136.4,No
CUST-03715,Male,0,Yes,No,68,Yes,No,DSL,No,No,Yes,No,No,Yes,Month-to-month,No,Bank transfer (automatic),116.28,6985.53,Yes
CUST-03716,Female,0,Yes,No,64,Yes,No,Fiber optic,Yes,Yes,No,No,No,Yes,Month-to-month,Yes,Credit card (automatic),77.47,5036.45,No
CUST-03717,Female,0,No,No,30,Yes,No,Fiber optic,No,No,No,Yes,No,Yes,Month-to-month,Yes,Mailed check,103.04,3064.63,Yes
CUST-03718,Female,0,Yes,No,29,Yes,No,DSL,No,No,No,No,Yes,Yes,Month-to-month,Yes,Bank transfer (automatic),41.69,1151.61,Yes
CUST-03719,Female,1,Yes,No,62,No,No phone service,DSL,No,Yes,No,Yes,No,Yes,One year,Yes,Mailed check,21.29,1253.38,No
CUST-03720,Female,0,No,No,30,Yes,Yes,No,No internet service,No internet service,No internet service,No internet service,No internet service,No internet service,One year,Yes,Electronic check,39.54,1172.19,No
CUST-03721,Male,0,No,Yes,12,Yes,No,Fiber optic,No,Yes,Yes,Yes,Yes,Yes,Month-to-month,Yes,Credit card (automatic),118.81,1401.22,Yes
CUST-03722,Male,0,No,No,67,Yes,Yes,Fiber optic,No,No,No,Yes,No,No,Month-to-month,No,Electronic check,75.26,4549.68,No
CUST-03723,Female,0,Yes,No,15,Yes,No,No,No internet service,No internet service,No internet service,No internet service,No internet service,No internet service,Month-to-month,No,Electronic check,103.87,1557.95,Yes
CUST-03724,Female,0,No,No,10,Yes,Yes,DSL,No,No,No,Yes,No,Yes,Month-to-month,Yes,Electronic check,87.87,897.12,Yes
CUST-03725,Male,0,No,Yes,61,Yes,No,Fiber optic,No,Yes,Yes,Yes,No,No,One year,Yes,Credit card (automatic),33.75,1847.17,No
CUST-03726,Female,0,No,Yes,23,Yes,No,DSL,No,No,Yes,No,No,Yes,Month-to-month,Yes,Electronic check,29.6,639.92,No
CUST-03727,Female,0,Yes,No,11,Yes,Yes,Fiber optic,Yes,Yes,Yes,No,Yes,Yes,Month-to-month,Yes,Mailed check,67.51,676.46,No
CUST-03728,Female,0,Yes,Yes,16,Yes,Yes,DSL,No,No,No,Yes,Yes,No,Month-to-month,Yes,Mailed check,114.09,1616.57,No
CUST-03729,Male,0,Yes,No,49,Yes,No,No,No internet service,No internet service,No internet service,No internet service,No internet service,No internet service,Month-to-month,No,Electronic check,31.57,1343.4,No
CUST-03730,Male,0,Yes,Yes,14,Yes,No,Fiber optic,No,Yes,No,No,No,No,Two year,No,Bank transfer (automatic),69.2,984.12,No
CUST-03731,Female,0,Yes,Yes,6,No,No phone service,Fiber optic,No,Yes,Yes,No,Yes,Yes,Two year,Yes,Mailed check,95.5,512.98,Yes
CUST-03732,Female,1,Yes,No,42,No,No phone service,Fiber optic,No,Yes,No,No,No,Yes,Month-to-month,No,Bank transfer (automatic),26.05,1067.29,No
CUST-03733,Male,0,No,Yes,17,Yes,Yes,DSL,No,Yes,No,No,No,Yes,One year,Yes,Mailed check,59.51,948.34,No
CUST-03734,Male,0,No,No,42,Yes,No,No,No internet service,No internet service,No internet service,No internet service,No internet service,No internet service,Month-to-month,Yes,Electronic check,72.67,2902.41,No
CUST-03735,Female,0,No,No,10,Yes,No,DSL,No,Yes,Yes,No,No,Yes,Two year,No,Mailed check,29.18,279.26,Yes
CUST-03736,Female,1,Yes,No,46,Yes,Yes,Fiber optic,No,No,No,No,No,No,Two year,Yes,Mailed check,84.93,3803.9,No
CUST-03737,Male,1,Yes,No,49,Yes,No,DSL,Yes,Yes,No,No,Yes,No,Month-to-month,Yes,Electronic check,93.35,4616.75,No
CUST-03738,Male,1,Yes,No,9,Yes,No,No,No internet service,No internet service,No internet service,No internet service,No internet service,No internet service,Two year,No,Mailed check,83.23,663.19,No
CUST-03739,Male,0,Yes,No,39,Yes,No,Fiber optic,No,No,No,Yes,Yes,No,Month-to-month,No,Mailed check,25.56,909.86,No
CUST-03740,Female,0,Yes,Yes,2,Yes,Yes,DSL,No,Yes,No,Yes,No,No,One year,Yes,Mailed check,18.67,32.59,No
CUST-03741,Male,0,No,Yes,68,Yes,No,Fiber optic,Yes,Yes,No,No,No,No,Month-to-month,Yes,Bank transfer (automatic),99.45,6689.9,No
CUST-03742,Female,0,No,No,52,Yes,Yes,No,No internet service,No internet service,No internet service,No internet service,No internet service,No internet service,Month-to-month,Yes,Electronic check,67.98,3226.08,No
CUST-03743,Male,0,No,No,11,Yes,Yes,Fiber optic,No,No,No,Yes,No,Yes,Two year,Yes,Electronic check,75.65,839.55,No
CUST-03744,Male,0,No,No,37,Yes,Yes,Fiber optic,Yes,Yes,No,Yes,No,No,Month-to-month,Yes,Mailed check,110.51,4070.23,Yes
CUST-03745,Male,0,No,Yes,72,Yes,Yes,DSL,Yes,Yes,No,No,Yes,Yes,Month-to-month,No,Mailed check,75.03,4638.42,No
CUST-03746,Male,0,No,No,22,Yes,No,DSL,Yes,No,No,Yes,No,No,Two year,No,Electronic check,43.86,839.85,No
CUST-03747,Female,0,No,No,52,Yes,Yes,DSL,No,Yes,Yes,No,Yes,Yes,Month-to-month,No,Bank transfer (automatic),63.66,3212.59,Yes
CUST-03748,Female,0,No,No,5,No,No phone service,Fiber optic,No,No,Yes,No,Yes,No,Two year,No,Credit card (automatic),67.45,334.0,No
CUST-03749,Male,1,No,Yes,2,Yes,No,Fiber optic,No,Yes,Yes,No,Yes,Yes,Month-to-month,Yes,Bank transfer (automatic),87.54,161.8,Yes
CUST-03750,Female,0,No,Yes,5,Yes,No,No,No internet service,No internet service,No internet service,No internet service,No internet service,No internet service,Two year,No,Electronic check,53.88,239.74,No
CUST-03751,Male,0,Yes,Yes,32,Yes,Yes,No,No internet service,No internet service,No internet service,No internet service,No internet service,No internet service,Month-to-month,Yes,Electronic check,103.66,2924.66,No
CUST-03752,Male,0,No,Yes,19,Yes,Yes,DSL,Yes,No,Yes,No,No,Yes,Month-to-month,Yes,Mailed check,72.65,1239.7,Yes
CUST-03753,Male,0,No,No,4,No,No phone service,Fiber optic,No,No,Yes,No,Yes,No,Two year,Yes,Electronic check,73.66,260.23,No
CUST-03754,Male,0,No,Yes,46,No,No phone service,Fiber optic,No,Yes,Yes,No,No,No,Two year,Yes,Mailed check,95.51,4016.72,Yes
CUST-03755,Female,0,Yes,No,26,Yes,No,Fiber optic,Yes,Yes,Yes,No,No,No,Month-to-month,Yes,Bank transfer (automatic),26.37,650.04,No
CUST-03756,Male,0,Yes,No,50,Yes,Yes,Fiber optic,Yes,Yes,Yes,Yes,No,No,Two year,Yes,Bank transfer (automatic),108.59,5351.25,No
CUST-03757,Male,0,No,No,26,No,No phone service,DSL,Yes,Yes,No,No,Yes,No,Month-to-month,Yes,Electronic check,37.83,1006.55,No
CUST-03758,Female,1,No,No,71,Yes,Yes,DSL,No,Yes,No,No,Yes,Yes,Month-to-month,No,Mailed check,51.95,3669.7,No
CUST-03759,Male,0,Yes,No,32,No,No phone service,Fiber optic,No,No,No,No,Yes,Yes,Month-to-month,Yes,Mailed check,27.35,858.06,Yes
CUST-03760,Male,0,No,No,44,Yes,Yes,DSL,No,Yes,No,Yes,No,No,Two year,No,Electronic check,66.05,2927.96,No
CUST-03761,Male,0,No,Yes,26,Yes,Yes,Fiber optic,No,No,Yes,No,No,No,Month-to-month,Yes,Bank transfer (automatic),52.5,1407.1,No
CUST-03762,Female,1,Yes,Yes,61,Yes,No,Fiber optic,Yes,No,No,Yes,No,No,Month-to-month,No,Bank transfer (automatic),40.04,2188.36,No
CUST-03763,Male,0,No,Yes,51,Yes,Yes,No,No internet service,No internet service,No internet service,No internet service,No internet service,No internet service,Two year,No,Credit card (automatic),36.01,1789.68,No
CUST-03764,Female,0,Yes,Yes,59,Yes,No,No,No internet service,No internet service,No internet service,No internet service,No internet service,No internet service,Two year,Yes,Electronic check,32.26,1632.2,No
CUST-03765,Male,1,No,No,38,Yes,No,No,No internet service,No internet service,No internet service,No internet service,No internet service,No internet service,One year,Yes,Mailed check,24.48,975.2,No
CUST-03766,Male,1,No,No,26,Yes,No,No,No internet service,No internet service,No internet service,No internet service,No internet service,No internet service,Two year,No,Credit card (automatic),39.96,1061.37,No
CUST-03767,Female,1,No,Yes,45,Yes,No,No,No internet service,No internet service,No internet service,No internet service,No internet service,No internet service,Two year,No,Bank transfer (automatic),18.41,765.33,No
CUST-03768,Male,0,No,No,31,Yes,Yes,Fiber optic,Yes,Yes,No,Yes,No,No,Month-to-month,No,Bank transfer (automatic),26.36,795.14,No
CUST-03769,Male,0,Yes,No,70,Yes,Yes,No,No internet service,No internet service,No internet service,No internet service,No internet service,No internet service,Month-to-month,No,Electronic check,116.6,7827.82,No
CUST-03770,Female,1,No,No,45,Yes,No,Fiber optic,Yes,No,Yes,No,Yes,Yes,Two year,No,Electronic check,58.99,2704.54,Yes
CUST-03771,Female,0,No,Yes,31,Yes,Yes,No,No internet service,No internet service,No internet service,No internet service,No internet service,No internet service,One year,Yes,Electronic check,111.67,3273.73,No
CUST-03772,Female,0,No,Yes,61,Yes,Yes,DSL,No,No,No,No,Yes,Yes,Two year,Yes,Credit card (automatic),58.76,3140.95,No
CUST-03773,Female,0,Yes,No,48,Yes,No,Fiber optic,No,Yes,No,No,No,Yes,One year,No,Mailed check,97.47,4426.15,No
CUST-03774,Female,0,Yes,Yes,45,Yes,Yes,No,No internet service,No internet service,No internet service,No internet service,No internet service,No internet service,Month-to-month,No,Electronic check,89.33,3512.03,No
CUST-03775,Male,1,No,No,60,Yes,No,Fiber optic,No,Yes,No,Yes,Yes,No,Two year,Yes,Credit card (automatic),34.55,2096.89,No
CUST-03776,Female,0,No,No,61,Yes,Yes,DSL,No,Yes,Yes,No,No,No,One year,Yes,Credit card (automatic),65.74,3542.0,No
CUST-03777,Male,0,Yes,No,52,Yes,Yes,Fiber optic,Yes,No,Yes,No,Yes,Yes,Month-to-month,No,Bank transfer (automatic),30.41,1460.88,No
CUST-03778,Male,1,No,No,52,Yes,No,Fiber optic,No,No,Yes,No,Yes,Yes,One year,Yes,Bank transfer (automatic),59.41,2691.41,No
CUST-03779,Male,0,No,Yes,62,Yes,No,Fiber optic,No,Yes,No,No,No,No,Month-to-month,Yes,Electronic check,46.82,2687.21,Yes
CUST-03780,Female,0,No,No,26,Yes,No,Fiber optic,No,No,No,No,Yes,No,Month-to-month,No,Credit card (automatic),80.96,2194.77,Yes
CUST-03781,Female,0,No,Yes,67,Yes,Yes,DSL,No,No,No,No,No,No,Month-to-month,Yes,Electronic check,93.97,6522.17,Yes
CUST-03782,Male,0,No,No,49,Yes,Yes,No,No internet service,No internet service,No internet service,No internet service,No internet service,No internet service,Month-to-month,Yes,Credit card (automatic),111.21,5245.74,No
CUST-03783,Female,0,No,Yes,44,Yes,Yes,Fiber optic,No,Yes,Yes,No,No,No,Month-to-month,No,Credit card (automatic),22.89,984.66,No
CUST-03784,Female,0,Yes,No,36,Yes,No,DSL,Yes,Yes,Yes,Yes,Yes,Yes,Month-to-month,Yes,Bank transfer (automatic),93.8,3108.08,No
CUST-03785,Female,0,No,Yes,53,Yes,Yes,No,No internet service,No internet service,No internet service,No internet service,No internet service,No internet service,One year,Yes,Bank transfer (automatic),30.98,1464.76,No
CUST-03786,Female,0,No,No,44,Yes,No,Fiber optic,No,No,Yes,No,Yes,Yes,One year,Yes,Electronic check,106.58,4246.9,Yes
CUST-03787,Male,0,No,No,22,No,No phone service,DSL,No,Yes,Yes,Yes,No,No,One year,No,Electronic check,84.26,1605.04,Yes
CUST-03788,Male,0,No,No,2,Yes,No,No,No internet service,No internet service,No internet service,No internet service,No internet service,No internet service,Two year,Yes,Bank transfer (automatic),110.02,206.63,No
CUST-03789,Female,0,Yes,Yes,7,Yes,Yes,No,No internet service,No internet service,No internet service,No internet service,No internet service,No internet service,Two year,No,Bank transfer (automatic),31.23,189.55,No
CUST-03790,Male,0,Yes,No,16,No,No phone service,Fiber optic,Yes,Yes,Yes,Yes,Yes,No,One year,Yes,Electronic check,67.38,996.66,Yes
CUST-03791,Female,0,No,No,44,Yes,Yes,DSL,No,No,No,Yes,No,Yes,Month-to-month,Yes,Credit card (automatic),68.26,3064.14,No
CUST-03792,Female,0,Yes,No,65,Yes,No,DSL,Yes,No,Yes,Yes,No,Yes,Month-to-month,No,Electronic check,93.61,5647.62,No
CUST-03793,Male,0,No,No,71,Yes,No,No,No internet service,No internet service,No internet service,No internet service,No internet service,No internet service,Month-to-month,No,Mailed check,116.93,7779.86,No
CUST-03794,Male,0,Yes,No,69,Yes,Yes,No,No internet service,No internet service,No internet service,No internet service,No internet service,No internet service,One year,No,Electronic check,19.33,1274.27,No
CUST-03795,Male,1,Yes,Yes,61,Yes,No,Fiber optic,No,No,No,No,No,No,Two year,Yes,Credit card (automatic),84.33,4695.94,No
CUST-03796,Female,0,Yes,No,30,Yes,Yes,DSL,No,No,Yes,No,No,Yes,Two year,Yes,Electronic check,22.16,576.01,No
CUST-03797,Male,0,No,No,42,Yes,No,DSL,No,Yes,No,No,Yes,Yes,Month-to-month,No,Mailed check,61.06,2570.45,No
CUST-03798,Female,0,No,No,25,No,No phone service,No,No internet service,No internet service,No internet service,No internet service,No internet service,No internet service,One year,Yes,Electronic check,104.63,2349.53,No
CUST-03799,Male,1,No,No,71,Yes,No,DSL,No,No,No,Yes,No,No,One year,Yes,Bank transfer (automatic),75.37,4704.06,No
CUST-03800,Male,0,No,No,57,Yes,No,Fiber optic,Yes,No,Yes,No,No,No,One year,Yes,Bank transfer (automatic),104.68,5176.04,Yes
CUST-03801,Female,0,Yes,No,32,Yes,No,Fiber optic,No,No,Yes,Yes,Yes,Yes,Two year,No,Credit card (automatic),83.49,2634.42,No
CUST-03802,Female,0,Yes,Yes,50,No,No phone service,DSL,Yes,No,No,No,No,Yes,Month-to-month,Yes,Electronic check,110.37,4709.68,No
CUST-03803,Female,0,No,No,10,No,No phone service,DSL,No,Yes,Yes,Yes,No,Yes,One year,Yes,Mailed check,98.8,957.06,Yes
CUST-03804,Female,0,No,Yes,22,Yes,No,Fiber optic,No,Yes,Yes,Yes,No,No,Month-to-month,Yes,Credit card (automatic),91.88,1859.01,Yes
CUST-03805,Female,0,Yes,No,41,Yes,Yes,Fiber optic,Yes,No,No,No,No,Yes,Month-to-month,Yes,Electronic check,93.86,3661.11,Yes
CUST-03806,Female,0,No,No,47,Yes,Yes,No,No internet service,No internet service,No internet service,No internet service,No internet service,No internet service,Two year,No,Credit card (automatic),75.74,3671.83,Yes
CUST-03807,Female,0,No,No,14,Yes,Yes,Fiber optic,Yes,Yes,Yes,Yes,Yes,Yes,Month-to-month,No,Credit card (automatic),104.63,1245.31,Yes
CUST-03808,Female,0,Yes,No,3,Yes,Yes,DSL,No,No,No,No,No,No,One year,Yes,Mailed check,65.51,192.02,No
CUST-03809,Male,0,Yes,No,53,No,No phone service,Fiber optic,No,Yes,No,Yes,No,Yes,Two year,No,Electronic check,24.72,1347.82,No
CUST-03810,Female,0,No,Yes,16,Yes,No,DSL,No,No,No,Yes,Yes,No,Two year,Yes,Electronic check,94.45,1358.39,Yes
CUST-03811,Female,0,Yes,Yes,61,Yes,No,DSL,No,Yes,No,Yes,Yes,No,Month-to-month,Yes,Credit card (automatic),93.3,4970.09,No
CUST-03812,Male,0,Yes,No,28,Yes,No,Fiber optic,Yes,No,No,No,Yes,Yes,One year,Yes,Bank transfer (automatic),31.8,826.21,No
CUST-03813,Female,0,No,Yes,35,Yes,No,No,No internet service,No internet service,No internet service,No internet service,No internet service,No internet service,One year,No,Electronic check,43.49,1583.39,No
CUST-03814,Male,1,Yes,Yes,2,Yes,Yes,No,No internet service,No internet service,No internet service,No internet service,No internet service,No internet service,One year,No,Credit card (automatic),43.0,83.14,No
CUST-03815,Male,0,No,No,61,Yes,No,Fiber optic,No,Yes,No,Yes,No,No,Month-to-month,No,Electronic check,78.42,4972.12,No
CUST-03816,Female,1,Yes,Yes,56,Yes,Yes,Fiber optic,No,No,Yes,Yes,No,Yes,Two year,Yes,Mailed check,74.93,3793.52,No
CUST-03817,Male,0,No,Yes,55,Yes,No,No,No internet service,No internet service,No internet service,No internet service,No internet service,No internet service,Month-to-month,No,Electronic check,30.16,1649.28,No
CUST-03818,Female,1,No,Yes,18,Yes,No,Fiber optic,No,No,No,No,Yes,No,Month-to-month,Yes,Bank transfer (automatic),62.77,1022.57,Yes
CUST-03819,Male,0,Yes,No,71,Yes,Yes,Fiber optic,No,No,Yes,No,Yes,No,One year,Yes,Bank transfer (automatic),20.52,1388.73,No
CUST-03820,Male,0,Yes,Yes,49,Yes,Yes,Fiber optic,No,Yes,Yes,Yes,Yes,No,Month-to-month,Yes,Mailed check,34.02,1718.45,No
CUST-03821,Male,0,No,No,42,Yes,No,DSL,No,No,No,Yes,Yes,No,Month-to-month,Yes,Electronic check,25.04,912.48,No
CUST-03822,Female,0,No,Yes,7,Yes,No,Fiber optic,Yes,Yes,No,Yes,No,Yes,Month-to-month,Yes,Mailed check,68.37,435.14,Yes
CUST-03823,Female,0,No,No,4,Yes,No,No,No internet service,No internet service,No internet service,No internet service,No internet service,No internet service,Two year,Yes,Credit card (automatic),24.36,89.73,No
CUST-03824,Male,0,Yes,No,43,Yes,Yes,Fiber optic,Yes,No,Yes,Yes,Yes,No,Two year,No,Credit card (automatic),115.03,4262.18,No
CUST-03825,Male,0,No,No,59,Yes,No,DSL,Yes,Yes,No,No,Yes,No,Two year,Yes,Bank transfer (automatic),81.88,4335.27,No
CUST-03826,Female,0,No,No,49,Yes,Yes,Fiber optic,No,Yes,Yes,Yes,Yes,Yes,Month-to-month,Yes,Electronic check,96.72,4088.09,Yes
CUST-03827,Female,0,No,No,60,Yes,Yes,Fiber optic,No,No,No,No,No,No,Month-to-month,Yes,Bank transfer (automatic),60.01,3272.49,No
CUST-03828,Male,0,No,No,6,Yes,Yes,No,No internet service,No internet service,No internet service,No internet service,No internet service,No internet service,One year,No,Mailed check,114.83,589.47,Yes
CUST-03829,Male,0,Yes,No,20,Yes,Yes,DSL,No,No,Yes,No,No,Yes,Two year,No,Bank transfer (automatic),97.04,1664.68,No
CUST-03830,Female,0,No,No,31,Yes,Yes,Fiber optic,No,No,No,No,No,Yes,Month-to-month,No,Electronic check,49.92,1388.1,Yes
CUST-03831,Female,0,Yes,No,22,Yes,Yes,Fiber optic,Yes,No,Yes,No,Yes,No,Month-to-month,No,Mailed check,30.34,617.92,No
CUST-03832,Female,0,Yes,No,32,Yes,Yes,No,No internet service,No internet service,No internet service,No internet service,No internet service,No internet service,Month-to-month,No,Mailed check,64.9,1930.72,No
CUST-03833,Female,1,No,No,47,Yes,No,Fiber optic,Yes,Yes,Yes,No,Yes,Yes,Month-to-month,No,Electronic check,74.14,3206.42,Yes
CUST-03834,Female,0,No,Yes,34,Yes,Yes,No,No internet service,No internet service,No internet service,No internet service,No internet service,No internet service,Month-to-month,Yes,Mailed check,72.23,2339.71,No
CUST-03835,Male,0,Yes,No,27,No,No phone service,DSL,Yes,Yes,Yes,No,No,Yes,Month-to-month,No,Electronic check,113.92,3176.28,No
CUST-03836,Female,0,No,No,44,Yes,No,DSL,No,No,No,Yes,Yes,No,Month-to-month,No,Electronic check,88.83,3680.21,Yes
CUST-03837,Male,0,Yes,No,30,Yes,No,Fiber optic,Yes,No,No,Yes,No,No,Two year,Yes,Bank transfer (automatic),65.44,1707.96,No
CUST-03838,Female,0,No,No,33,Yes,Yes,Fiber optic,Yes,No,No,Yes,No,No,Month-to-month,Yes,Credit card (automatic),90.66,2950.93,Yes
CUST-03839,Male,0,No,Yes,27,Yes,No,Fiber optic,Yes,No,No,Yes,No,Yes,Two year,Yes,Bank transfer (automatic),53.48,1503.31,No
CUST-03840,Female,0,Yes,No,56,Yes,No,DSL,No,No,No,No,Yes,Yes,Month-to-month,Yes,Credit card (automatic),99.53,4955.59,No
CUST-03841,Female,0,Yes,No,23,Yes,Yes,Fiber optic,No,Yes,Yes,Yes,Yes,No,One year,Yes,Electronic check,107.96,2206.77,No
CUST-03842,Male,0,Yes,Yes,43,Yes,No,Fiber optic,No,No,No,Yes,Yes,No,Two year,No,Electronic check,114.6,4436.35,No
CUST-03843,Male,0,Yes,No,54,Yes,Yes,Fiber optic,No,Yes,Yes,Yes,No,Yes,Month-to-month,Yes,Bank transfer (automatic),21.49,997.84,Yes
CUST-03844,Female,0,Yes,No,68,Yes,No,DSL,Yes,Yes,No,No,Yes,Yes,Month-to-month,Yes,Electronic check,47.52,3267.6,Yes
CUST-03845,Female,0,No,Yes,53,Yes,Yes,No,No internet service,No internet service,No internet service,No internet service,No internet service,No internet service,Two year,No,Bank transfer (automatic),34.86,1711.23,No
CUST-03846,Female,1,Yes,Yes,40,Yes,No,Fiber optic,No,No,No,No,No,No,Month-to-month,No,Mailed check,86.01,3457.32,Yes
CUST-03847,Female,0,No,Yes,60,Yes,Yes,DSL,Yes,No,No,No,Yes,No,Two year,No,Bank transfer (automatic),44.06,2578.12,No
CUST-03848,Female,0,Yes,No,9,Yes,Yes,Fiber optic,No,No,Yes,Yes,Yes,Yes,Month-to-month,No,Credit card (automatic),65.15,511.56,Yes
CUST-03849,Male,0,No,No,10,Yes,Yes,DSL,Yes,Yes,Yes,No,Yes,No,Month-to-month,Yes,Bank transfer (automatic),98.11,941.03,Yes
CUST-03850,Male,0,Yes,Yes,10,Yes,Yes,Fiber optic,Yes,No,No,Yes,Yes,No,Two year,No,Credit card (automatic),104.79,1040.82,No
CUST-03851,Female,0,Yes,No,30,No,No phone service,Fiber optic,Yes,Yes,Yes,Yes,No,No,Two year,Yes,Electronic check,79.68,2055.06,No
CUST-03852,Male,0,No,Yes,10,Yes,Yes,No,No internet service,No internet service,No internet service,No internet service,No internet service,No internet service,Month-to-month,No,Mailed check,64.03,598.17,No
CUST-03853,Male,0,Yes,No,58,Yes,No,No,No internet service,No internet service,No internet service,No internet service,No internet service,No internet service,Two year,Yes,Electronic check,24.48,1436.91,No
CUST-03854,Male,0,No,Yes,36,Yes,No,DSL,Yes,Yes,Yes,No,No,No,Month-to-month,Yes,Bank transfer (automatic),93.21,3511.61,No
CUST-03855,Female,0,No,No,44,Yes,Yes,DSL,No,Yes,Yes,Yes,No,Yes,Month-to-month,Yes,Electronic check,90.52,3941.57,Yes
CUST-03856,Male,0,No,No,57,Yes,Yes,DSL,No,Yes,No,Yes,Yes,Yes,Month-to-month,Yes,Credit card (automatic),42.06,2186.33,No
CUST-03857,Female,0,Yes,No,43,Yes,No,Fiber optic,No,Yes,No,Yes,No,No,Month-to-month,Yes,Bank transfer (automatic),92.37,3599.17,Yes
CUST-03858,Male,0,Yes,Yes,23,Yes,No,DSL,No,No,Yes,No,No,Yes,Month-to-month,Yes,Bank transfer (automatic),41.58,925.08,No
CUST-03859,Female,0,No,Yes,4,Yes,Yes,No,No internet service,No internet service,No internet service,No internet service,No internet service,No internet service,Month-to-month,Yes,Credit card (automatic),86.85,360.14,No
CUST-03860,Male,0,No,No,12,No,No phone service,Fiber optic,Yes,Yes,Yes,No,No,Yes,One year,Yes,Bank transfer (automatic),33.03,354.97,No
CUST-03861,Female,0,Yes,Yes,49,Yes,Yes,Fiber optic,No,No,No,No,No,No,One year,Yes,Bank transfer (automatic),111.05,4876.28,Yes
CUST-03862,Female,1,Yes,No,24,Yes,Yes,Fiber optic,No,No,No,No,Yes,No,One year,No,Credit card (automatic),58.6,1339.61,No
CUST-03863,Male,0,Yes,No,13,Yes,No,No,No internet service,No internet service,No internet service,No internet service,No internet service,No internet service,Month-to-month,Yes,Electronic check,79.5,997.47,No
CUST-03864,Female,0,No,No,68,Yes,Yes,DSL,Yes,Yes,Yes,No,No,No,Month-to-month,No,Electronic check,39.08,2756.75,No
CUST-03865,Female,0,Yes,No,72,Yes,Yes,Fiber optic,No,Yes,No,No,No,No,One year,Yes,Bank transfer (automatic),104.93,6909.89,No
CUST-03866,Female,1,No,No,34,Yes,No,Fiber optic,No,Yes,Yes,Yes,No,No,Month-to-month,Yes,Electronic check,116.76,3713.93,Yes
CUST-03867,Female,0,Yes,No,9,Yes,Yes,Fiber optic,No,Yes,No,No,No,Yes,Month-to-month,Yes,Mailed check,49.12,407.32,No
CUST-03868,Female,0,Yes,No,10,Yes,No,Fiber optic,Yes,No,No,Yes,No,Yes,One year,Yes,Bank transfer (automatic),38.85,387.23,No
CUST-03869,Female,0,Yes,No,65,Yes,Yes,DSL,No,Yes,No,Yes,No,Yes,Month-to-month,No,Bank transfer (automatic),72.75,4355.94,No
CUST-03870,Female,0,No,No,72,Yes,Yes,Fiber optic,Yes,Yes,Yes,Yes,Yes,Yes,Month-to-month,Yes,Electronic check,115.71,7806.8,No
CUST-03871,Female,0,Yes,Yes,54,Yes,Yes,No,No internet service,No internet service,No internet service,No internet service,No internet service,No internet service,Two year,Yes,Bank transfer (automatic),95.85,4777.0,No
CUST-03872,Male,0,Yes,No,43,Yes,No,DSL,No,No,Yes,No,Yes,Yes,Two year,No,Electronic check,118.34,4353.74,No
CUST-03873,Male,0,Yes,Yes,59,Yes,Yes,Fiber optic,Yes,Yes,Yes,No,Yes,No,Two year,No,Credit card (automatic),107.3,6067.33,No
CUST-03874,Female,0,Yes,No,59,Yes,No,DSL,No,No,No,Yes,No,No,Month-to-month,Yes,Credit card (automatic),88.02,4823.65,Yes
CUST-03875,Female,0,Yes,Yes,67,Yes,Yes,Fiber optic,Yes,No,Yes,No,No,Yes,Month-to-month,No,Bank transfer (automatic),36.83,2161.35,No
CUST-03876,Male,0,No,No,61,Yes,Yes,No,No internet service,No internet service,No internet service,No internet service,No internet service,No internet service,Month-to-month,Yes,Bank transfer (automatic),107.81,6379.98,No
CUST-03877,Male,0,No,No,38,Yes,Yes,Fiber optic,No,Yes,No,Yes,Yes,No,Month-to-month,Yes,Electronic check,79.82,2996.37,Yes
CUST-03878,Male,0,Yes,No,8,Yes,No,DSL,Yes,Yes,Yes,Yes,Yes,No,Two year,Yes,Mailed check,64.07,488.14,No
CUST-03879,Female,0,No,No,65,Yes,Yes,DSL,No,No,No,Yes,No,No,Month-to-month,Yes,Electronic check,69.05,4038.1,Yes
CUST-03880,Male,0,Yes,Yes,5,Yes,Yes,No,No internet service,No internet service,No internet service,No internet service,No internet service,No internet service,Two year,No,Bank transfer (automatic),116.32,556.46,No
CUST-03881,Female,0,Yes,No,43,Yes,Yes,DSL,No,No,Yes,No,No,No,Two year,Yes,Bank transfer (automatic),19.13,744.89,No
CUST-03882,Female,0,No,No,60,Yes,No,DSL,Yes,No,No,Yes,No,No,Two year,Yes,Electronic check,94.52,4990.82,No
CUST-03883,Male,0,No,No,26,Yes,No,Fiber optic,Yes,No,Yes,No,No,Yes,Month-to-month,Yes,Credit card (automatic),95.73,2163.6,No
CUST-03884,Female,0,No,No,11,Yes,Yes,DSL,No,No,No,No,No,No,One year,Yes,Credit card (automatic),27.72,269.49,No
CUST-03885,Female,0,Yes,No,34,Yes,No,No,No internet service,No internet service,No internet service,No internet service,No internet service,No internet service,Month-to-month,Yes,Electronic check,116.56,4114.14,Yes
CUST-03886,Female,0,Yes,No,2,Yes,No,DSL,No,Yes,No,No,Yes,Yes,Two year,Yes,Electronic check,68.55,124.48,No
CUST-03887,Female,0,No,No,21,Yes,Yes,Fiber optic,Yes,Yes,Yes,Yes,No,No,Month-to-month,No,Credit card (automatic),90.95,1868.37,No
CUST-03888,Male,0,No,Yes,26,Yes,No,DSL,No,No,Yes,Yes,No,No,Month-to-month,Yes,Mailed check,61.5,1603.4,Yes
CUST-03889,Male,0,Yes,No,5,Yes,No,Fiber optic,Yes,Yes,No,No,No,No,One year,No,Electronic check,50.3,242.22,No
CUST-03890,Female,0,No,No,9,Yes,No,Fiber optic,Yes,Yes,Yes,No,No,No,Month-to-month,Yes,Credit card (automatic),76.14,651.95,No
CUST-03891,Female,0,No,Yes,50,Yes,No,No,No internet service,No internet service,No internet service,No internet service,No internet service,No internet service,One year,Yes,Mailed check,109.0,5012.71,No
CUST-03892,Male,0,Yes,No,10,No,No phone service,Fiber optic,Yes,No,No,Yes,No,No,Month-to-month,Yes,Electronic check,83.3,742.21,Yes
CUST-03893,Female,0,No,Yes,58,Yes,No,DSL,No,Yes,No,No,Yes,Yes,Month-to-month,Yes,Mailed check,84.61,5053.37,No
CUST-03894,Male,0,No,Yes,10,Yes,Yes,DSL,No,No,Yes,No,Yes,No,Month-to-month,No,Credit card (automatic),50.3,487.83,No
CUST-03895,Female,1,Yes,No,36,Yes,Yes,No,No internet service,No internet service,No internet service,No internet service,No internet service,No internet service,Month-to-month,Yes,Mailed check,41.89,1325.05,Yes
CUST-03896,Female,0,No,No,56,Yes,Yes,Fiber optic,Yes,No,No,No,No,Yes,One year,No,Electronic check,82.06,4590.67,No
CUST-03897,Male,0,Yes,Yes,62,Yes,Yes,Fiber optic,Yes,Yes,Yes,No,No,No,One year,No,Electronic check,32.89,1772.19,No
CUST-03898,Male,0,Yes,No,37,Yes,No,No,No internet service,No internet service,No internet service,No internet service,No internet service,No internet service,Month-to-month,Yes,Bank transfer (automatic),63.54,2242.67,Yes
CUST-03899,Male,0,No,No,41,Yes,No,DSL,No,No,No,Yes,No,No,Month-to-month,Yes,Mailed check,43.48,1537.18,No
CUST-03900,Male,0,No,Yes,48,Yes,Yes,Fiber optic,No,No,Yes,No,Yes,Yes,Month-to-month,Yes,Electronic check,89.99,4082.95,Yes
CUST-03901,Female,0,No,No,22,Yes,No,DSL,Yes,Yes,Yes,Yes,No,No,Month-to-month,No,Credit card (automatic),72.59,1530.2,No
CUST-03902,Male,0,No,No,61,Yes,No,DSL,No,No,No,No,No,No,One year,Yes,Electronic check,28.23,1636.88,No
CUST-03903,Female,0,No,No,48,Yes,Yes,DSL,Yes,No,Yes,Yes,No,No,Month-to-month,No,Electronic check,75.11,3381.13,No
CUST-03904,Male,0,No,Yes,64,Yes,Yes,No,No internet service,No internet service,No internet service,No internet service,No internet service,No internet service,Two year,Yes,Mailed check,79.36,4564.96,No
CUST-03905,Male,0,Yes,No,37,Yes,Yes,Fiber optic,No,Yes,Yes,No,No,Yes,Month-to-month,No,Electronic check,47.65,1530.88,No
CUST-03906,Female,0,No,Yes,41,Yes,No,DSL,No,No,No,No,Yes,No,Two year,Yes,Credit card (automatic),51.75,2069.31,No
CUST-03907,Male,0,No,Yes,5,Yes,Yes,DSL,Yes,Yes,Yes,No,No,Yes,One year,Yes,Mailed check,107.23,472.29,Yes
CUST-03908,Male,1,Yes,No,52,Yes,Yes,DSL,No,Yes,Yes,Yes,No,No,One year,Yes,Bank transfer (automatic),29.41,1416.37,No
CUST-03909,Male,0,No,Yes,17,Yes,No,No,No internet service,No internet service,No internet service,No internet service,No internet service,No internet service,Two year,Yes,Electronic check,116.74,1978.99,No
CUST-03910,Male,0,No,Yes,62,Yes,Yes,Fiber optic,Yes,Yes,No,No,No,No,Two year,No,Credit card (automatic),39.81,2397.4,No
CUST-03911,Female,0,No,No,52,Yes,No,No,No internet service,No internet service,No internet service,No internet service,No internet service,No internet service,Month-to-month,No,Credit card (automatic),42.66,2272.85,No
CUST-03912,Female,0,Yes,No,20,Yes,No,No,No internet service,No internet service,No internet service,No internet service,No internet service,No internet service,Two year,Yes,Credit card (automatic),57.89,1141.8,No
CUST-03913,Male,0,No,Yes,16,Yes,Yes,No,No internet service,No internet service,No internet service,No internet service,No internet service,No internet service,Month-to-month,No,Bank transfer (automatic),114.7,1904.83,No
CUST-03914,Male,1,Yes,No,7,Yes,Yes,DSL,Yes,No,Yes,Yes,Yes,Yes,Month-to-month,Yes,Credit card (automatic),109.39,683.81,No
CUST-03915,Male,0,Yes,Yes,66,Yes,Yes,DSL,Yes,Yes,No,No,No,No,Month-to-month,Yes,Credit card (automatic),94.16,5333.67,No
CUST-03916,Female,1,No,No,12,Yes,Yes,Fiber optic,No,No,No,Yes,No,No,Two year,Yes,Electronic check,99.06,1029.25,Yes
CUST-03917,Female,0,No,Yes,43,Yes,No,Fiber optic,No,Yes,No,Yes,No,Yes,One year,Yes,Electronic check,71.21,2727.37,Yes
CUST-03918,Female,0,Yes,No,40,Yes,Yes,Fiber optic,No,Yes,No,Yes,Yes,No,Two year,Yes,Electronic check,110.31,3797.25,No
CUST-03919,Female,1,Yes,No,1,Yes,Yes,DSL,Yes,Yes,Yes,No,No,Yes,Two year,Yes,Credit card (automatic),30.99,27.98,No
CUST-03920,Male,0,No,Yes,58,No,No phone service,No,No internet service,No internet service,No internet service,No internet service,No internet service,No internet service,One year,Yes,Electronic check,73.29,4338.35,No
CUST-03921,Male,0,No,No,3,Yes,Yes,DSL,Yes,No,Yes,No,No,Yes,Month-to-month,Yes,Electronic check,101.79,275.59,Yes
CUST-03922,Male,0,No,No,8,Yes,Yes,DSL,No,Yes,Yes,Yes,No,No,Month-to-month,No,Credit card (automatic),76.13,617.09,Yes
CUST-03923,Female,1,No,No,61,Yes,No,Fiber optic,No,Yes,Yes,Yes,No,No,Month-to-month,Yes,Electronic check,101.09,5635.79,Yes
CUST-03924,Male,0,Yes,No,5,Yes,Yes,DSL,No,Yes,No,Yes,No,No,Month-to-month,Yes,Electronic check,35.04,164.26,No
CUST-03925,Female,1,Yes,No,26,Yes,No,DSL,Yes,No,Yes,No,No,Yes,Month-to-month,Yes,Credit card (automatic),21.93,581.88,No
CUST-03926,Female,0,Yes,No,17,No,No phone service,DSL,Yes,Yes,Yes,No,No,No,Month-to-month,Yes,Credit card (automatic),74.98,1209.05,No
CUST-03927,Male,0,Yes,No,66,No,No phone service,DSL,No,No,Yes,No,Yes,No,Month-to-month,No,Mailed check,89.11,5143.66,No
CUST-03928,Male,0,Yes,No,51,Yes,No,DSL,No,No,Yes,Yes,Yes,Yes,Two year,No,Electronic check,74.7,3512.42,No
CUST-03929,Male,0,Yes,No,47,Yes,No,DSL,No,No,No,No,No,No,Month-to-month,No,Electronic check,55.1,2622.76,Yes
CUST-03930,Female,1,No,No,40,No,No phone service,Fiber optic,Yes,No,No,Yes,Yes,Yes,Month-to-month,Yes,Electronic check,91.72,3170.46,No
CUST-03931,Female,0,Yes,No,27,Yes,Yes,Fiber optic,No,Yes,No,No,No,No,Two year,Yes,Credit card (automatic),112.88,3040.77,No
CUST-03932,Male,0,No,No,40,Yes,No,Fiber optic,No,No,No,No,No,No,Two year,Yes,Electronic check,76.13,3037.47,No
CUST-03933,Male,0,No,No,1,Yes,Yes,Fiber optic,No,Yes,Yes,Yes,No,Yes,Two year,Yes,Bank transfer (automatic),35.38,33.22,No
CUST-03934,Female,0,No,Yes,46,Yes,Yes,DSL,No,No,No,No,Yes,Yes,Month-to-month,No,Credit card (automatic),71.17,2796.02,No
CUST-03935,Male,0,No,No,11,Yes,Yes,DSL,Yes,Yes,No,Yes,Yes,Yes,Month-to-month,Yes,Bank transfer (automatic),94.57,935.06,Yes
CUST-03936,Female,1,No,No,39,Yes,Yes,No,No internet service,No internet service,No internet service,No internet service,No internet service,No internet service,One year,Yes,Mailed check,38.17,1347.0,No
CUST-03937,Female,1,Yes,No,18,Yes,Yes,Fiber optic,Yes,Yes,Yes,Yes,Yes,Yes,Month-to-month,Yes,Electronic check,63.23,1141.01,Yes
CUST-03938,Male,0,Yes,No,47,Yes,Yes,DSL,Yes,No,Yes,No,No,No,One year,No,Electronic check,86.18,3878.47,No
CUST-03939,Male,1,Yes,No,21,Yes,No,No,No internet service,No internet service,No internet service,No internet service,No internet service,No internet service,Month-to-month,Yes,Electronic check,26.04,501.51,No
CUST-03940,Male,1,Yes,No,28,Yes,Yes,Fiber optic,Yes,Yes,No,Yes,Yes,Yes,Month-to-month,Yes,Bank transfer (automatic),38.85,1058.64,No
CUST-03941,Male,0,No,No,1,Yes,Yes,DSL,No,Yes,No,No,Yes,Yes,One year,No,Mailed check,91.59,79.77,Yes
CUST-03942,Female,0,No,No,14,Yes,Yes,No,No internet service,No internet service,No internet service,No internet service,No internet service,No internet service,Two year,No,Bank transfer (automatic),49.93,733.36,No
CUST-03943,Female,1,No,Yes,20,Yes,Yes,Fiber optic,No,Yes,Yes,No,Yes,No,Two year,No,Electronic check,27.52,476.26,Yes
CUST-03944,Female,0,Yes,No,45,Yes,No,No,No internet service,No internet service,No internet service,No internet service,No internet service,No internet service,Two year,No,Credit card (automatic),94.01,4292.46,No
CUST-03945,Male,1,No,No,61,No,No phone service,DSL,No,No,No,No,No,No,Month-to-month,No,Bank transfer (automatic),39.27,2247.73,No
CUST-03946,Female,0,Yes,No,27,Yes,Yes,DSL,No,No,No,No,No,Yes,Two year,No,Bank transfer (automatic),28.46,789.57,No
CUST-03947,Male,0,No,No,56,Yes,Yes,Fiber optic,No,No,Yes,Yes,No,Yes,Two year,No,Electronic check,81.68,4069.87,No
CUST-03948,Male,0,Yes,No,52,Yes,No,DSL,Yes,Yes,Yes,Yes,Yes,Yes,Month-to-month,Yes,Mailed check,110.84,5534.05,No
CUST-03949,Male,0,Yes,Yes,68,Yes,Yes,DSL,Yes,No,Yes,No,No,No,One year,Yes,Electronic check,66.66,4391.64,No
CUST-03950,Male,0,Yes,No,37,Yes,Yes,No,No internet service,No internet service,No internet service,No internet service,No internet service,No internet service,Month-to-month,Yes,Credit card (automatic),40.81,1423.89,No
CUST-03951,Male,0,No,Yes,31,Yes,No,DSL,No,No,No,No,No,No,Month-to-month,No,Mailed check,77.35,2172.68,No
CUST-03952,Male,0,Yes,No,49,Yes,No,No,No internet service,No internet service,No internet service,No internet service,No internet service,No internet service,One year,Yes,Electronic check,82.82,4107.08,No
CUST-03953,Female,0,Yes,Yes,53,Yes,No,Fiber optic,Yes,No,Yes,No,No,No,Month-to-month,Yes,Credit card (automatic),113.67,5369.94,No
CUST-03954,Male,0,No,No,39,Yes,No,No,No internet service,No internet service,No internet service,No internet service,No internet service,No internet service,Two year,Yes,Electronic check,116.76,4108.68,No
CUST-03955,Female,1,No,No,10,Yes,No,Fiber optic,No,Yes,Yes,No,Yes,No,Month-to-month,Yes,Mailed check,52.97,493.95,No
CUST-03956,Female,0,Yes,Yes,9,Yes,Yes,Fiber optic,No,Yes,Yes,Yes,Yes,Yes,One year,No,Electronic check,93.06,851.02,No
CUST-03957,Male,0,No,No,13,Yes,Yes,DSL,No,No,Yes,Yes,No,Yes,Month-to-month,Yes,Electronic check,105.82,1171.53,No
CUST-03958,Male,0,Yes,Yes,18,Yes,Yes,Fiber optic,No,Yes,Yes,No,No,No,One year,No,Electronic check,83.02,1537.46,Yes
CUST-03959,Male,0,Yes,Yes,12,Yes,No,DSL,Yes,No,No,Yes,Yes,Yes,One year,No,Electronic check,104.82,1206.12,No
CUST-03960,Female,0,Yes,No,72,Yes,No,DSL,No,No,Yes,No,No,No,Month-to-month,Yes,Bank transfer (automatic),71.25,4457.63,No
CUST-03961,Male,0,Yes,No,5,Yes,Yes,DSL,No,No,Yes,No,No,No,Month-to-month,Yes,Mailed check,79.14,353.96,No
CUST-03962,Female,0,No,Yes,7,Yes,No,DSL,Yes,Yes,No,Yes,Yes,No,Month-to-month,Yes,Credit card (automatic),28.27,171.04,No
CUST-03963,Male,0,No,No,15,Yes,No,DSL,No,Yes,No,Yes,No,Yes,Two year,No,Bank transfer (automatic),56.96,802.99,No
CUST-03964,Male,0,Yes,No,67,Yes,No,Fiber optic,Yes,No,Yes,Yes,Yes,No,One year,No,Credit card (automatic),19.42,1110.87,Yes
CUST-03965,Female,1,No,Yes,18,Yes,Yes,DSL,Yes,No,Yes,Yes,Yes,Yes,Two year,Yes,Electronic check,94.12,1669.06,No
CUST-03966,Female,0,No,No,38,Yes,No,DSL,Yes,No,No,Yes,Yes,No,One year,No,Electronic check,58.91,1955.86,No
CUST-03967,Male,1,Yes,No,26,Yes,Yes,No,No internet service,No internet service,No internet service,No internet service,No internet service,No internet service,Month-to-month,Yes,Mailed check,109.68,2540.54,Yes
CUST-03968,Female,1,Yes,No,38,Yes,Yes,Fiber optic,No,Yes,Yes,No,No,No,Month-to-month,Yes,Credit card (automatic),28.58,926.31,No
CUST-03969,Female,1,No,No,59,Yes,No,No,No internet service,No internet service,No internet service,No internet service,No internet service,No internet service,Month-to-month,No,Mailed check,20.24,1071.02,No
CUST-03970,Female,1,No,No,52,No,No phone service,No,No internet service,No internet service,No internet service,No internet service,No internet service,No internet service,Month-to-month,No,Mailed check,56.25,2508.22,No
CUST-03971,Female,0,No,No,33,Yes,No,DSL,Yes,Yes,No,No,Yes,No,Month-to-month,Yes,Mailed check,117.3,3364.5,No
CUST-03972,Female,0,No,No,21,Yes,No,No,No internet service,No internet service,No internet service,No internet service,No internet service,No internet service,Two year,No,Bank transfer (automatic),116.97,2560.6,No
CUST-03973,Male,0,Yes,No,17,Yes,Yes,DSL,Yes,No,No,Yes,No,No,One year,No,Mailed check,87.33,1288.64,No
CUST-03974,Male,0,No,Yes,62,Yes,No,No,No internet service,No internet service,No internet service,No internet service,No internet service,No internet service,Month-to-month,No,Mailed check,43.86,2738.9,No
CUST-03975,Female,0,Yes,No,59,Yes,Yes,Fiber optic,Yes,No,No,No,No,No,Month-to-month,Yes,Mailed check,67.0,3869.72,No
CUST-03976,Male,0,No,No,2,Yes,No,Fiber optic,Yes,Yes,No,No,No,No,Month-to-month,No,Mailed check,117.52,213.54,No
CUST-03977,Male,1,No,No,64,Yes,Yes,Fiber optic,Yes,No,No,No,Yes,Yes,Month-to-month,No,Bank transfer (automatic),99.45,6505.5,No
CUST-03978,Female,1,Yes,No,25,Yes,Yes,No,No internet service,No internet service,No internet service,No internet service,No internet service,No internet service,Month-to-month,No,Electronic check,86.14,2035.0,Yes
CUST-03979,Male,0,Yes,No,41,Yes,No,Fiber optic,No,Yes,No,No,Yes,Yes,One year,Yes,Mailed check,112.75,4202.11,No
CUST-03980,Female,0,No,Yes,19,Yes,Yes,Fiber optic,No,No,No,Yes,No,No,Two year,Yes,Bank transfer (automatic),88.87,1704.63,No
CUST-03981,Female,1,Yes,No,38,Yes,Yes,DSL,No,Yes,No,No,No,Yes,Month-to-month,No,Mailed check,48.14,1809.51,Yes
CUST-03982,Male,0,No,Yes,25,Yes,Yes,No,No internet service,No internet service,No internet service,No internet service,No internet service,No internet service,Month-to-month,Yes,Mailed check,75.42,1632.84,No
CUST-03983,Female,0,No,No,39,Yes,No,DSL,No,No,No,Yes,No,No,Month-to-month,Yes,Mailed check,45.28,1617.43,No
CUST-03984,Female,0,No,No,4,Yes,Yes,Fiber optic,Yes,No,No,No,No,Yes,Month-to-month,Yes,Mailed check,75.83,298.16,Yes
CUST-03985,Female,0,Yes,Yes,3,Yes,No,Fiber optic,Yes,No,Yes,No,Yes,Yes,One year,No,Mailed check,116.1,313.89,No
CUST-03986,Female,0,No,No,34,Yes,No,Fiber optic,No,Yes,No,No,Yes,No,Month-to-month,Yes,Electronic check,69.63,2303.51,Yes
CUST-03987,Female,1,No,No,10,Yes,Yes,Fiber optic,No,Yes,Yes,No,Yes,Yes,Two year,No,Mailed check,69.63,633.96,No
CUST-03988,Male,0,No,No,27,No,No phone service,Fiber optic,Yes,No,No,Yes,No,No,Month-to-month,Yes,Bank transfer (automatic),46.88,1128.4,Yes
CUST-03989,Male,0,No,Yes,1,Yes,No,No,No internet service,No internet service,No internet service,No internet service,No internet service,No internet service,Two year,No,Electronic check,41.01,37.77,No
CUST-03990,Female,0,No,No,44,Yes,Yes,DSL,No,Yes,No,No,No,Yes,Two year,Yes,Bank transfer (automatic),29.18,1184.0,No
CUST-03991,Female,0,No,No,52,Yes,No,No,No internet service,No internet service,No internet service,No internet service,No internet service,No internet service,Month-to-month,No,Credit card (automatic),85.46,4360.4,Yes
CUST-03992,Male,1,Yes,No,25,Yes,No,No,No internet service,No internet service,No internet service,No internet service,No internet service,No internet service,Month-to-month,No,Mailed check,75.73,1833.01,Yes
CUST-03993,Female,0,No,No,65,Yes,No,No,No internet service,No internet service,No internet service,No internet service,No internet service,No internet service,One year,Yes,Mailed check,70.53,4294.59,No
CUST-03994,Male,0,Yes,No,11,Yes,Yes,No,No internet service,No internet service,No internet service,No internet service,No internet service,No internet service,One year,Yes,Electronic check,113.52,1248.02,No
CUST-03995,Female,0,Yes,No,68,No,No phone service,Fiber optic,No,No,No,Yes,No,Yes,Month-to-month,Yes,Bank transfer (automatic),83.47,5804.46,No
CUST-03996,Female,0,Yes,No,15,Yes,Yes,DSL,No,Yes,No,No,Yes,No,Month-to-month,Yes,Mailed check,54.75,711.58,No
CUST-03997,Female,0,No,No,57,Yes,Yes,Fiber optic,No,No,Yes,Yes,Yes,Yes,One year,Yes,Bank transfer (automatic),44.23,2464.5,No
CUST-03998,Female,0,No,No,64,Yes,Yes,Fiber optic,No,No,No,Yes,No,No,One year,Yes,Electronic check,66.6,4230.53,No
CUST-03999,Female,0,No,No,11,Yes,Yes,No,No internet service,No internet service,No internet service,No internet service,No internet service,No internet service,Month-to-month,No,Electronic check,50.95,525.52,Yes
CUST-04000,Female,0,Yes,No,20,Yes,No,Fiber optic,Yes,Yes,No,Yes,Yes,Yes,Two year,No,Electronic check,52.56,905.46,No
CUST-04001,Female,0,Yes,No,30,Yes,Yes,No,No internet service,No internet service,No internet service,No internet service,No internet service,No internet service,One year,Yes,Electronic check,88.46,2488.7,No
CUST-04002,Male,1,Yes,No,10,No,No phone service,Fiber optic,No,No,Yes,No,No,No,Month-to-month,Yes,Credit card (automatic),47.61,487.81,Yes
CUST-04003,Male,1,No,No,54,Yes,No,DSL,No,Yes,No,No,No,Yes,Month-to-month,Yes,Bank transfer (automatic),19.57,932.36,No
CUST-04004,Male,0,Yes,No,58,Yes,Yes,DSL,No,No,No,No,Yes,No,Month-to-month,Yes,Credit card (automatic),53.83,2881.39,No
CUST-04005,Female,0,Yes,Yes,29,Yes,Yes,Fiber optic,Yes,No,No,Yes,Yes,No,Month-to-month,Yes,Electronic check,113.07,3274.36,Yes
CUST-04006,Female,0,Yes,No,1,Yes,No,DSL,Yes,Yes,No,Yes,Yes,No,Month-to-month,Yes,Electronic check,85.16,87.29,No
CUST-04007,Female,1,No,Yes,58,Yes,Yes,DSL,No,No,Yes,No,Yes,Yes,Month-to-month,Yes,Credit card (automatic),70.64,4231.63,No
CUST-04008,Female,0,No,Yes,21,Yes,Yes,Fiber optic,No,No,No,Yes,No,Yes,Month-to-month,No,Electronic check,63.03,1331.03,Yes
CUST-04009,Female,0,No,Yes,15,Yes,Yes,No,No internet service,No internet service,No internet service,No internet service,No internet service,No internet service,Month-to-month,No,Mailed check,104.31,1515.95,No
CUST-04010,Female,0,Yes,No,67,Yes,No,Fiber optic,No,Yes,No,No,Yes,No,Month-to-month,Yes,Bank transfer (automatic),30.61,1886.57,Yes
CUST-04011,Female,0,Yes,No,33,Yes,No,No,No internet service,No internet service,No internet service,No internet service,No internet service,No internet service,Month-to-month,Yes,Electronic check,49.46,1546.44,No
CUST-04012,Male,0,Yes,Yes,38,Yes,No,DSL,Yes,No,Yes,Yes,Yes,Yes,Month-to-month,Yes,Bank transfer (automatic),75.87,2455.34,No
CUST-04013,Female,0,Yes,No,19,Yes,No,DSL,No,Yes,Yes,No,Yes,No,Month-to-month,Yes,Credit card (automatic),85.9,1501.62,Yes
CUST-04014,Male,0,Yes,Yes,4,Yes,Yes,Fiber optic,Yes,No,Yes,Yes,No,Yes,Month-to-month,No,Mailed check,50.52,201.07,Yes
CUST-04015,Male,0,Yes,No,58,Yes,No,No,No internet service,No internet service,No internet service,No internet service,No internet service,No internet service,Month-to-month,Yes,Bank transfer (automatic),100.14,5698.22,No
CUST-04016,Female,0,Yes,No,70,Yes,No,Fiber optic,Yes,Yes,Yes,Yes,Yes,Yes,Two year,Yes,Mailed check,50.61,3017.14,No
CUST-04017,Female,0,Yes,Yes,12,Yes,No,DSL,No,No,Yes,Yes,No,Yes,Month-to-month,Yes,Bank transfer (automatic),21.26,244.78,No
CUST-04018,Male,0,Yes,Yes,17,Yes,No,Fiber optic,No,Yes,No,No,No,No,Month-to-month,Yes,Mailed check,69.94,1012.38,Yes
CUST-04019,Male,0,No,No,1,Yes,No,No,No internet service,No internet service,No internet service,No internet service,No internet service,No internet service,Month-to-month,No,Electronic check,119.5,110.26,No
CUST-04020,Female,1,No,No,14,Yes,Yes,DSL,Yes,Yes,Yes,No,No,Yes,Month-to-month,Yes,Electronic check,51.76,759.51,Yes
CUST-04021,Female,0,No,Yes,2,Yes,No,DSL,Yes,No,No,No,No,No,Two year,No,Electronic check,50.21,93.58,No
CUST-04022,Male,0,Yes,No,4,Yes,Yes,Fiber optic,No,No,No,Yes,No,No,Month-to-month,Yes,Credit card (automatic),67.68,278.46,No
CUST-04023,Female,0,Yes,No,66,Yes,No,DSL,Yes,No,No,Yes,No,Yes,Month-to-month,No,Mailed check,36.28,2042.94,No
CUST-04024,Female,1,No,No,46,Yes,No,Fiber optic,No,Yes,Yes,No,Yes,Yes,Month-to-month,Yes,Credit card (automatic),79.39,3629.81,No
CUST-04025,Female,0,Yes,No,50,Yes,Yes,DSL,Yes,No,Yes,No,No,No,Month-to-month,No,Electronic check,60.97,2869.79,Yes
CUST-04026,Male,0,No,No,60,No,No phone service,DSL,Yes,No,Yes,No,Yes,No,One year,Yes,Bank transfer (automatic),59.09,3401.4,No
CUST-04027,Male,1,No,No,52,Yes,Yes,Fiber optic,Yes,No,No,Yes,Yes,Yes,Month-to-month,Yes,Mailed check,89.61,4885.91,Yes
CUST-04028,Male,0,No,No,48,Yes,No,DSL,No,Yes,Yes,No,No,Yes,Month-to-month,No,Electronic check,36.98,1617.16,No
CUST-04029,Female,0,No,No,39,Yes,Yes,DSL,Yes,Yes,No,Yes,No,No,One year,Yes,Mailed check,119.86,4779.23,No
CUST-04030,Female,0,No,Yes,70,Yes,No,No,No internet service,No internet service,No internet service,No internet service,No internet service,No internet service,Month-to-month,Yes,Mailed check,73.83,5339.72,Yes
CUST-04031,Male,0,No,No,60,Yes,Yes,DSL,No,Yes,Yes,No,Yes,Yes,Month-to-month,Yes,Electronic check,36.2,1975.49,Yes
CUST-04032,Male,1,Yes,Yes,30,Yes,No,Fiber optic,No,Yes,Yes,No,No,No,Month-to-month,Yes,Electronic check,26.46,682.27,Yes
CUST-04033,Male,0,Yes,Yes,27,Yes,Yes,No,No internet service,No internet service,No internet service,No internet service,No internet service,No internet service,Month-to-month,Yes,Credit card (automatic),94.87,2579.99,No
CUST-04034,Female,0,Yes,No,55,Yes,No,DSL,Yes,No,No,No,Yes,No,One year,Yes,Bank transfer (automatic),41.53,2367.96,No
CUST-04035,Male,0,Yes,No,70,Yes,No,DSL,Yes,Yes,No,No,Yes,Yes,One year,Yes,Bank transfer (automatic),93.48,6187.11,No
CUST-04036,Male,0,Yes,Yes,26,Yes,Yes,Fiber optic,No,No,Yes,No,No,Yes,Month-to-month,No,Credit card (automatic),91.46,2437.31,No
CUST-04037,Female,0,Yes,No,42,No,No phone service,DSL,Yes,Yes,Yes,Yes,Yes,Yes,Month-to-month,Yes,Electronic check,119.67,4494.13,No
CUST-04038,Female,0,No,No,67,Yes,Yes,Fiber optic,Yes,No,No,Yes,Yes,Yes,Two year,No,Mailed check,27.1,1818.21,No
CUST-04039,Female,0,Yes,No,67,Yes,Yes,No,No internet service,No internet service,No internet service,No internet service,No internet service,No internet service,Month-to-month,No,Credit card (automatic),74.15,4921.74,No
CUST-04040,Male,0,Yes,Yes,52,Yes,No,DSL,No,Yes,No,No,No,No,Month-to-month,Yes,Mailed check,89.09,4426.47,No
CUST-04041,Female,0,Yes,No,6,No,No phone service,Fiber optic,Yes,No,No,Yes,No,Yes,Month-to-month,Yes,Mailed check,37.65,206.43,No
CUST-04042,Female,0,No,No,10,Yes,Yes,No,No internet service,No internet service,No internet service,No internet service,No internet service,No internet service,Month-to-month,Yes,Electronic check,97.34,876.18,No
CUST-04043,Male,0,Yes,No,38,Yes,No,DSL,No,Yes,Yes,No,No,No,Month-to-month,No,Bank transfer (automatic),70.81,2673.97,No
CUST-04044,Female,0,No,No,12,Yes,Yes,DSL,No,Yes,No,No,No,No,Month-to-month,Yes,Bank transfer (automatic),56.08,648.87,No
CUST-04045,Male,0,No,No,46,Yes,Yes,Fiber optic,No,No,Yes,No,Yes,No,One year,No,Electronic check,55.0,2587.31,No
CUST-04046,Male,0,No,No,49,Yes,Yes,No,No internet service,No internet service,No internet service,No internet service,No internet service,No internet service,Month-to-month,No,Bank transfer (automatic),55.3,2747.88,Yes
CUST-04047,Female,0,Yes,No,72,Yes,No,DSL,No,Yes,Yes,Yes,No,No,Two year,No,Mailed check,97.04,6184.49,No
CUST-04048,Female,0,No,No,63,Yes,Yes,DSL,Yes,No,No,No,No,No,Month-to-month,No,Mailed check,115.99,6524.64,No
CUST-04049,Female,0,No,No,69,No,No phone service,DSL,No,Yes,Yes,No,Yes,No,Month-to-month,Yes,Bank transfer (automatic),84.91,6086.04,No
CUST-04050,Female,1,Yes,Yes,43,Yes,No,Fiber optic,No,No,No,Yes,Yes,Yes,Month-to-month,No,Electronic check,40.42,1608.19,Yes
CUST-04051,Female,0,Yes,No,60,Yes,No,DSL,Yes,No,Yes,No,Yes,No,Month-to-month,No,Electronic check,30.36,1747.73,Yes
CUST-04052,Female,0,Yes,No,29,Yes,No,Fiber optic,No,No,Yes,Yes,No,No,Month-to-month,Yes,Credit card (automatic),26.55,719.56,No
CUST-04053,Male,0,No,Yes,11,Yes,No,Fiber optic,No,No,No,Yes,Yes,No,Month-to-month,No,Electronic check,75.59,800.59,Yes
CUST-04054,Male,0,Yes,No,35,Yes,No,No,No internet service,No internet service,No internet service,No internet service,No internet service,No internet service,Month-to-month,Yes,Bank transfer (automatic),108.58,3743.56,Yes
CUST-04055,Female,0,No,No,23,Yes,Yes,No,No internet service,No internet service,No internet service,No internet service,No internet service,No internet service,Month-to-month,Yes,Credit card (automatic),59.9,1271.41,No
CUST-04056,Male,1,Yes,No,72,Yes,Yes,No,No internet service,No internet service,No internet service,No internet service,No internet service,No internet service,Two year,Yes,Bank transfer (automatic),33.37,2201.68,No
CUST-04057,Female,0,No,Yes,21,Yes,Yes,DSL,Yes,No,No,Yes,Yes,No,Two year,No,Bank transfer (automatic),63.37,1356.06,No
CUST-04058,Male,0,No,No,37,Yes,No,DSL,No,Yes,Yes,Yes,No,No,Two year,No,Mailed check,98.94,3563.93,No
CUST-04059,Male,0,Yes,No,28,Yes,Yes,Fiber optic,No,Yes,Yes,No,No,No,Two year,Yes,Credit card (automatic),97.42,2784.24,Yes
CUST-04060,Male,0,Yes,No,58,Yes,No,Fiber optic,Yes,No,No,No,No,Yes,Month-to-month,Yes,Bank transfer (automatic),58.45,3470.58,No
CUST-04061,Female,0,Yes,Yes,53,Yes,No,Fiber optic,Yes,No,Yes,Yes,Yes,No,Month-to-month,Yes,Mailed check,67.07,3136.43,No
CUST-04062,Male,0,Yes,No,28,Yes,Yes,DSL,Yes,Yes,No,No,No,Yes,Month-to-month,No,Mailed check,82.39,2330.27,No
CUST-04063,Female,0,No,No,42,Yes,Yes,Fiber optic,No,Yes,No,No,No,Yes,Two year,No,Bank transfer (automatic),70.24,3038.75,No
CUST-04064,Male,0,Yes,No,61,Yes,Yes,DSL,Yes,No,No,No,No,No,Month-to-month,No,Bank transfer (automatic),42.8,2448.35,No
CUST-04065,Male,0,No,Yes,33,Yes,Yes,Fiber optic,Yes,Yes,No,Yes,No,Yes,Month-to-month,No,Electronic check,96.95,3042.56,Yes
CUST-04066,Male,0,Yes,No,55,Yes,Yes,DSL,No,No,Yes,Yes,Yes,Yes,Month-to-month,No,Credit card (automatic),62.63,3186.53,No
CUST-04067,Male,0,Yes,No,37,Yes,No,No,No internet service,No internet service,No internet service,No internet service,No internet service,No internet service,Month-to-month,Yes,Electronic check,53.04,1727.24,No
CUST-04068,Male,0,No,Yes,47,Yes,No,DSL,Yes,Yes,Yes,Yes,No,No,One year,Yes,Mailed check,46.72,2100.83,No
CUST-04069,Female,0,No,Yes,36,Yes,No,No,No internet service,No internet service,No internet service,No internet service,No internet service,No internet service,One year,Yes,Electronic check,107.55,3599.01,No
CUST-04070,Female,1,Yes,Yes,28,Yes,Yes,No,No internet service,No internet service,No internet service,No internet service,No internet service,No internet service,Two year,Yes,Mailed check,48.42,1375.5,No
CUST-04071,Male,0,No,Yes,10,Yes,No,Fiber optic,Yes,Yes,Yes,No,No,Yes,Month-to-month,Yes,Electronic check,89.58,848.42,Yes
CUST-04072,Male,1,Yes,No,23,Yes,Yes,No,No internet service,No internet service,No internet service,No internet service,No internet service,No internet service,Month-to-month,No,Electronic check,48.7,1166.38,No
CUST-04073,Male,1,No,No,5,Yes,No,DSL,Yes,No,No,No,Yes,Yes,One year,No,Mailed check,43.25,215.67,No
CUST-04074,Male,1,Yes,Yes,6,Yes,Yes,Fiber optic,No,No,Yes,Yes,Yes,Yes,Month-to-month,Yes,Mailed check,60.64,326.2,No
CUST-04075,Female,0,Yes,No,42,Yes,No,No,No internet service,No internet service,No internet service,No internet service,No internet service,No internet service,Month-to-month,No,Electronic check,114.13,4460.38,No
CUST-04076,Male,0,No,No,47,No,No phone service,DSL,No,No,No,Yes,No,Yes,One year,Yes,Credit card (automatic),102.51,4686.02,No
CUST-04077,Female,0,Yes,Yes,28,Yes,No,Fiber optic,Yes,No,Yes,No,Yes,No,Month-to-month,No,Mailed check,46.28,1136.37,No
CUST-04078,Male,0,Yes,No,13,Yes,No,Fiber optic,Yes,No,No,Yes,No,No,Month-to-month,No,Bank transfer (automatic),54.93,679.6,Yes
CUST-04079,Female,0,Yes,Yes,25,Yes,Yes,Fiber optic,No,Yes,Yes,No,Yes,No,Month-to-month,No,Credit card (automatic),80.03,2048.19,No
CUST-04080,Male,0,No,No,7,Yes,No,No,No internet service,No internet service,No internet service,No internet service,No internet service,No internet service,Month-to-month,Yes,Credit card (automatic),61.6,381.58,Yes
CUST-04081,Male,0,No,Yes,66,Yes,No,Fiber optic,No,No,No,Yes,No,No,One year,Yes,Bank transfer (automatic),106.96,6119.75,No
CUST-04082,Female,0,No,No,58,Yes,No,DSL,No,No,Yes,No,No,Yes,Month-to-month,Yes,Electronic check,73.94,4071.46,Yes
CUST-04083,Male,1,No,Yes,66,Yes,No,No,No internet service,No internet service,No internet service,No internet service,No internet service,No internet service,One year,No,Bank transfer (automatic),105.93,7188.49,No
CUST-04084,Male,1,No,No,36,Yes,No,DSL,No,No,No,Yes,No,No,Two year,No,Electronic check,44.07,1571.6,No
CUST-04085,Male,1,Yes,No,2,Yes,Yes,No,No internet service,No internet service,No internet service,No internet service,No internet service,No internet service,Two year,Yes,Mailed check,87.85,169.53,No
CUST-04086,Female,0,Yes,No,38,Yes,No,No,No internet service,No internet service,No internet service,No internet service,No internet service,No internet service,Month-to-month,Yes,Credit card (automatic),60.13,2022.13,No
CUST-04087,Male,1,No,No,14,Yes,No,No,No internet service,No internet service,No internet service,No internet service,No internet service,No internet service,One year,Yes,Electronic check,28.78,402.34,No
CUST-04088,Male,0,Yes,Yes,27,Yes,No,Fiber optic,No,No,No,No,Yes,Yes,One year,No,Bank transfer (automatic),56.96,1514.66,Yes
CUST-04089,Female,0,Yes,No,15,Yes,Yes,Fiber optic,No,Yes,Yes,No,Yes,No,Month-to-month,Yes,Electronic check,52.67,822.9,No
CUST-04090,Female,0,No,No,12,Yes,No,Fiber optic,No,Yes,Yes,No,No,Yes,Month-to-month,Yes,Electronic check,50.81,533.35,Yes
CUST-04091,Female,1,No,No,43,Yes,Yes,Fiber optic,No,Yes,Yes,Yes,No,Yes,Two year,Yes,Electronic check,81.99,3229.58,No
CUST-04092,Male,1,Yes,Yes,57,Yes,No,DSL,No,No,Yes,Yes,Yes,No,One year,Yes,Mailed check,59.42,3206.37,No
CUST-04093,Male,0,Yes,Yes,48,Yes,Yes,DSL,Yes,No,No,No,Yes,No,One year,Yes,Credit card (automatic),29.45,1382.61,No
CUST-04094,Male,0,No,No,61,Yes,Yes,Fiber optic,No,No,No,No,No,No,Month-to-month,No,Mailed check,39.49,2273.93,No
CUST-04095,Female,0,No,Yes,44,Yes,Yes,Fiber optic,Yes,No,Yes,Yes,Yes,No,Month-to-month,Yes,Mailed check,69.8,2849.47,Yes
CUST-04096,Male,0,Yes,No,52,Yes,Yes,Fiber optic,Yes,No,No,No,No,Yes,Month-to-month,No,Electronic check,70.72,3397.65,No
CUST-04097,Male,1,Yes,Yes,62,No,No phone service,Fiber optic,Yes,Yes,Yes,No,No,Yes,Month-to-month,No,Electronic check,21.77,1173.16,Yes
CUST-04098,Female,1,No,No,2,Yes,Yes,Fiber optic,No,Yes,No,No,No,Yes,Month-to-month,No,Credit card (automatic),35.87,66.85,No
CUST-04099,Female,0,Yes,No,71,Yes,No,Fiber optic,Yes,No,No,No,Yes,Yes,Month-to-month,Yes,Electronic check,85.03,5435.3,Yes
CUST-04100,Female,0,No,Yes,31,Yes,No,DSL,Yes,No,No,No,Yes,Yes,Month-to-month,No,Electronic check,54.08,1522.71,No
CUST-04101,Female,0,Yes,No,72,Yes,Yes,Fiber optic,No,Yes,Yes,No,Yes,No,Two year,No,Mailed check,52.17,3195.28,No
CUST-04102,Female,0,Yes,No,33,Yes,Yes,DSL,No,No,Yes,Yes,Yes,Yes,One year,No,Mailed check,22.77,644.13,No
CUST-04103,Male,0,Yes,No,5,Yes,No,Fiber optic,No,Yes,Yes,Yes,Yes,No,Month-to-month,Yes,Electronic check,57.54,260.93,No
CUST-04104,Female,0,No,No,58,Yes,Yes,DSL,Yes,No,No,No,No,No,Month-to-month,Yes,Electronic check,23.99,1235.9,Yes
CUST-04105,Male,0,No,Yes,11,Yes,No,Fiber optic,Yes,Yes,Yes,No,No,Yes,Month-to-month,Yes,Credit card (automatic),46.82,495.24,No
CUST-04106,Male,0,Yes,Yes,23,Yes,Yes,DSL,Yes,No,No,No,No,Yes,Month-to-month,Yes,Electronic check,29.57,647.85,No
CUST-04107,Female,0,No,No,45,Yes,No,DSL,No,Yes,Yes,Yes,No,Yes,Month-to-month,No,Bank transfer (automatic),103.46,4752.65,No
CUST-04108,Female,0,Yes,No,27,Yes,Yes,No,No internet service,No internet service,No internet service,No internet service,No internet service,No internet service,Two year,Yes,Electronic check,38.23,890.04,No
CUST-04109,Female,0,No,No,56,Yes,Yes,DSL,Yes,No,No,No,No,Yes,Two year,No,Credit card (automatic),30.87,1707.04,No
CUST-04110,Male,0,Yes,Yes,59,Yes,No,Fiber optic,No,No,Yes,No,No,Yes,Two year,Yes,Mailed check,104.6,6368.01,No
CUST-04111,Female,0,No,No,40,Yes,No,No,No internet service,No internet service,No internet service,No internet service,No internet service,No internet service,Month-to-month,Yes,Electronic check,81.43,3171.88,Yes
CUST-04112,Female,1,Yes,No,18,Yes,Yes,Fiber optic,Yes,Yes,Yes,Yes,Yes,Yes,Month-to-month,No,Mailed check,115.01,2111.61,No
CUST-04113,Female,0,No,Yes,51,Yes,No,Fiber optic,No,No,Yes,Yes,Yes,Yes,One year,Yes,Credit card (automatic),81.95,4032.15,No
CUST-04114,Female,1,No,No,61,Yes,Yes,No,No internet service,No internet service,No internet service,No internet service,No internet service,No internet service,One year,Yes,Electronic check,86.98,5335.04,No
CUST-04115,Female,1,Yes,No,23,No,No phone service,DSL,Yes,No,No,No,Yes,No,Month-to-month,No,Mailed check,54.86,1089.4,Yes
CUST-04116,Male,0,Yes,No,36,Yes,Yes,Fiber optic,Yes,No,No,No,No,Yes,Month-to-month,Yes,Bank transfer (automatic),94.06,2990.81,Yes
CUST-04117,Male,0,Yes,No,38,Yes,Yes,DSL,No,Yes,Yes,No,Yes,No,Month-to-month,No,Electronic check,77.39,2552.55,No
CUST-04118,Male,0,No,No,72,No,No phone service,DSL,No,Yes,No,Yes,Yes,Yes,Two year,No,Electronic check,34.21,2542.78,No
CUST-04119,Female,1,Yes,Yes,56,Yes,Yes,DSL,No,Yes,Yes,No,Yes,Yes,Month-to-month,Yes,Electronic check,33.85,1827.01,Yes
CUST-04120,Female,1,No,No,39,Yes,Yes,Fiber optic,No,Yes,No,No,No,Yes,Month-to-month,Yes,Mailed check,83.63,2995.33,No
CUST-04121,Female,0,No,Yes,69,Yes,No,No,No internet service,No internet service,No internet service,No internet service,No internet service,No internet service,Two year,Yes,Credit card (automatic),45.76,3019.94,No
CUST-04122,Male,0,Yes,No,28,Yes,No,No,No internet service,No internet service,No internet service,No internet service,No internet service,No internet service,Month-to-month,Yes,Mailed check,73.48,1752.59,Yes
CUST-04123,Female,0,Yes,No,21,Yes,Yes,Fiber optic,No,No,No,No,No,No,One year,Yes,Electronic check,37.63,781.22,No
CUST-04124,Female,0,No,No,62,Yes,Yes,Fiber optic,No,No,Yes,Yes,Yes,No,Month-to-month,Yes,Mailed check,60.77,3400.65,No
CUST-04125,Female,0,No,No,23,Yes,Yes,Fiber optic,No,No,No,No,Yes,No,Month-to-month,Yes,Credit card (automatic),105.97,2191.88,Yes
CUST-04126,Male,0,No,No,21,Yes,Yes,No,No internet service,No internet service,No internet service,No internet service,No internet service,No internet service,Month-to-month,Yes,Bank transfer (automatic),88.45,1669.46,Yes
CUST-04127,Female,0,Yes,Yes,16,Yes,No,DSL,No,Yes,Yes,No,No,Yes,Two year,Yes,Electronic check,67.71,988.04,No
CUST-04128,Male,0,Yes,Yes,62,Yes,Yes,DSL,No,Yes,Yes,No,Yes,No,Month-to-month,No,Electronic check,68.13,4151.4,Yes
CUST-04129,Female,0,No,No,65,Yes,No,Fiber optic,No,Yes,No,Yes,No,No,One year,No,Mailed check,57.51,3642.94,No
CUST-04130,Male,0,No,No,5,Yes,Yes,Fiber optic,No,No,No,Yes,Yes,No,Two year,Yes,Electronic check,84.53,409.52,No
CUST-04131,Male,1,No,No,46,Yes,No,Fiber optic,No,No,Yes,No,Yes,No,Month-to-month,Yes,Mailed check,37.21,1558.86,Yes
CUST-04132,Male,0,Yes,No,64,Yes,No,Fiber optic,No,No,Yes,Yes,Yes,No,Month-to-month,No,Credit card (automatic),52.39,3352.54,No
CUST-04133,Female,0,Yes,No,41,No,No phone service,DSL,No,Yes,No,No,No,No,Two year,Yes,Credit card (automatic),87.33,3747.15,No
CUST-04134,Female,0,Yes,Yes,44,Yes,No,DSL,No,Yes,Yes,No,Yes,No,Month-to-month,Yes,Mailed check,91.64,3934.03,Yes
CUST-04135,Male,0,No,No,15,No,No phone service,No,No internet service,No internet service,No internet service,No internet service,No internet service,No internet service,Two year,Yes,Credit card (automatic),108.37,1555.47,Yes
CUST-04136,Male,0,Yes,No,68,Yes,No,DSL,No,Yes,Yes,Yes,Yes,No,Two year,No,Bank transfer (automatic),49.1,2954.36,No
CUST-04137,Female,0,No,No,51,Yes,No,DSL,No,Yes,Yes,Yes,Yes,Yes,Month-to-month,No,Credit card (automatic),104.98,4635.41,Yes
CUST-04138,Female,0,No,No,54,Yes,Yes,Fiber optic,Yes,Yes,No,No,No,No,Month-to-month,Yes,Electronic check,102.05,4932.86,Yes
CUST-04139,Male,1,Yes,Yes,68,Yes,No,Fiber optic,Yes,Yes,No,No,No,Yes,One year,Yes,Electronic check,19.04,1226.44,No
CUST-04140,Female,0,Yes,No,42,Yes,Yes,Fiber optic,No,Yes,Yes,Yes,Yes,No,Month-to-month,Yes,Credit card (automatic),86.61,3299.77,Yes
CUST-04141,Female,1,No,No,46,Yes,No,Fiber optic,Yes,Yes,Yes,No,No,Yes,Month-to-month,No,Electronic check,96.24,4634.75,Yes
CUST-04142,Female,0,Yes,Yes,25,Yes,Yes,No,No internet service,No internet service,No internet service,No internet service,No internet service,No internet service,Month-to-month,Yes,Mailed check,18.4,447.79,No
CUST-04143,Female,0,Yes,No,67,Yes,Yes,DSL,No,No,Yes,Yes,No,No,Month-to-month,Yes,Electronic check,68.37,4202.64,No
CUST-04144,Male,0,Yes,No,35,Yes,No,Fiber optic,Yes,No,Yes,No,No,No,Month-to-month,No,Bank transfer (automatic),115.19,4021.37,Yes
CUST-04145,Female,0,No,No,22,Yes,Yes,Fiber optic,No,Yes,Yes,No,No,No,Month-to-month,Yes,Mailed check,115.27,2267.27,No
CUST-04146,Female,0,No,No,9,Yes,No,DSL,No,No,No,No,No,No,Month-to-month,Yes,Credit card (automatic),93.53,868.75,No
CUST-04147,Male,0,No,No,24,No,No phone service,Fiber optic,Yes,Yes,No,Yes,No,No,One year,No,Bank transfer (automatic),102.83,2338.26,No
CUST-04148,Male,0,No,Yes,23,Yes,No,No,No internet service,No internet service,No internet service,No internet service,No internet service,No internet service,Month-to-month,No,Electronic check,49.37,1081.48,Yes
CUST-04149,Female,0,No,Yes,61,Yes,No,Fiber optic,No,No,Yes,No,Yes,Yes,Month-to-month,No,Mailed check,65.03,3551.07,Yes
CUST-04150,Female,0,No,No,37,Yes,Yes,No,No internet service,No internet service,No internet service,No internet service,No internet service,No internet service,Month-to-month,No,Credit card (automatic),119.52,3773.73,No
CUST-04151,Female,0,No,Yes,45,Yes,Yes,Fiber optic,Yes,No,Yes,No,No,No,One year,Yes,Mailed check,100.34,4733.16,No
CUST-04152,Female,1,Yes,No,15,Yes,No,Fiber optic,No,No,Yes,No,Yes,Yes,Month-to-month,Yes,Mailed check,22.55,338.29,Yes
CUST-04153,Male,1,Yes,No,57,Yes,No,No,No internet service,No internet service,No internet service,No internet service,No internet service,No internet service,One year,Yes,Electronic check,23.56,1352.5,No
CUST-04154,Male,0,No,No,14,Yes,No,Fiber optic,Yes,No,No,Yes,No,No,One year,No,Bank transfer (automatic),77.12,989.05,No
CUST-04155,Male,1,No,No,52,Yes,No,Fiber optic,No,No,Yes,No,Yes,No,Month-to-month,No,Credit card (automatic),56.08,2827.01,No
CUST-04156,Female,0,Yes,Yes,36,Yes,Yes,Fiber optic,No,No,Yes,No,Yes,Yes,Month-to-month,Yes,Credit card (automatic),42.08,1404.12,No
CUST-04157,Female,0,No,No,27,Yes,Yes,Fiber optic,No,No,Yes,No,No,Yes,Two year,No,Bank transfer (automatic),50.65,1166.62,No
CUST-04158,Female,0,Yes,No,17,Yes,Yes,Fiber optic,No,No,Yes,Yes,Yes,Yes,One year,No,Electronic check,115.81,1987.64,No
CUST-04159,Female,1,Yes,No,41,Yes,Yes,DSL,No,Yes,No,No,No,Yes,Month-to-month,No,Bank transfer (automatic),50.8,1773.65,No
CUST-04160,Male,0,No,No,4,Yes,No,No,No internet service,No internet service,No internet service,No internet service,No internet service,No internet service,One year,Yes,Mailed check,54.91,210.38,Yes
CUST-04161,Male,0,Yes,Yes,3,Yes,No,DSL,Yes,Yes,No,Yes,Yes,Yes,One year,No,Mailed check,64.03,183.29,No
CUST-04162,Female,0,No,No,19,Yes,Yes,Fiber optic,Yes,Yes,No,Yes,Yes,No,Month-to-month,No,Credit card (automatic),34.41,602.15,Yes
CUST-04163,Male,0,Yes,No,41,Yes,No,DSL,Yes,No,Yes,Yes,No,No,Two year,Yes,Electronic check,57.71,2019.04,No
CUST-04164,Female,0,Yes,No,40,Yes,No,Fiber optic,No,Yes,Yes,No,No,No,One year,Yes,Bank transfer (automatic),83.95,3276.8,Yes
CUST-04165,Female,0,No,No,58,Yes,Yes,No,No internet service,No internet service,No internet service,No internet service,No internet service,No internet service,Month-to-month,Yes,Bank transfer (automatic),44.44,2555.38,No
CUST-04166,Male,0,No,Yes,39,Yes,Yes,No,No internet service,No internet service,No internet service,No internet service,No internet service,No internet service,Two year,Yes,Credit card (automatic),81.54,2709.19,No
CUST-04167,Female,0,Yes,No,7,Yes,Yes,Fiber optic,No,No,No,Yes,Yes,No,Month-to-month,Yes,Electronic check,42.96,275.15,No
CUST-04168,Female,0,No,Yes,36,Yes,Yes,Fiber optic,No,Yes,Yes,No,No,No,One year,Yes,Mailed check,98.24,3384.42,Yes
CUST-04169,Male,0,No,No,20,Yes,Yes,Fiber optic,No,Yes,No,Yes,Yes,Yes,Month-to-month,Yes,Electronic check,113.62,2374.27,Yes
CUST-04170,Female,0,Yes,No,29,Yes,Yes,DSL,Yes,No,Yes,Yes,No,No,One year,Yes,Credit card (automatic),63.33,1763.84,No
CUST-04171,Female,0,Yes,No,68,Yes,Yes,Fiber optic,No,No,No,No,No,No,Month-to-month,Yes,Electronic check,116.28,8030.24,No
CUST-04172,Male,1,No,Yes,66,No,No phone service,Fiber optic,No,No,No,Yes,No,No,Month-to-month,Yes,Electronic check,85.77,5308.6,Yes
CUST-04173,Female,0,No,No,47,Yes,No,No,No internet service,No internet service,No internet service,No internet service,No internet service,No internet service,Month-to-month,Yes,Bank transfer (automatic),90.59,3646.0,No
CUST-04174,Male,0,Yes,No,23,Yes,No,Fiber optic,Yes,No,No,No,No,Yes,Month-to-month,No,Electronic check,70.16,1476.58,Yes
CUST-04175,Female,0,Yes,No,6,Yes,Yes,Fiber optic,No,Yes,Yes,No,No,Yes,Two year,Yes,Mailed check,41.2,231.6,Yes
CUST-04176,Male,1,Yes,Yes,18,Yes,Yes,No,No internet service,No internet service,No internet service,No internet service,No internet service,No internet service,Month-to-month,No,Electronic check,113.85,1949.33,Yes
CUST-04177,Male,1,Yes,No,53,Yes,Yes,Fiber optic,No,No,Yes,No,Yes,No,Month-to-month,Yes,Mailed check,116.92,5589.19,Yes
CUST-04178,Male,0,No,Yes,22,Yes,No,DSL,No,Yes,No,No,No,No,Month-to-month,Yes,Bank transfer (automatic),103.88,2142.93,No
CUST-04179,Female,0,No,No,68,Yes,Yes,Fiber optic,No,Yes,No,No,No,Yes,One year,Yes,Mailed check,65.28,4120.07,No
CUST-04180,Male,0,Yes,No,35,Yes,No,Fiber optic,Yes,No,No,Yes,Yes,Yes,Month-to-month,Yes,Electronic check,35.46,1092.44,No
CUST-04181,Male,0,No,No,9,Yes,Yes,Fiber optic,No,No,Yes,No,Yes,No,Month-to-month,No,Credit card (automatic),27.15,242.77,Yes
CUST-04182,Male,0,No,Yes,31,Yes,No,DSL,No,No,No,No,Yes,No,Month-to-month,Yes,Electronic check,69.46,1973.03,Yes
CUST-04183,Male,0,No,No,43,Yes,No,Fiber optic,No,Yes,Yes,No,No,No,One year,No,Credit card (automatic),49.13,1928.5,No
CUST-04184,Male,0,No,Yes,17,Yes,Yes,No,No internet service,No internet service,No internet service,No internet service,No internet service,No internet service,Month-to-month,No,Credit card (automatic),105.39,1550.26,No
CUST-04185,Female,0,No,No,51,Yes,Yes,DSL,Yes,No,No,Yes,Yes,Yes,Two year,No,Electronic check,73.47,3877.1,No
CUST-04186,Female,0,No,No,66,Yes,No,DSL,Yes,Yes,No,Yes,Yes,Yes,Month-to-month,No,Credit card (automatic),111.91,7265.04,No
CUST-04187,Female,0,Yes,No,24,Yes,No,Fiber optic,Yes,Yes,No,Yes,Yes,No,One year,No,Electronic check,91.98,2204.19,No
CUST-04188,Female,0,No,Yes,15,Yes,Yes,Fiber optic,Yes,No,No,No,Yes,Yes,Two year,Yes,Mailed check,64.13,952.48,No
CUST-04189,Female,0,No,Yes,28,Yes,Yes,Fiber optic,No,No,No,Yes,No,Yes,Two year,Yes,Electronic check,93.8,2316.04,Yes
CUST-04190,Female,0,Yes,No,3,Yes,Yes,Fiber optic,No,No,Yes,Yes,Yes,No,Two year,Yes,Electronic check,116.74,306.74,Yes
CUST-04191,Female,0,Yes,No,29,Yes,Yes,Fiber optic,Yes,No,No,No,No,Yes,Two year,No,Electronic check,75.41,2272.41,No
CUST-04192,Male,0,Yes,No,52,Yes,No,No,No internet service,No internet service,No internet service,No internet service,No internet service,No internet service,Month-to-month,No,Electronic check,50.04,2219.94,No
CUST-04193,Female,0,No,Yes,54,Yes,Yes,Fiber optic,No,No,Yes,Yes,No,Yes,Two year,No,Credit card (automatic),55.92,3100.77,No
CUST-04194,Male,0,No,Yes,58,Yes,No,DSL,Yes,No,No,No,No,No,Month-to-month,No,Electronic check,81.28,4872.33,Yes
CUST-04195,Male,0,No,No,45,Yes,Yes,No,No internet service,No internet service,No internet service,No internet service,No internet service,No internet service,One year,Yes,Electronic check,117.12,5063.57,No
CUST-04196,Female,0,Yes,No,50,Yes,No,DSL,No,Yes,No,No,Yes,No,Month-to-month,Yes,Electronic check,66.15,3058.22,No
CUST-04197,Male,0,No,No,22,Yes,Yes,DSL,No,Yes,No,Yes,No,No,One year,Yes,Electronic check,90.31,1924.79,No
CUST-04198,Male,0,Yes,No,52,Yes,No,No,No internet service,No internet service,No internet service,No internet service,No internet service,No internet service,One year,Yes,Electronic check,36.28,1808.47,No
CUST-04199,Male,0,No,No,53,Yes,Yes,DSL,No,No,Yes,Yes,Yes,Yes,Month-to-month,No,Credit card (automatic),81.29,4503.33,No
CUST-04200,Male,0,Yes,No,31,Yes,Yes,DSL,Yes,Yes,No,No,Yes,No,Month-to-month,Yes,Electronic check,92.86,2648.88,Yes
CUST-04201,Female,0,No,Yes,71,Yes,Yes,Fiber optic,No,No,No,No,No,No,One year,Yes,Credit card (automatic),61.18,4209.18,No
CUST-04202,Female,0,No,No,48,Yes,Yes,DSL,No,Yes,No,Yes,Yes,No,One year,Yes,Electronic check,82.91,3800.22,No
CUST-04203,Female,0,No,No,31,Yes,No,Fiber optic,No,Yes,No,No,Yes,No,One year,No,Credit card (automatic),41.16,1128.11,No
CUST-04204,Female,1,No,No,4,Yes,Yes,Fiber optic,Yes,No,No,No,No,No,Month-to-month,No,Bank transfer (automatic),64.86,265.92,Yes
CUST-04205,Female,0,No,No,35,No,No phone service,Fiber optic,Yes,No,No,No,Yes,No,Month-to-month,No,Electronic check,102.21,3188.96,Yes
CUST-04206,Female,0,Yes,No,67,Yes,Yes,DSL,No,No,No,No,Yes,No,Two year,Yes,Electronic check,38.36,2495.66,No
CUST-04207,Female,0,No,No,64,No,No phone service,No,No internet service,No internet service,No internet service,No internet service,No internet service,No internet service,Two year,No,Electronic check,27.09,1596.99,No
CUST-04208,Female,0,No,No,9,No,No phone service,DSL,No,No,No,Yes,Yes,Yes,Month-to-month,Yes,Electronic check,89.04,816.92,Yes
CUST-04209,Female,0,Yes,No,46,Yes,Yes,Fiber optic,No,Yes,No,Yes,No,No,Two year,No,Electronic check,49.98,2344.37,No
CUST-04210,Female,0,No,No,56,Yes,No,No,No internet service,No internet service,No internet service,No internet service,No internet service,No internet service,One year,Yes,Bank transfer (automatic),67.79,3334.66,No
CUST-04211,Male,1,No,No,56,Yes,Yes,Fiber optic,Yes,Yes,No,No,No,Yes,One year,Yes,Bank transfer (automatic),108.97,6349.81,No
CUST-04212,Female,0,No,Yes,26,Yes,Yes,DSL,Yes,No,No,Yes,No,Yes,Month-to-month,Yes,Electronic check,35.65,814.81,Yes
CUST-04213,Male,0,No,Yes,60,Yes,No,DSL,Yes,Yes,Yes,No,Yes,No,One year,Yes,Credit card (automatic),96.85,5467.62,No
CUST-04214,Male,1,No,No,72,No,No phone service,No,No internet service,No internet service,No internet service,No internet service,No internet service,No internet service,Month-to-month,Yes,Bank transfer (automatic),69.68,4965.1,No
CUST-04215,Male,0,No,No,48,Yes,Yes,Fiber optic,No,No,No,No,No,Yes,One year,Yes,Mailed check,22.75,1016.89,Yes
CUST-04216,Male,0,No,No,58,No,No phone service,No,No internet service,No internet service,No internet service,No internet service,No internet service,No internet service,One year,Yes,Electronic check,36.31,2023.69,No
CUST-04217,Female,0,No,No,63,Yes,Yes,Fiber optic,No,Yes,No,No,No,No,One year,Yes,Mailed check,68.54,4530.72,No
CUST-04218,Male,0,No,No,58,Yes,Yes,Fiber optic,Yes,No,Yes,No,Yes,Yes,Month-to-month,No,Mailed check,40.91,2139.33,No
CUST-04219,Female,0,Yes,Yes,3,Yes,No,DSL,No,No,No,No,No,No,Month-to-month,Yes,Credit card (automatic),54.25,163.15,No
CUST-04220,Female,0,Yes,No,7,Yes,Yes,No,No internet service,No internet service,No internet service,No internet service,No internet service,No internet service,One year,Yes,Credit card (automatic),88.71,609.66,No
CUST-04221,Male,0,Yes,Yes,52,No,No phone service,Fiber optic,Yes,Yes,Yes,Yes,Yes,No,Two year,Yes,Electronic check,104.45,5645.66,Yes
CUST-04222,Female,0,No,No,62,Yes,Yes,Fiber optic,No,Yes,Yes,No,No,Yes,Month-to-month,No,Electronic check,62.96,3396.36,Yes
CUST-04223,Male,1,No,No,2,Yes,No,Fiber optic,No,Yes,No,Yes,Yes,No,Month-to-month,No,Bank transfer (automatic),69.93,126.38,No
CUST-04224,Male,0,No,No,33,Yes,No,DSL,Yes,Yes,Yes,No,No,No,Month-to-month,Yes,Electronic check,78.23,2589.92,No
CUST-04225,Female,0,No,Yes,12,Yes,No,DSL,Yes,Yes,Yes,Yes,Yes,Yes,One year,Yes,Electronic check,35.32,429.62,No
CUST-04226,Female,0,Yes,No,48,Yes,Yes,Fiber optic,Yes,No,Yes,No,No,No,Two year,No,Credit card (automatic),78.94,3763.36,No
CUST-04227,Male,0,Yes,No,53,Yes,Yes,DSL,No,Yes,No,No,Yes,Yes,One year,Yes,Mailed check,100.53,4690.67,No
CUST-04228,Female,1,No,No,41,Yes,Yes,DSL,No,Yes,Yes,Yes,No,No,Two year,Yes,Credit card (automatic),109.3,4105.28,No
CUST-04229,Female,0,Yes,Yes,58,Yes,Yes,Fiber optic,Yes,Yes,Yes,No,No,No,Month-to-month,Yes,Electronic check,37.49,1945.98,No
CUST-04230,Female,0,Yes,No,68,Yes,Yes,Fiber optic,No,Yes,No,No,Yes,Yes,Two year,Yes,Bank transfer (automatic),105.37,7186.57,No
CUST-04231,Male,0,No,No,23,Yes,No,DSL,Yes,Yes,Yes,Yes,Yes,Yes,One year,Yes,Bank transfer (automatic),107.31,2539.07,No
CUST-04232,Male,1,Yes,No,36,Yes,Yes,DSL,Yes,No,No,No,No,No,Month-to-month,No,Bank transfer (automatic),95.82,3354.88,No
CUST-04233,Female,0,No,Yes,21,Yes,No,No,No internet service,No internet service,No internet service,No internet service,No internet service,No internet service,Month-to-month,Yes,Electronic check,101.55,1879.32,Yes
CUST-04234,Female,0,Yes,Yes,72,Yes,No,DSL,No,Yes,Yes,No,No,Yes,Month-to-month,Yes,Electronic check,63.24,4661.09,Yes
CUST-04235,Female,0,No,No,55,Yes,No,DSL,Yes,No,Yes,Yes,Yes,No,Month-to-month,No,Electronic check,117.07,6034.29,No
CUST-04236,Female,1,Yes,No,56,Yes,Yes,DSL,No,Yes,Yes,Yes,No,No,Two year,No,Bank transfer (automatic),91.22,4520.49,No
CUST-04237,Female,0,Yes,No,13,Yes,Yes,DSL,Yes,Yes,No,No,No,No,Month-to-month,No,Bank transfer (automatic),44.27,560.6,Yes
CUST-04238,Male,0,No,No,22,No,No phone service,Fiber optic,No,Yes,No,Yes,No,No,Month-to-month,Yes,Electronic check,21.0,400.44,Yes
CUST-04239,Female,0,No,Yes,7,Yes,No,No,No internet service,No internet service,No internet service,No internet service,No internet service,No internet service,Two year,Yes,Bank transfer (automatic),35.9,243.72,No
CUST-04240,Male,0,No,Yes,24,Yes,No,Fiber optic,Yes,No,Yes,No,No,No,Month-to-month,No,Electronic check,94.07,2357.72,Yes
CUST-04241,Female,0,Yes,Yes,61,Yes,No,Fiber optic,No,No,No,Yes,No,Yes,Month-to-month,Yes,Electronic check,105.94,6260.13,No
CUST-04242,Male,1,Yes,No,5,No,No phone service,No,No internet service,No internet service,No internet service,No internet service,No internet service,No internet service,Month-to-month,Yes,Mailed check,26.92,137.48,Yes
CUST-04243,Female,1,No,No,50,Yes,Yes,DSL,Yes,No,Yes,No,Yes,No,One year,No,Electronic check,84.73,4334.12,No
CUST-04244,Male,1,Yes,Yes,62,Yes,No,Fiber optic,Yes,Yes,Yes,No,No,Yes,Month-to-month,Yes,Mailed check,55.64,3047.35,Yes
CUST-04245,Female,0,Yes,Yes,55,No,No phone service,Fiber optic,Yes,No,No,Yes,Yes,No,One year,Yes,Bank transfer (automatic),77.94,4218.26,No
CUST-04246,Male,0,No,No,26,No,No phone service,DSL,Yes,Yes,No,Yes,No,No,Month-to-month,Yes,Credit card (automatic),104.58,2601.65,No
CUST-04247,Male,1,Yes,No,10,Yes,No,Fiber optic,Yes,Yes,Yes,No,No,No,Month-to-month,Yes,Mailed check,61.65,529.69,No
CUST-04248,Male,0,Yes,No,11,Yes,No,Fiber optic,Yes,Yes,Yes,Yes,No,No,Month-to-month,Yes,Mailed check,37.12,362.21,Yes
CUST-04249,Male,0,Yes,No,40,Yes,No,Fiber optic,Yes,Yes,Yes,No,No,No,Month-to-month,No,Electronic check,29.58,1045.98,Yes
CUST-04250,Male,0,No,No,11,Yes,No,DSL,No,No,Yes,Yes,Yes,Yes,Month-to-month,Yes,Bank transfer (automatic),119.84,1283.97,No
CUST-04251,Male,1,Yes,Yes,4,Yes,Yes,DSL,No,Yes,Yes,No,Yes,No,Month-to-month,Yes,Credit card (automatic),96.27,339.46,Yes
CUST-04252,Female,0,No,Yes,2,Yes,Yes,Fiber optic,Yes,No,Yes,No,No,No,Month-to-month,Yes,Bank transfer (automatic),23.54,42.88,Yes
CUST-04253,Male,1,Yes,Yes,39,Yes,No,DSL,No,No,No,No,No,No,Month-to-month,Yes,Mailed check,35.5,1206.74,No
CUST-04254,Female,0,No,Yes,23,Yes,No,No,No internet service,No internet service,No internet service,No internet service,No internet service,No internet service,One year,Yes,Mailed check,87.87,1742.62,Yes
CUST-04255,Female,0,Yes,No,45,Yes,No,DSL,Yes,No,Yes,Yes,Yes,Yes,Month-to-month,Yes,Electronic check,61.13,2886.89,No
CUST-04256,Female,0,No,No,42,Yes,No,Fiber optic,Yes,Yes,No,Yes,Yes,No,One year,Yes,Bank transfer (automatic),81.31,3173.32,No
CUST-04257,Female,0,No,Yes,42,Yes,Yes,Fiber optic,No,Yes,No,Yes,No,Yes,Two year,No,Bank transfer (automatic),75.63,3018.72,No
CUST-04258,Female,0,No,No,29,Yes,Yes,No,No internet service,No internet service,No internet service,No internet service,No internet service,No internet service,One year,No,Credit card (automatic),34.02,845.78,No
CUST-04259,Male,1,No,No,16,Yes,Yes,No,No internet service,No internet service,No internet service,No internet service,No internet service,No internet service,Two year,Yes,Mailed check,62.82,886.56,No
CUST-04260,Male,0,No,No,67,Yes,No,No,No internet service,No internet service,No internet service,No internet service,No internet service,No internet service,One year,Yes,Bank transfer (automatic),72.08,4683.4,No
CUST-04261,Male,0,Yes,No,60,Yes,Yes,Fiber optic,No,No,Yes,Yes,Yes,No,Month-to-month,Yes,Mailed check,62.72,3499.98,No
CUST-04262,Female,0,No,No,4,Yes,No,DSL,No,No,No,No,No,Yes,Month-to-month,No,Credit card (automatic),67.06,260.85,Yes
CUST-04263,Male,0,No,Yes,16,Yes,No,Fiber optic,No,Yes,Yes,Yes,No,No,One year,Yes,Bank transfer (automatic),118.91,1735.17,Yes
CUST-04264,Male,0,No,No,41,No,No phone service,Fiber optic,No,No,Yes,Yes,Yes,No,Month-to-month,Yes,Mailed check,118.49,4606.99,Yes
CUST-04265,Male,0,Yes,No,6,Yes,No,No,No internet service,No internet service,No internet service,No internet service,No internet service,No internet service,Month-to-month,Yes,Electronic check,53.96,334.15,No
CUST-04266,Male,1,No,No,42,Yes,Yes,Fiber optic,No,Yes,No,Yes,No,No,Month-to-month,Yes,Credit card (automatic),92.41,3777.85,Yes
CUST-04267,Male,0,Yes,No,57,Yes,Yes,Fiber optic,No,No,No,Yes,No,Yes,Two year,No,Credit card (automatic),41.83,2366.21,No
CUST-04268,Female,0,No,No,28,Yes,No,No,No internet service,No internet service,No internet service,No internet service,No internet service,No internet service,One year,Yes,Electronic check,119.13,3452.58,No
CUST-04269,Male,0,Yes,No,23,Yes,Yes,Fiber optic,Yes,No,Yes,No,Yes,No,Month-to-month,Yes,Mailed check,60.2,1375.05,No
CUST-04270,Female,0,Yes,No,42,No,No phone service,Fiber optic,No,No,No,No,No,Yes,Month-to-month,No,Mailed check,77.55,3190.16,Yes
CUST-04271,Female,1,No,No,12,Yes,No,DSL,No,No,No,No,No,No,One year,No,Electronic check,56.88,696.69,No
CUST-04272,Female,0,No,No,64,Yes,Yes,DSL,No,Yes,No,Yes,No,No,Month-to-month,No,Mailed check,33.97,2149.22,No
CUST-04273,Female,1,No,No,58,Yes,Yes,Fiber optic,Yes,No,No,No,No,No,Month-to-month,No,Mailed check,33.71,1897.4,No
CUST-04274,Female,0,No,No,51,Yes,Yes,No,No internet service,No internet service,No internet service,No internet service,No internet service,No internet service,One year,Yes,Electronic check,113.82,5212.7,No
CUST-04275,Male,0,No,Yes,29,Yes,Yes,Fiber optic,Yes,Yes,No,No,No,Yes,One year,Yes,Electronic check,74.36,1844.24,Yes
CUST-04276,Male,1,No,No,19,Yes,Yes,Fiber optic,No,Yes,No,Yes,No,No,One year,Yes,Electronic check,117.1,2078.42,No
CUST-04277,Male,0,No,No,45,No,No phone service,DSL,No,Yes,No,No,No,No,Month-to-month,Yes,Bank transfer (automatic),59.09,2696.06,Yes
CUST-04278,Female,0,No,Yes,54,Yes,No,Fiber optic,No,No,No,No,Yes,No,Month-to-month,Yes,Bank transfer (automatic),66.36,3420.81,Yes
CUST-04279,Male,0,Yes,No,66,Yes,Yes,DSL,No,No,Yes,Yes,No,No,Month-to-month,No,Electronic check,40.26,2303.16,No
CUST-04280,Male,0,Yes,No,72,No,No phone service,Fiber optic,Yes,No,No,Yes,No,Yes,Month-to-month,Yes,Bank transfer (automatic),28.69,1937.84,No
CUST-04281,Female,0,No,No,13,Yes,Yes,Fiber optic,Yes,Yes,No,Yes,No,No,One year,Yes,Mailed check,97.85,1235.1,Yes
CUST-04282,Female,0,No,Yes,65,Yes,No,Fiber optic,No,No,Yes,Yes,Yes,No,Month-to-month,Yes,Electronic check,58.39,3406.05,No
CUST-04283,Female,0,Yes,No,12,No,No phone service,DSL,No,Yes,Yes,No,No,Yes,Two year,No,Bank transfer (automatic),98.23,1021.76,No
CUST-04284,Female,0,Yes,Yes,71,Yes,No,Fiber optic,No,Yes,No,No,No,Yes,Month-to-month,Yes,Bank transfer (automatic),63.66,4346.2,No
CUST-04285,Male,1,No,No,14,Yes,Yes,DSL,Yes,No,No,No,No,Yes,Month-to-month,Yes,Electronic check,112.33,1364.36,Yes
CUST-04286,Female,0,Yes,No,42,Yes,No,Fiber optic,No,No,Yes,Yes,No,Yes,One year,No,Mailed check,108.17,3872.43,No
CUST-04287,Female,0,No,No,48,Yes,Yes,Fiber optic,No,No,Yes,Yes,No,Yes,One year,Yes,Electronic check,101.76,4875.13,Yes
CUST-04288,Male,1,No,No,24,Yes,Yes,Fiber optic,Yes,No,No,No,No,No,One year,No,Electronic check,98.91,2235.36,Yes
CUST-04289,Male,0,Yes,Yes,65,Yes,Yes,DSL,Yes,No,Yes,No,No,No,Month-to-month,Yes,Electronic check,85.11,4748.29,No
CUST-04290,Female,0,No,No,17,No,No phone service,No,No internet service,No internet service,No internet service,No internet service,No internet service,No internet service,Two year,Yes,Credit card (automatic),106.82,1760.41,No
CUST-04291,Male,0,No,No,38,Yes,No,Fiber optic,Yes,No,No,Yes,Yes,No,One year,Yes,Bank transfer (automatic),104.85,3397.2,No
CUST-04292,Female,0,No,Yes,28,Yes,Yes,Fiber optic,No,No,No,Yes,Yes,No,One year,No,Electronic check,39.72,1017.95,No
CUST-04293,Female,0,Yes,No,33,Yes,Yes,Fiber optic,Yes,No,No,Yes,No,No,Month-to-month,Yes,Electronic check,89.08,2599.37,Yes
CUST-04294,Male,0,Yes,No,24,Yes,Yes,Fiber optic,No,Yes,No,No,Yes,Yes,Month-to-month,No,Credit card (automatic),103.11,2299.16,No
CUST-04295,Male,0,No,No,70,Yes,No,Fiber optic,No,No,Yes,Yes,No,Yes,One year,No,Bank transfer (automatic),94.02,5613.14,Yes
CUST-04296,Female,0,Yes,Yes,4,Yes,No,No,No internet service,No internet service,No internet service,No internet service,No internet service,No internet service,Two year,Yes,Electronic check,19.74,82.46,No
CUST-04297,Female,0,Yes,No,33,No,No phone service,No,No internet service,No internet service,No internet service,No internet service,No internet service,No internet service,Two year,No,Bank transfer (automatic),80.99,2350.95,No
CUST-04298,Female,0,Yes,No,10,Yes,Yes,Fiber optic,No,Yes,No,Yes,Yes,Yes,One year,Yes,Mailed check,47.06,490.19,Yes
CUST-04299,Male,0,Yes,Yes,36,No,No phone service,Fiber optic,Yes,Yes,No,Yes,Yes,Yes,Month-to-month,Yes,Electronic check,96.93,3319.32,Yes
CUST-04300,Female,1,Yes,Yes,31,Yes,Yes,DSL,Yes,No,Yes,No,Yes,No,Month-to-month,Yes,Electronic check,93.53,2503.72,Yes
CUST-04301,Female,0,Yes,Yes,4,No,No phone service,DSL,Yes,Yes,Yes,No,No,Yes,Month-to-month,Yes,Credit card (automatic),29.1,119.42,Yes
CUST-04302,Female,0,No,No,8,Yes,No,Fiber optic,Yes,No,Yes,No,Yes,Yes,Month-to-month,No,Electronic check,52.05,388.42,Yes
CUST-04303,Female,0,No,No,27,Yes,No,No,No internet service,No internet service,No internet service,No internet service,No internet service,No internet service,Month-to-month,Yes,Mailed check,109.86,2608.45,No
CUST-04304,Female,1,Yes,No,36,Yes,Yes,Fiber optic,No,Yes,Yes,Yes,No,Yes,Two year,No,Electronic check,67.29,2190.16,Yes
CUST-04305,Male,1,No,Yes,9,Yes,No,Fiber optic,Yes,Yes,Yes,No,Yes,Yes,Month-to-month,Yes,Bank transfer (automatic),69.7,570.02,No
CUST-04306,Female,0,Yes,No,43,Yes,No,DSL,No,No,No,Yes,No,Yes,Two year,Yes,Electronic check,38.79,1620.77,No
CUST-04307,Female,0,No,No,24,Yes,No,Fiber optic,Yes,No,Yes,No,No,No,Month-to-month,No,Credit card (automatic),36.14,905.85,No
CUST-04308,Female,0,Yes,Yes,37,Yes,Yes,Fiber optic,Yes,Yes,Yes,No,No,Yes,Month-to-month,Yes,Mailed check,24.83,815.08,Yes
CUST-04309,Female,0,Yes,No,41,No,No phone service,No,No internet service,No internet service,No internet service,No internet service,No internet service,No internet service,Month-to-month,Yes,Electronic check,26.14,956.59,Yes
CUST-04310,Male,0,No,Yes,26,Yes,No,DSL,No,No,No,Yes,No,No,Month-to-month,No,Mailed check,35.88,973.79,Yes
CUST-04311,Male,0,Yes,No,4,Yes,Yes,Fiber optic,No,No,Yes,No,No,No,Month-to-month,Yes,Mailed check,19.43,69.48,No
CUST-04312,Male,0,No,No,1,Yes,Yes,No,No internet service,No internet service,No internet service,No internet service,No internet service,No internet service,Month-to-month,No,Electronic check,119.44,107.02,No
CUST-04313,Female,0,Yes,No,20,No,No phone service,No,No internet service,No internet service,No internet service,No internet service,No internet service,No internet service,Month-to-month,Yes,Bank transfer (automatic),62.35,1307.25,No
CUST-04314,Female,0,Yes,No,45,Yes,Yes,No,No internet service,No internet service,No internet service,No internet service,No internet service,No internet service,Month-to-month,Yes,Credit card (automatic),59.64,2632.7,No
CUST-04315,Male,0,No,No,69,Yes,No,Fiber optic,No,Yes,Yes,No,Yes,Yes,One year,No,Electronic check,77.84,4895.49,Yes
CUST-04316,Male,1,No,Yes,52,Yes,Yes,No,No internet service,No internet service,No internet service,No internet service,No internet service,No internet service,Month-to-month,Yes,Electronic check,105.23,4916.13,No
CUST-04317,Male,0,Yes,No,64,Yes,No,No,No internet service,No internet service,No internet service,No internet service,No internet service,No internet service,Two year,No,Electronic check,85.66,5184.11,No
CUST-04318,Female,0,Yes,No,21,Yes,Yes,No,No internet service,No internet service,No internet service,No internet service,No internet service,No internet service,Month-to-month,Yes,Mailed check,39.82,764.38,No
CUST-04319,Female,0,Yes,No,72,Yes,Yes,No,No internet service,No internet service,No internet service,No internet service,No internet service,No internet service,Two year,Yes,Electronic check,93.99,5764.56,No
CUST-04320,Male,0,No,Yes,25,Yes,No,No,No internet service,No internet service,No internet service,No internet service,No internet service,No internet service,Two year,No,Bank transfer (automatic),32.28,697.22,No
CUST-04321,Male,0,No,Yes,67,Yes,Yes,DSL,Yes,No,Yes,Yes,No,Yes,One year,No,Electronic check,105.36,6761.88,No
CUST-04322,Male,0,Yes,No,26,Yes,Yes,DSL,Yes,Yes,Yes,Yes,Yes,No,Month-to-month,No,Electronic check,92.76,2176.72,No
CUST-04323,Female,0,No,Yes,27,Yes,No,Fiber optic,No,No,No,No,Yes,Yes,One year,Yes,Credit card (automatic),113.57,3184.15,No
CUST-04324,Female,1,Yes,Yes,52,Yes,No,Fiber optic,No,Yes,No,Yes,Yes,No,Two year,Yes,Credit card (automatic),107.26,5516.45,No
CUST-04325,Female,0,Yes,No,63,Yes,Yes,DSL,Yes,No,Yes,No,Yes,No,Month-to-month,No,Bank transfer (automatic),60.12,3960.12,No
CUST-04326,Male,1,Yes,No,45,Yes,Yes,Fiber optic,No,Yes,Yes,No,No,No,Month-to-month,Yes,Bank transfer (automatic),109.21,4968.6,Yes
CUST-04327,Male,0,No,No,58,Yes,Yes,DSL,Yes,No,Yes,No,No,Yes,Month-to-month,No,Mailed check,100.6,5325.49,Yes
CUST-04328,Female,1,Yes,No,38,Yes,No,DSL,Yes,Yes,Yes,No,No,No,Month-to-month,No,Mailed check,63.62,2414.93,No
CUST-04329,Male,0,No,No,35,Yes,No,Fiber optic,Yes,Yes,Yes,Yes,No,Yes,Month-to-month,Yes,Electronic check,88.88,2933.28,Yes
CUST-04330,Female,0,No,Yes,46,Yes,Yes,DSL,Yes,No,Yes,No,Yes,Yes,One year,Yes,Credit card (automatic),34.99,1533.45,No
CUST-04331,Male,0,Yes,No,71,Yes,No,Fiber optic,Yes,No,No,No,No,No,Month-to-month,Yes,Credit card (automatic),72.5,4920.79,No
CUST-04332,Male,0,Yes,No,3,Yes,No,No,No internet service,No internet service,No internet service,No internet service,No internet service,No internet service,One year,Yes,Credit card (automatic),23.47,69.49,No
CUST-04333,Male,0,Yes,No,6,Yes,Yes,Fiber optic,No,No,No,No,Yes,Yes,Month-to-month,No,Credit card (automatic),59.91,331.51,Yes
CUST-04334,Male,0,No,No,13,Yes,Yes,Fiber optic,Yes,No,No,No,Yes,Yes,Two year,No,Bank transfer (automatic),82.07,1074.2,No
CUST-04335,Female,0,No,Yes,46,Yes,Yes,DSL,No,Yes,No,No,Yes,No,One year,No,Credit card (automatic),82.0,3337.23,No
CUST-04336,Male,0,Yes,Yes,33,Yes,Yes,Fiber optic,Yes,No,No,Yes,Yes,Yes,Two year,No,Credit card (automatic),55.78,1696.21,No
CUST-04337,Female,0,Yes,No,62,Yes,No,No,No internet service,No internet service,No internet service,No internet service,No internet service,No internet service,Two year,Yes,Electronic check,26.99,1648.59,No
CUST-04338,Female,1,Yes,No,63,Yes,Yes,Fiber optic,No,Yes,Yes,Yes,Yes,Yes,Two year,No,Credit card (automatic),83.38,5353.6,No
CUST-04339,Female,0,Yes,Yes,56,Yes,Yes,DSL,No,No,No,Yes,Yes,No,Month-to-month,Yes,Mailed check,26.64,1523.53,No
CUST-04340,Male,0,No,Yes,39,Yes,No,No,No internet service,No internet service,No internet service,No internet service,No internet service,No internet service,One year,Yes,Mailed check,41.9,1498.89,No
CUST-04341,Female,0,Yes,No,60,Yes,No,No,No internet service,No internet service,No internet service,No internet service,No internet service,No internet service,Month-to-month,Yes,Electronic check,99.93,5601.68,Yes
CUST-04342,Female,0,Yes,No,24,Yes,No,DSL,No,Yes,No,No,Yes,No,Month-to-month,Yes,Credit card (automatic),62.54,1354.5,No
CUST-04343,Female,0,No,No,50,No,No phone service,DSL,Yes,No,No,Yes,No,Yes,Month-to-month,No,Electronic check,119.98,5843.64,No
CUST-04344,Male,0,Yes,Yes,33,Yes,No,DSL,No,No,No,No,Yes,No,Month-to-month,Yes,Electronic check,96.57,2947.28,No
CUST-04345,Male,0,No,No,7,Yes,No,DSL,Yes,Yes,No,Yes,No,No,Month-to-month,No,Credit card (automatic),59.33,430.05,No
CUST-04346,Female,0,Yes,No,46,Yes,No,No,No internet service,No internet service,No internet service,No internet service,No internet service,No internet service,Month-to-month,No,Electronic check,29.2,1235.87,No
CUST-04347,Male,1,No,No,62,No,No phone service,No,No internet service,No internet service,No internet service,No internet service,No internet service,No internet service,Month-to-month,No,Electronic check,61.78,3774.58,Yes
CUST-04348,Female,0,Yes,Yes,1,Yes,Yes,Fiber optic,No,Yes,No,Yes,Yes,No,One year,Yes,Mailed check,31.94,31.41,No
CUST-04349,Female,0,No,No,65,Yes,No,Fiber optic,No,No,Yes,No,No,No,Two year,No,Credit card (automatic),88.37,5449.96,No
CUST-04350,Male,0,Yes,No,45,Yes,Yes,Fiber optic,No,Yes,Yes,No,Yes,Yes,Month-to-month,Yes,Mailed check,28.71,1103.62,No
CUST-04351,Female,0,No,Yes,55,Yes,No,Fiber optic,No,Yes,No,Yes,Yes,No,Month-to-month,No,Electronic check,114.22,5707.9,Yes
CUST-04352,Male,0,Yes,Yes,66,Yes,Yes,Fiber optic,No,Yes,No,No,No,Yes,Two year,No,Mailed check,57.76,3779.14,No
CUST-04353,Male,0,No,No,67,Yes,No,No,No internet service,No internet service,No internet service,No internet service,No internet service,No internet service,Two year,Yes,Bank transfer (automatic),21.33,1332.1,No
CUST-04354,Female,1,Yes,No,54,Yes,No,No,No internet service,No internet service,No internet service,No internet service,No internet service,No internet service,Month-to-month,No,Credit card (automatic),102.52,4782.59,No
CUST-04355,Male,0,No,No,63,Yes,No,DSL,No,No,Yes,No,No,No,Month-to-month,Yes,Credit card (automatic),53.84,3492.23,No
CUST-04356,Male,0,No,No,54,Yes,No,Fiber optic,No,Yes,Yes,Yes,Yes,No,Two year,No,Bank transfer (automatic),86.33,4508.48,No
CUST-04357,Female,0,No,No,52,Yes,No,Fiber optic,No,No,No,No,Yes,Yes,Month-to-month,Yes,Mailed check,106.06,4778.97,Yes
CUST-04358,Female,0,No,Yes,54,No,No phone service,Fiber optic,Yes,Yes,Yes,No,No,Yes,Month-to-month,No,Credit card (automatic),24.0,1113.59,Yes
CUST-04359,Male,0,Yes,No,67,Yes,Yes,Fiber optic,No,Yes,Yes,Yes,No,Yes,Month-to-month,Yes,Credit card (automatic),19.6,1141.32,No
CUST-04360,Male,0,Yes,No,37,Yes,Yes,Fiber optic,Yes,No,Yes,No,Yes,Yes,Month-to-month,No,Bank transfer (automatic),32.44,1260.03,No
CUST-04361,Female,0,No,No,12,Yes,Yes,Fiber optic,No,No,Yes,No,No,No,Two year,Yes,Credit card (automatic),42.03,457.17,No
CUST-04362,Male,0,Yes,Yes,59,Yes,Yes,Fiber optic,Yes,Yes,Yes,Yes,Yes,Yes,One year,Yes,Credit card (automatic),71.46,4176.34,No
CUST-04363,Male,0,Yes,Yes,20,Yes,Yes,DSL,Yes,No,Yes,Yes,No,No,Month-to-month,Yes,Mailed check,116.02,2049.97,Yes
CUST-04364,Male,0,Yes,No,32,Yes,Yes,No,No internet service,No internet service,No internet service,No internet service,No internet service,No internet service,Two year,No,Credit card (automatic),73.6,2124.56,No
CUST-04365,Male,0,Yes,Yes,71,Yes,No,DSL,No,No,No,Yes,No,No,Month-to-month,Yes,Electronic check,105.65,6386.65,Yes
CUST-04366,Male,0,No,Yes,44,Yes,No,DSL,No,Yes,No,Yes,No,Yes,Month-to-month,Yes,Credit card (automatic),38.36,1723.73,Yes
CUST-04367,Male,1,No,Yes,66,Yes,Yes,DSL,Yes,No,No,No,No,No,Two year,Yes,Electronic check,109.1,7548.75,No
CUST-04368,Male,0,No,Yes,55,Yes,No,DSL,Yes,Yes,Yes,No,Yes,Yes,One year,No,Mailed check,90.89,4626.87,No
CUST-04369,Female,0,Yes,No,16,Yes,Yes,Fiber optic,No,No,No,No,No,Yes,Two year,No,Bank transfer (automatic),114.89,1640.7,Yes
CUST-04370,Female,0,No,No,71,Yes,Yes,Fiber optic,No,No,No,Yes,Yes,No,One year,Yes,Credit card (automatic),107.09,6711.16,No
CUST-04371,Female,0,No,Yes,68,Yes,No,Fiber optic,No,Yes,No,Yes,Yes,No,One year,No,Electronic check,104.73,6425.25,No
CUST-04372,Female,0,No,No,52,Yes,No,DSL,Yes,Yes,No,No,Yes,Yes,Month-to-month,No,Mailed check,25.46,1226.81,No
CUST-04373,Female,0,No,No,37,Yes,Yes,DSL,Yes,No,Yes,No,No,Yes,Two year,No,Electronic check,86.73,3191.33,No
CUST-04374,Male,0,No,No,46,Yes,No,Fiber optic,Yes,Yes,No,Yes,No,No,One year,Yes,Mailed check,49.37,2252.85,Yes
CUST-04375,Male,1,Yes,No,41,Yes,No,Fiber optic,Yes,No,No,Yes,No,No,Month-to-month,Yes,Mailed check,44.36,1732.85,Yes
CUST-04376,Male,1,Yes,No,5,Yes,Yes,DSL,No,No,No,No,No,No,Month-to-month,No,Mailed check,64.22,298.33,Yes
CUST-04377,Male,0,Yes,Yes,66,Yes,Yes,DSL,Yes,Yes,Yes,No,Yes,No,One year,Yes,Electronic check,106.46,6689.78,No
CUST-04378,Female,0,No,No,5,No,No phone service,DSL,No,No,No,No,Yes,Yes,One year,Yes,Credit card (automatic),27.16,130.73,No
CUST-04379,Male,0,No,No,63,Yes,Yes,DSL,No,Yes,Yes,No,No,No,Month-to-month,No,Mailed check,112.27,6881.7,No
CUST-04380,Male,0,No,No,3,Yes,No,DSL,Yes,No,No,Yes,No,Yes,Month-to-month,No,Bank transfer (automatic),105.52,310.34,No
CUST-04381,Female,0,No,No,8,Yes,Yes,Fiber optic,No,Yes,No,Yes,No,No,Two year,Yes,Bank transfer (automatic),46.55,364.61,Yes
CUST-04382,Male,0,No,No,26,Yes,No,Fiber optic,No,No,Yes,No,No,No,One year,Yes,Bank transfer (automatic),52.61,1220.22,No
CUST-04383,Male,0,No,No,53,Yes,No,DSL,No,Yes,No,Yes,Yes,Yes,One year,Yes,Electronic check,23.17,1162.03,No
CUST-04384,Female,0,No,No,29,Yes,Yes,Fiber optic,No,No,Yes,No,No,Yes,Month-to-month,Yes,Electronic check,92.42,2458.11,Yes
CUST-04385,Male,0,Yes,No,14,Yes,No,Fiber optic,Yes,Yes,No,No,Yes,No,Month-to-month,No,Electronic check,35.52,481.88,Yes
CUST-04386,Male,0,Yes,Yes,5,Yes,Yes,Fiber optic,No,Yes,Yes,No,No,Yes,Month-to-month,No,Mailed check,48.13,228.54,No
CUST-04387,Male,0,Yes,Yes,27,Yes,No,DSL,Yes,Yes,Yes,Yes,No,Yes,Month-to-month,Yes,Electronic check,58.59,1407.96,No
CUST-04388,Male,0,Yes,No,68,Yes,No,Fiber optic,No,No,Yes,No,Yes,No,Two year,Yes,Mailed check,59.47,3987.31,No
CUST-04389,Male,0,No,Yes,29,Yes,No,Fiber optic,No,Yes,No,Yes,No,Yes,Month-to-month,Yes,Credit card (automatic),99.76,2470.32,Yes
CUST-04390,Female,0,Yes,No,3,Yes,Yes,Fiber optic,Yes,Yes,Yes,Yes,No,No,Month-to-month,No,Electronic check,68.49,187.53,No
CUST-04391,Female,0,No,No,30,Yes,No,Fiber optic,Yes,No,No,No,No,Yes,Month-to-month,Yes,Bank transfer (automatic),23.68,715.32,Yes
CUST-04392,Female,0,Yes,No,9,No,No phone service,DSL,Yes,Yes,No,No,No,Yes,Two year,No,Mailed check,79.26,715.74,No
CUST-04393,Female,0,Yes,No,1,Yes,No,Fiber optic,Yes,No,Yes,No,Yes,Yes,One year,Yes,Credit card (automatic),49.29,51.26,No
CUST-04394,Female,0,No,No,23,Yes,Yes,Fiber optic,No,No,No,No,No,Yes,Month-to-month,Yes,Bank transfer (automatic),52.67,1171.89,No
CUST-04395,Female,0,No,Yes,67,No,No phone service,DSL,No,Yes,Yes,Yes,Yes,Yes,One year,No,Electronic check,39.08,2476.6,Yes
CUST-04396,Male,0,Yes,No,32,Yes,No,Fiber optic,Yes,Yes,No,Yes,No,Yes,Two year,Yes,Electronic check,29.4,925.15,No
CUST-04397,Female,0,No,No,6,Yes,No,No,No internet service,No internet service,No internet service,No internet service,No internet service,No internet service,Month-to-month,Yes,Bank transfer (automatic),44.13,269.81,Yes
CUST-04398,Female,0,Yes,No,49,Yes,Yes,Fiber optic,Yes,Yes,No,No,Yes,No,Two year,Yes,Electronic check,107.44,5106.27,No
CUST-04399,Male,0,No,No,15,Yes,No,DSL,Yes,No,No,Yes,No,Yes,Two year,Yes,Credit card (automatic),106.92,1601.9,No
CUST-04400,Male,0,No,No,58,No,No phone service,Fiber optic,Yes,No,No,Yes,Yes,Yes,Month-to-month,Yes,Electronic check,114.4,6056.03,No
CUST-04401,Female,1,Yes,No,53,Yes,No,DSL,No,Yes,Yes,No,Yes,No,Month-to-month,No,Credit card (automatic),21.49,1042.61,Yes
CUST-04402,Male,0,No,No,30,Yes,Yes,Fiber optic,No,Yes,Yes,Yes,Yes,Yes,Month-to-month,Yes,Electronic check,109.85,2847.7,No
CUST-04403,Female,0,No,No,40,Yes,No,Fiber optic,No,Yes,No,Yes,No,No,Month-to-month,Yes,Electronic check,54.87,1983.82,No
CUST-04404,Male,0,No,No,59,Yes,No,No,No internet service,No internet service,No internet service,No internet service,No internet service,No internet service,Month-to-month,Yes,Credit card (automatic),84.15,4707.76,No
CUST-04405,Female,0,No,Yes,63,Yes,No,Fiber optic,Yes,Yes,Yes,Yes,Yes,No,Month-to-month,Yes,Bank transfer (automatic),81.22,5028.92,No
CUST-04406,Male,0,Yes,No,48,Yes,Yes,Fiber optic,No,No,No,Yes,No,No,Month-to-month,Yes,Mailed check,35.51,1635.48,No
CUST-04407,Male,0,No,No,68,No,No phone service,Fiber optic,Yes,No,Yes,No,Yes,Yes,Month-to-month,Yes,Electronic check,35.55,2402.68,Yes
CUST-04408,Female,0,No,No,7,Yes,No,No,No internet service,No internet service,No internet service,No internet service,No internet service,No internet service,Month-to-month,Yes,Electronic check,39.77,261.9,No
CUST-04409,Female,0,No,Yes,47,Yes,Yes,Fiber optic,No,Yes,No,Yes,No,No,Month-to-month,No,Electronic check,45.42,2033.56,Yes
CUST-04410,Female,0,Yes,No,43,Yes,Yes,DSL,Yes,Yes,No,Yes,No,No,Month-to-month,No,Electronic check,55.68,2259.01,No
CUST-04411,Female,0,No,No,16,Yes,No,No,No internet service,No internet service,No internet service,No internet service,No internet service,No internet service,Month-to-month,Yes,Electronic check,64.41,999.97,No
CUST-04412,Female,1,No,No,22,Yes,No,DSL,No,No,Yes,Yes,No,No,One year,Yes,Electronic check,54.63,1103.09,No
CUST-04413,Male,0,No,No,63,Yes,No,DSL,No,No,Yes,Yes,No,No,Month-to-month,No,Credit card (automatic),78.11,4786.39,No
CUST-04414,Female,0,Yes,Yes,46,Yes,No,DSL,No,No,No,Yes,Yes,Yes,Month-to-month,Yes,Electronic check,34.03,1457.88,Yes
CUST-04415,Female,0,Yes,No,45,Yes,Yes,Fiber optic,Yes,No,No,Yes,Yes,No,Month-to-month,Yes,Credit card (automatic),113.1,4935.95,No
CUST-04416,Male,0,Yes,No,41,Yes,Yes,No,No internet service,No internet service,No internet service,No internet service,No internet service,No internet service,Two year,Yes,Mailed check,103.4,3894.06,No
CUST-04417,Male,1,Yes,No,25,Yes,No,Fiber optic,Yes,Yes,No,Yes,Yes,Yes,One year,No,Electronic check,23.29,513.86,Yes
CUST-04418,Female,1,No,No,50,Yes,Yes,DSL,No,No,Yes,Yes,Yes,No,Two year,Yes,Mailed check,65.08,2892.75,No
CUST-04419,Male,0,No,Yes,67,Yes,Yes,Fiber optic,No,No,No,No,Yes,No,Two year,Yes,Credit card (automatic),101.1,5953.76,No
CUST-04420,Male,0,No,No,52,Yes,Yes,Fiber optic,Yes,No,No,Yes,Yes,Yes,Month-to-month,Yes,Credit card (automatic),53.95,2473.69,Yes
CUST-04421,Female,0,No,No,31,Yes,No,No,No internet service,No internet service,No internet service,No internet service,No internet service,No internet service,Month-to-month,Yes,Mailed check,61.19,1847.39,No
CUST-04422,Male,0,Yes,Yes,37,Yes,No,Fiber optic,No,No,Yes,Yes,Yes,Yes,Two year,No,Bank transfer (automatic),119.57,4537.79,No
CUST-04423,Male,0,Yes,No,22,Yes,No,DSL,No,No,Yes,No,Yes,No,One year,Yes,Electronic check,95.06,2146.4,No
CUST-04424,Female,1,No,No,27,Yes,No,Fiber optic,No,Yes,Yes,No,No,Yes,One year,Yes,Mailed check,46.25,1243.47,No
CUST-04425,Female,1,No,No,2,Yes,No,DSL,No,Yes,No,No,No,No,Month-to-month,Yes,Electronic check,75.65,145.05,Yes
CUST-04426,Male,1,No,No,22,Yes,Yes,DSL,No,No,Yes,Yes,Yes,Yes,Month-to-month,Yes,Electronic check,99.88,2071.12,Yes
CUST-04427,Male,0,Yes,No,53,Yes,No,Fiber optic,No,No,Yes,No,Yes,Yes,One year,No,Mailed check,46.59,2161.6,No
CUST-04428,Female,0,No,No,17,Yes,No,Fiber optic,No,Yes,No,No,No,No,Month-to-month,No,Credit card (automatic),25.77,389.8,Yes
CUST-04429,Male,0,Yes,No,56,Yes,Yes,Fiber optic,Yes,No,No,Yes,No,No,Month-to-month,Yes,Credit card (automatic),51.64,3002.24,No
CUST-04430,Male,0,No,Yes,31,Yes,No,Fiber optic,Yes,Yes,No,No,No,No,One year,No,Mailed check,108.02,3061.03,No
CUST-04431,Male,0,No,No,43,Yes,Yes,Fiber optic,No,No,No,No,No,No,Two year,Yes,Mailed check,65.72,2734.86,No
CUST-04432,Female,0,No,No,72,Yes,Yes,DSL,No,Yes,Yes,Yes,No,No,One year,Yes,Credit card (automatic),78.92,5530.95,No
CUST-04433,Male,0,Yes,Yes,53,Yes,No,DSL,No,Yes,No,No,Yes,Yes,Two year,Yes,Electronic check,22.21,1051.73,No
CUST-04434,Male,0,No,No,5,Yes,Yes,DSL,No,No,No,Yes,No,No,Month-to-month,Yes,Bank transfer (automatic),42.43,212.54,Yes
CUST-04435,Female,1,Yes,No,2,Yes,Yes,No,No internet service,No internet service,No internet service,No internet service,No internet service,No internet service,Two year,No,Electronic check,98.05,170.46,No
CUST-04436,Male,1,Yes,No,59,Yes,Yes,Fiber optic,Yes,Yes,Yes,Yes,No,No,One year,Yes,Electronic check,90.56,4828.92,No
CUST-04437,Male,1,No,Yes,4,Yes,No,Fiber optic,No,No,No,No,No,No,Month-to-month,Yes,Electronic check,29.31,112.72,No
CUST-04438,Female,0,Yes,No,34,Yes,Yes,DSL,Yes,No,Yes,Yes,No,No,Month-to-month,No,Mailed check,101.69,3274.81,No
CUST-04439,Female,0,No,No,67,Yes,Yes,DSL,No,No,Yes,No,No,Yes,Month-to-month,Yes,Electronic check,72.25,4824.3,Yes
CUST-04440,Female,0,Yes,No,6,Yes,Yes,No,No internet service,No internet service,No internet service,No internet service,No internet service,No internet service,Month-to-month,Yes,Mailed check,43.49,271.83,No
CUST-04441,Female,0,No,No,58,No,No phone service,No,No internet service,No internet service,No internet service,No internet service,No internet service,No internet service,Month-to-month,Yes,Electronic check,33.86,1766.3,No
CUST-04442,Male,1,No,No,47,Yes,Yes,DSL,No,Yes,No,No,Yes,No,Two year,Yes,Electronic check,35.49,1429.58,No
CUST-04443,Male,1,Yes,Yes,5,Yes,No,No,No internet service,No internet service,No internet service,No internet service,No internet service,No internet service,Two year,Yes,Bank transfer (automatic),60.64,277.73,No
CUST-04444,Female,0,No,No,61,Yes,Yes,Fiber optic,No,Yes,No,Yes,No,Yes,Month-to-month,Yes,Mailed check,107.36,6645.52,No
CUST-04445,Female,0,No,Yes,56,Yes,Yes,DSL,No,Yes,Yes,No,Yes,No,Two year,Yes,Credit card (automatic),55.51,3100.81,No
CUST-04446,Male,0,No,No,35,Yes,No,DSL,No,No,No,Yes,No,Yes,Month-to-month,Yes,Mailed check,84.41,2814.5,No
CUST-04447,Female,0,No,Yes,13,Yes,Yes,Fiber optic,Yes,No,Yes,No,Yes,Yes,Month-to-month,Yes,Credit card (automatic),32.56,398.01,Yes
CUST-04448,Male,1,No,No,26,Yes,Yes,Fiber optic,Yes,No,Yes,No,No,Yes,Two year,Yes,Mailed check,24.52,590.34,No
CUST-04449,Female,0,Yes,No,64,Yes,Yes,No,No internet service,No internet service,No internet service,No internet service,No internet service,No internet service,Two year,Yes,Mailed check,59.94,3424.1,No
CUST-04450,Male,0,Yes,No,11,Yes,No,DSL,Yes,Yes,No,Yes,No,Yes,Two year,Yes,Electronic check,34.77,351.19,No
CUST-04451,Female,0,Yes,No,62,Yes,No,Fiber optic,No,No,No,Yes,Yes,No,One year,No,Mailed check,37.86,2085.82,No
CUST-04452,Female,0,No,Yes,47,Yes,No,DSL,Yes,No,Yes,Yes,Yes,No,Month-to-month,No,Credit card (automatic),45.5,1845.68,No
CUST-04453,Male,0,No,No,70,Yes,Yes,DSL,No,Yes,No,No,Yes,Yes,Month-to-month,No,Bank transfer (automatic),24.27,1745.78,No
CUST-04454,Female,1,No,No,58,Yes,Yes,DSL,Yes,No,No,No,No,No,Two year,Yes,Electronic check,99.69,5196.39,No
CUST-04455,Male,0,No,No,10,Yes,No,No,No internet service,No internet service,No internet service,No internet service,No internet service,No internet service,Month-to-month,Yes,Credit card (automatic),73.29,637.19,Yes
CUST-04456,Male,0,No,Yes,16,Yes,No,Fiber optic,No,Yes,No,No,No,Yes,Month-to-month,No,Mailed check,59.53,905.03,No
CUST-04457,Male,0,Yes,Yes,12,Yes,No,DSL,No,Yes,Yes,No,No,No,One year,No,Electronic check,51.79,559.38,No
CUST-04458,Male,0,Yes,No,71,Yes,No,Fiber optic,No,Yes,No,No,No,Yes,Two year,Yes,Credit card (automatic),18.1,1196.09,No
CUST-04459,Male,0,No,No,50,Yes,No,Fiber optic,Yes,No,No,Yes,No,No,Month-to-month,Yes,Mailed check,106.67,5561.14,No
CUST-04460,Female,0,Yes,No,15,Yes,Yes,DSL,No,Yes,Yes,No,Yes,No,Month-to-month,No,Electronic check,95.71,1274.04,No
CUST-04461,Female,0,No,Yes,59,No,No phone service,No,No internet service,No internet service,No internet service,No internet service,No internet service,No internet service,Month-to-month,Yes,Credit card (automatic),92.57,4979.28,No
CUST-04462,Male,0,Yes,No,70,Yes,Yes,No,No internet service,No internet service,No internet service,No internet service,No internet service,No internet service,Month-to-month,Yes,Mailed check,35.79,2386.85,No
CUST-04463,Female,0,Yes,No,62,Yes,Yes,Fiber optic,Yes,Yes,No,No,Yes,No,One year,Yes,Electronic check,23.32,1351.95,No
CUST-04464,Male,0,No,Yes,72,Yes,Yes,Fiber optic,Yes,Yes,Yes,No,No,No,Month-to-month,Yes,Bank transfer (automatic),24.6,1540.48,No
CUST-04465,Female,0,Yes,No,62,Yes,Yes,Fiber optic,Yes,Yes,Yes,No,No,No,Two year,No,Credit card (automatic),72.7,4502.75,No
CUST-04466,Female,0,No,No,50,Yes,Yes,DSL,No,Yes,No,No,No,Yes,Month-to-month,Yes,Electronic check,82.88,3912.26,No
CUST-04467,Female,0,Yes,No,54,Yes,Yes,Fiber optic,Yes,No,No,Yes,No,Yes,Month-to-month,Yes,Mailed check,119.82,5834.67,Yes
CUST-04468,Female,0,No,Yes,54,Yes,Yes,DSL,Yes,Yes,Yes,No,No,No,Month-to-month,No,Mailed check,71.28,3864.57,No
CUST-04469,Male,0,No,No,28,Yes,No,No,No internet service,No internet service,No internet service,No internet service,No internet service,No internet service,Month-to-month,No,Bank transfer (automatic),51.9,1346.36,No
CUST-04470,Male,0,No,Yes,51,Yes,Yes,Fiber optic,Yes,No,No,No,Yes,No,Two year,Yes,Electronic check,87.34,4069.76,No
CUST-04471,Female,1,No,No,33,Yes,Yes,DSL,Yes,Yes,No,No,No,No,Month-to-month,Yes,Electronic check,83.68,2763.11,Yes
CUST-04472,Female,0,Yes,No,1,Yes,Yes,Fiber optic,Yes,No,No,No,Yes,Yes,Month-to-month,No,Bank transfer (automatic),20.34,17.74,No
CUST-04473,Male,0,Yes,No,69,Yes,No,Fiber optic,Yes,No,Yes,No,No,No,Month-to-month,No,Bank transfer (automatic),30.62,2179.85,No
CUST-04474,Female,1,Yes,Yes,1,Yes,No,No,No internet service,No internet service,No internet service,No internet service,No internet service,No internet service,Two year,Yes,Electronic check,88.62,76.16,Yes
CUST-04475,Male,0,No,No,55,Yes,Yes,Fiber optic,Yes,Yes,No,No,No,No,Month-to-month,No,Electronic check,26.4,1274.83,Yes
CUST-04476,Male,0,No,Yes,45,Yes,Yes,Fiber optic,No,No,Yes,No,Yes,No,Month-to-month,Yes,Credit card (automatic),100.23,4043.17,Yes
CUST-04477,Male,0,Yes,No,40,Yes,Yes,DSL,No,No,No,No,Yes,No,Month-to-month,Yes,Bank transfer (automatic),110.6,4358.03,No
CUST-04478,Female,0,No,Yes,61,Yes,Yes,Fiber optic,No,Yes,No,No,No,Yes,Month-to-month,Yes,Credit card (automatic),38.4,2312.91,Yes
CUST-04479,Male,0,Yes,No,36,Yes,No,DSL,No,Yes,No,No,Yes,No,Month-to-month,No,Electronic check,69.56,2626.97,Yes
CUST-04480,Female,0,Yes,No,24,Yes,No,DSL,No,Yes,Yes,No,Yes,Yes,Month-to-month,Yes,Mailed check,50.08,1153.11,Yes
CUST-04481,Male,0,No,Yes,14,Yes,Yes,Fiber optic,No,Yes,No,Yes,Yes,No,Month-to-month,Yes,Electronic check,71.14,1011.58,Yes
CUST-04482,Female,1,Yes,No,1,Yes,No,Fiber optic,Yes,Yes,No,Yes,Yes,Yes,One year,No,Bank transfer (automatic),80.83,76.01,Yes
CUST-04483,Female,0,Yes,No,47,Yes,No,No,No internet service,No internet service,No internet service,No internet service,No internet service,No internet service,Two year,No,Electronic check,19.2,882.97,No
CUST-04484,Female,0,No,No,21,Yes,No,Fiber optic,Yes,Yes,No,Yes,No,Yes,Month-to-month,No,Electronic check,109.33,1979.5,Yes
CUST-04485,Male,0,No,Yes,39,Yes,No,Fiber optic,No,Yes,No,No,Yes,No,One year,No,Bank transfer (automatic),55.66,2202.0,No
CUST-04486,Male,0,Yes,No,3,Yes,Yes,No,No internet service,No internet service,No internet service,No internet service,No internet service,No internet service,Month-to-month,Yes,Credit card (automatic),37.57,110.49,No
CUST-04487,Female,0,No,Yes,16,Yes,No,No,No internet service,No internet service,No internet service,No internet service,No internet service,No internet service,Month-to-month,Yes,Credit card (automatic),21.27,332.07,No
CUST-04488,Female,0,No,No,68,Yes,No,Fiber optic,No,No,Yes,Yes,No,Yes,Month-to-month,Yes,Electronic check,119.26,7250.63,No
CUST-04489,Female,0,Yes,No,26,Yes,Yes,Fiber optic,Yes,Yes,No,No,No,Yes,Two year,No,Credit card (automatic),95.46,2310.57,No
CUST-04490,Male,0,No,No,54,No,No phone service,No,No internet service,No internet service,No internet service,No internet service,No internet service,No internet service,Month-to-month,No,Credit card (automatic),64.51,3120.67,No
CUST-04491,Male,1,Yes,No,13,Yes,Yes,Fiber optic,No,Yes,No,Yes,No,Yes,Two year,Yes,Electronic check,106.32,1369.55,No
CUST-04492,Male,0,Yes,No,61,Yes,Yes,Fiber optic,No,No,Yes,No,Yes,No,One year,No,Credit card (automatic),64.53,4129.58,No
CUST-04493,Male,0,Yes,Yes,20,Yes,No,DSL,No,No,Yes,No,No,No,Month-to-month,Yes,Credit card (automatic),88.17,1566.99,Yes
CUST-04494,Female,0,No,No,27,Yes,Yes,Fiber optic,Yes,Yes,No,Yes,No,Yes,One year,Yes,Electronic check,115.63,2731.1,Yes
CUST-04495,Female,0,Yes,No,2,Yes,No,DSL,No,No,No,No,Yes,No,Month-to-month,Yes,Electronic check,90.04,165.22,No
CUST-04496,Male,0,Yes,No,10,Yes,Yes,DSL,Yes,Yes,No,Yes,No,Yes,Two year,Yes,Electronic check,42.49,404.08,Yes
CUST-04497,Male,0,Yes,Yes,60,Yes,No,No,No internet service,No internet service,No internet service,No internet service,No internet service,No internet service,Month-to-month,Yes,Credit card (automatic),113.2,6727.23,Yes
CUST-04498,Female,0,Yes,No,19,Yes,Yes,Fiber optic,Yes,Yes,No,No,No,Yes,Month-to-month,Yes,Electronic check,20.27,365.58,Yes
CUST-04499,Male,0,No,No,15,Yes,Yes,Fiber optic,No,Yes,Yes,Yes,Yes,Yes,One year,No,Mailed check,111.89,1757.38,Yes
CUST-04500,Male,0,Yes,No,47,Yes,No,Fiber optic,Yes,No,No,No,Yes,No,One year,No,Bank transfer (automatic),116.14,5448.31,No
CUST-04501,Male,0,No,No,24,Yes,Yes,DSL,No,No,No,No,No,No,One year,No,Bank transfer (automatic),27.36,582.67,Yes
CUST-04502,Male,0,No,No,16,Yes,Yes,DSL,No,No,No,Yes,Yes,Yes,Month-to-month,No,Electronic check,23.71,344.74,No
CUST-04503,Male,0,No,No,60,Yes,Yes,Fiber optic,No,No,No,Yes,Yes,No,Month-to-month,No,Mailed check,103.55,6278.85,No
CUST-04504,Male,0,No,No,49,Yes,Yes,DSL,No,Yes,No,No,Yes,No,Two year,Yes,Mailed check,20.56,1033.27,No
CUST-04505,Female,0,Yes,No,4,Yes,Yes,Fiber optic,No,No,No,Yes,Yes,No,Month-to-month,Yes,Mailed check,100.08,382.8,No
CUST-04506,Male,0,Yes,Yes,66,Yes,Yes,No,No internet service,No internet service,No internet service,No internet service,No internet service,No internet service,Month-to-month,Yes,Electronic check,54.0,3350.56,No
CUST-04507,Male,0,No,No,49,Yes,Yes,DSL,Yes,Yes,No,Yes,No,Yes,Two year,Yes,Credit card (automatic),20.25,873.72,No
CUST-04508,Female,0,Yes,No,31,Yes,Yes,DSL,No,No,No,Yes,No,No,Month-to-month,No,Bank transfer (automatic),83.57,2329.68,Yes
CUST-04509,Female,0,No,No,66,No,No phone service,No,No internet service,No internet service,No internet service,No internet service,No internet service,No internet service,One year,Yes,Bank transfer (automatic),46.5,3040.64,No
CUST-04510,Female,0,Yes,No,54,Yes,Yes,Fiber optic,Yes,Yes,Yes,No,No,Yes,Month-to-month,No,Electronic check,33.43,1552.14,Yes
CUST-04511,Male,0,Yes,Yes,2,Yes,No,DSL,Yes,Yes,No,No,Yes,No,Month-to-month,No,Electronic check,73.76,143.25,Yes
CUST-04512,Female,0,Yes,No,61,Yes,No,DSL,No,Yes,No,No,Yes,Yes,One year,No,Credit card (automatic),20.88,1140.35,No
CUST-04513,Male,1,Yes,No,15,No,No phone service,Fiber optic,No,No,No,No,Yes,Yes,Month-to-month,Yes,Credit card (automatic),58.13,779.87,Yes
CUST-04514,Male,1,No,No,60,No,No phone service,Fiber optic,No,No,Yes,No,No,Yes,Two year,Yes,Mailed check,80.95,4537.41,No
CUST-04515,Male,0,Yes,No,43,Yes,Yes,Fiber optic,Yes,No,Yes,No,No,No,Month-to-month,No,Mailed check,92.03,3721.71,No
CUST-04516,Female,0,No,Yes,40,Yes,No,Fiber optic,No,Yes,No,No,Yes,No,Month-to-month,Yes,Mailed check,70.71,2771.3,No
CUST-04517,Female,0,No,Yes,30,Yes,Yes,No,No internet service,No internet service,No internet service,No internet service,No internet service,No internet service,Two year,Yes,Electronic check,24.29,641.2,No
CUST-04518,Female,0,No,No,63,Yes,Yes,Fiber optic,Yes,Yes,Yes,Yes,No,Yes,One year,No,Bank transfer (automatic),95.87,5549.11,No
CUST-04519,Female,0,Yes,Yes,24,Yes,No,DSL,No,No,Yes,No,Yes,Yes,Month-to-month,Yes,Credit card (automatic),57.54,1218.42,No
CUST-04520,Female,0,No,Yes,44,Yes,Yes,DSL,No,No,No,No,Yes,Yes,Month-to-month,Yes,Electronic check,36.44,1532.92,No
CUST-04521,Male,1,Yes,No,14,Yes,No,Fiber optic,No,No,Yes,No,No,No,Month-to-month,Yes,Bank transfer (automatic),45.01,559.86,Yes
CUST-04522,Male,1,No,No,28,Yes,No,DSL,No,No,No,No,No,Yes,Month-to-month,Yes,Electronic check,86.08,2472.9,No
CUST-04523,Male,0,Yes,Yes,14,Yes,No,DSL,No,No,No,No,No,No,Month-to-month,Yes,Credit card (automatic),38.17,460.24,No
CUST-04524,Male,0,Yes,Yes,56,Yes,No,DSL,Yes,No,No,Yes,No,Yes,Month-to-month,Yes,Electronic check,26.99,1456.15,No
CUST-04525,Female,0,No,No,34,Yes,Yes,Fiber optic,Yes,No,Yes,Yes,Yes,Yes,Month-to-month,No,Mailed check,81.35,2742.19,Yes
CUST-04526,Female,0,No,Yes,12,Yes,No,Fiber optic,Yes,No,Yes,Yes,No,Yes,Month-to-month,Yes,Mailed check,83.88,1036.16,No
CUST-04527,Male,0,Yes,No,56,Yes,No,DSL,No,Yes,No,No,No,No,Month-to-month,Yes,Bank transfer (automatic),63.39,3191.89,No
CUST-04528,Female,0,Yes,No,61,Yes,Yes,Fiber optic,Yes,No,No,No,No,Yes,Month-to-month,No,Bank transfer (automatic),69.51,4179.02,Yes
CUST-04529,Female,0,No,No,61,Yes,No,Fiber optic,No,Yes,Yes,Yes,Yes,Yes,One year,No,Bank transfer (automatic),102.85,6223.25,Yes
CUST-04530,Male,0,No,No,40,Yes,Yes,No,No internet service,No internet service,No internet service,No internet service,No internet service,No internet service,Month-to-month,Yes,Credit card (automatic),52.53,2027.74,No
CUST-04531,Male,0,Yes,Yes,20,Yes,No,No,No internet service,No internet service,No internet service,No internet service,No internet service,No internet service,Month-to-month,Yes,Electronic check,106.09,2164.75,No
CUST-04532,Female,1,No,Yes,42,No,No phone service,No,No internet service,No internet service,No internet service,No internet service,No internet service,No internet service,One year,Yes,Bank transfer (automatic),107.1,4234.78,No
CUST-04533,Female,0,No,No,7,Yes,Yes,No,No internet service,No internet service,No internet service,No internet service,No internet service,No internet service,Two year,No,Electronic check,70.23,488.14,No
CUST-04534,Male,0,No,No,68,Yes,Yes,Fiber optic,Yes,Yes,Yes,No,No,No,Month-to-month,Yes,Credit card (automatic),19.7,1187.98,No
CUST-04535,Male,0,No,No,31,No,No phone service,Fiber optic,No,Yes,No,Yes,Yes,No,One year,Yes,Credit card (automatic),112.09,3627.62,No
CUST-04536,Male,0,Yes,Yes,70,Yes,No,DSL,No,No,No,Yes,No,No,Month-to-month,Yes,Electronic check,32.27,2197.99,No
CUST-04537,Female,0,No,No,47,Yes,No,Fiber optic,Yes,Yes,No,No,No,Yes,Month-to-month,Yes,Electronic check,71.77,3362.93,Yes
CUST-04538,Male,0,Yes,No,51,No,No phone service,DSL,Yes,Yes,Yes,No,No,Yes,Month-to-month,No,Electronic check,86.57,4018.49,No
CUST-04539,Male,1,Yes,No,58,Yes,Yes,Fiber optic,No,No,Yes,Yes,Yes,Yes,One year,Yes,Electronic check,27.7,1502.14,No
CUST-04540,Female,0,No,Yes,22,No,No phone service,DSL,No,Yes,No,Yes,No,Yes,Two year,Yes,Mailed check,94.52,1841.11,No
CUST-04541,Female,0,Yes,No,24,Yes,No,DSL,Yes,No,Yes,Yes,Yes,Yes,Month-to-month,Yes,Mailed check,80.53,2010.34,Yes
CUST-04542,Female,0,No,Yes,34,Yes,Yes,DSL,No,Yes,No,No,Yes,No,Month-to-month,Yes,Electronic check,86.64,3037.51,No
CUST-04543,Female,1,Yes,No,63,Yes,No,No,No internet service,No internet service,No internet service,No internet service,No internet service,No internet service,Month-to-month,Yes,Bank transfer (automatic),33.69,1868.38,No
CUST-04544,Female,0,Yes,No,60,Yes,No,DSL,No,No,Yes,No,No,No,Two year,Yes,Mailed check,45.73,2466.8,No
CUST-04545,Male,0,No,No,19,Yes,Yes,No,No internet service,No internet service,No internet service,No internet service,No internet service,No internet service,One year,Yes,Electronic check,48.86,887.87,Yes
CUST-04546,Male,0,Yes,No,24,Yes,Yes,DSL,No,Yes,Yes,Yes,Yes,Yes,Month-to-month,No,Electronic check,33.34,699.22,No
CUST-04547,Female,0,Yes,No,64,Yes,No,Fiber optic,Yes,Yes,No,Yes,No,No,Month-to-month,No,Credit card (automatic),75.73,4686.29,No
CUST-04548,Female,0,No,Yes,20,No,No phone service,DSL,Yes,No,Yes,Yes,No,Yes,Month-to-month,No,Bank transfer (automatic),25.81,466.2,No
CUST-04549,Female,0,Yes,Yes,27,Yes,No,DSL,Yes,Yes,No,Yes,No,No,Month-to-month,Yes,Credit card (automatic),44.17,1166.61,No
CUST-04550,Female,0,Yes,Yes,58,Yes,Yes,No,No internet service,No internet service,No internet service,No internet service,No internet service,No internet service,Two year,Yes,Mailed check,95.65,4802.8,No
CUST-04551,Female,0,No,Yes,44,Yes,Yes,DSL,Yes,No,Yes,Yes,No,Yes,Two year,No,Electronic check,42.18,1638.14,No
CUST-04552,Male,0,Yes,Yes,65,Yes,Yes,DSL,Yes,Yes,No,No,Yes,No,Month-to-month,No,Credit card (automatic),37.84,2350.18,No
CUST-04553,Male,0,No,No,46,Yes,No,Fiber optic,No,No,No,Yes,Yes,Yes,Month-to-month,No,Electronic check,32.44,1475.83,No
CUST-04554,Male,0,Yes,No,54,No,No phone service,Fiber optic,Yes,Yes,Yes,Yes,No,No,Month-to-month,No,Credit card (automatic),80.94,4225.45,No
CUST-04555,Male,0,Yes,Yes,39,Yes,No,No,No internet service,No internet service,No internet service,No internet service,No internet service,No internet service,Month-to-month,Yes,Electronic check,64.31,2288.81,No
CUST-04556,Female,0,Yes,Yes,7,Yes,No,Fiber optic,No,Yes,No,No,No,No,Two year,Yes,Bank transfer (automatic),40.43,273.51,No
CUST-04557,Male,0,Yes,No,54,Yes,Yes,Fiber optic,No,Yes,No,No,Yes,Yes,Two year,Yes,Credit card (automatic),38.79,1895.37,No
CUST-04558,Female,1,Yes,No,43,Yes,Yes,Fiber optic,No,Yes,No,Yes,Yes,No,One year,Yes,Mailed check,118.86,5324.65,No
CUST-04559,Female,1,Yes,Yes,20,Yes,No,Fiber optic,No,No,Yes,Yes,Yes,Yes,Two year,Yes,Mailed check,24.81,437.75,No
CUST-04560,Female,0,Yes,No,25,Yes,No,Fiber optic,No,No,No,No,No,Yes,One year,Yes,Electronic check,93.85,2280.7,No
CUST-04561,Male,0,Yes,No,43,Yes,No,DSL,No,No,No,No,Yes,No,Month-to-month,No,Bank transfer (automatic),111.34,4510.05,No
CUST-04562,Female,0,No,No,27,Yes,Yes,Fiber optic,No,Yes,No,No,No,No,Two year,Yes,Electronic check,63.43,1573.71,No
CUST-04563,Male,1,No,No,25,Yes,Yes,DSL,No,No,No,No,Yes,No,Month-to-month,No,Bank transfer (automatic),67.13,1592.63,No
CUST-04564,Male,0,Yes,No,36,No,No phone service,Fiber optic,No,No,Yes,No,Yes,No,Month-to-month,Yes,Electronic check,105.01,3303.48,Yes
CUST-04565,Female,0,No,Yes,66,Yes,No,DSL,No,Yes,No,No,No,Yes,Two year,Yes,Bank transfer (automatic),19.47,1202.68,No
CUST-04566,Female,0,No,Yes,9,Yes,No,DSL,Yes,Yes,No,No,No,Yes,Month-to-month,No,Bank transfer (automatic),37.36,346.26,No
CUST-04567,Female,1,No,No,53,Yes,Yes,Fiber optic,Yes,No,No,No,No,No,Month-to-month,No,Electronic check,90.81,4238.1,No
CUST-04568,Male,0,No,No,21,Yes,No,DSL,Yes,No,No,Yes,No,No,Two year,Yes,Electronic check,70.45,1423.56,No
CUST-04569,Female,0,No,No,50,Yes,No,DSL,Yes,No,Yes,No,No,Yes,Month-to-month,Yes,Electronic check,116.66,5869.07,Yes
CUST-04570,Male,0,Yes,Yes,16,Yes,Yes,DSL,No,No,No,No,No,No,One year,Yes,Electronic check,39.58,642.1,No
CUST-04571,Female,0,No,No,66,Yes,No,DSL,Yes,Yes,Yes,No,No,Yes,Two year,Yes,Electronic check,108.44,6331.25,No
CUST-04572,Female,0,No,No,26,Yes,Yes,DSL,No,No,Yes,No,Yes,No,Month-to-month,No,Electronic check,119.99,3113.38,No
CUST-04573,Male,0,Yes,No,44,Yes,No,Fiber optic,No,No,No,Yes,No,Yes,Month-to-month,Yes,Bank transfer (automatic),18.13,799.63,No
CUST-04574,Male,0,Yes,No,29,Yes,No,Fiber optic,Yes,Yes,No,No,No,No,Month-to-month,Yes,Mailed check,47.43,1319.56,No
CUST-04575,Male,1,No,No,46,Yes,No,Fiber optic,Yes,No,No,No,No,Yes,Two year,Yes,Electronic check,118.09,5077.24,No
CUST-04576,Male,0,No,No,71,Yes,Yes,Fiber optic,Yes,No,No,Yes,No,No,One year,Yes,Electronic check,109.64,6712.67,Yes
CUST-04577,Male,0,Yes,No,49,Yes,Yes,Fiber optic,No,No,Yes,No,No,No,Month-to-month,Yes,Electronic check,27.85,1162.25,No
CUST-04578,Male,0,Yes,No,15,Yes,No,DSL,No,No,Yes,Yes,Yes,Yes,Two year,Yes,Mailed check,44.22,641.11,No
CUST-04579,Female,0,No,Yes,17,Yes,No,No,No internet service,No internet service,No internet service,No internet service,No internet service,No internet service,Month-to-month,Yes,Electronic check,82.0,1285.62,Yes
CUST-04580,Female,0,Yes,No,9,Yes,Yes,No,No internet service,No internet service,No internet service,No internet service,No internet service,No internet service,One year,Yes,Bank transfer (automatic),43.28,352.93,No
CUST-04581,Male,0,No,Yes,32,Yes,No,DSL,Yes,Yes,No,Yes,Yes,No,Month-to-month,No,Bank transfer (automatic),57.95,1618.63,No
CUST-04582,Female,0,Yes,No,66,Yes,No,Fiber optic,No,No,No,No,Yes,Yes,Month-to-month,Yes,Credit card (automatic),43.86,3000.59,No
CUST-04583,Male,1,Yes,No,59,Yes,Yes,DSL,Yes,No,Yes,Yes,No,Yes,One year,Yes,Credit card (automatic),48.49,2536.21,No
CUST-04584,Female,1,Yes,Yes,32,Yes,No,DSL,Yes,No,Yes,No,No,No,Month-to-month,No,Electronic check,52.79,1659.43,No
CUST-04585,Female,1,Yes,Yes,43,Yes,No,DSL,Yes,No,No,Yes,No,Yes,Month-to-month,No,Electronic check,71.57,2639.8,No
CUST-04586,Male,0,Yes,No,59,Yes,No,No,No internet service,No internet service,No internet service,No internet service,No internet service,No internet service,Month-to-month,Yes,Electronic check,97.53,5648.07,No
CUST-04587,Male,0,No,No,30,Yes,No,Fiber optic,Yes,No,No,No,No,No,Two year,No,Electronic check,74.15,2181.52,No
CUST-04588,Male,0,No,Yes,11,Yes,Yes,Fiber optic,No,No,Yes,No,No,Yes,Month-to-month,No,Bank transfer (automatic),43.09,488.79,No
CUST-04589,Female,0,Yes,Yes,26,Yes,Yes,Fiber optic,Yes,No,No,No,Yes,No,Month-to-month,No,Electronic check,84.88,2137.28,No
CUST-04590,Male,0,No,No,2,Yes,Yes,Fiber optic,No,No,Yes,Yes,No,No,Month-to-month,No,Electronic check,102.89,175.96,No
CUST-04591,Female,0,No,No,34,Yes,No,DSL,Yes,Yes,Yes,No,No,No,Month-to-month,Yes,Mailed check,84.22,2982.96,No
CUST-04592,Male,0,Yes,No,41,Yes,Yes,No,No internet service,No internet service,No internet service,No internet service,No internet service,No internet service,Month-to-month,Yes,Electronic check,99.61,3551.85,No
CUST-04593,Female,0,Yes,No,31,Yes,No,Fiber optic,No,No,Yes,No,Yes,Yes,Month-to-month,No,Credit card (automatic),63.82,1776.46,No
CUST-04594,Female,0,Yes,No,63,Yes,No,Fiber optic,Yes,No,No,Yes,No,No,Two year,No,Credit card (automatic),112.28,7064.3,No
CUST-04595,Male,0,No,Yes,55,Yes,No,Fiber optic,No,Yes,Yes,Yes,Yes,No,Two year,Yes,Electronic check,80.64,4392.94,No
CUST-04596,Female,0,No,No,61,Yes,Yes,No,No internet service,No internet service,No internet service,No internet service,No internet service,No internet service,Month-to-month,No,Electronic check,90.55,5492.32,No
CUST-04597,Female,0,Yes,No,36,Yes,No,Fiber optic,Yes,Yes,No,Yes,Yes,Yes,One year,No,Mailed check,29.3,985.1,No
CUST-04598,Male,0,No,Yes,40,Yes,No,DSL,Yes,No,Yes,Yes,No,No,Two year,No,Electronic check,82.17,3044.59,No
CUST-04599,Female,0,Yes,No,23,Yes,No,Fiber optic,No,No,Yes,No,No,Yes,Month-to-month,Yes,Electronic check,20.95,466.3,Yes
CUST-04600,Male,1,Yes,No,26,No,No phone service,DSL,No,Yes,Yes,Yes,Yes,Yes,Month-to-month,Yes,Electronic check,34.7,816.05,Yes
CUST-04601,Male,0,Yes,No,18,Yes,No,No,No internet service,No internet service,No internet service,No internet service,No internet service,No internet service,Two year,Yes,Bank transfer (automatic),89.26,1429.22,No
CUST-04602,Male,1,No,No,34,Yes,Yes,Fiber optic,No,No,No,No,Yes,Yes,Month-to-month,No,Electronic check,86.94,2606.58,Yes
CUST-04603,Male,0,Yes,No,28,No,No phone service,DSL,No,Yes,Yes,No,No,No,Month-to-month,Yes,Mailed check,68.62,1781.17,No
CUST-04604,Female,0,No,No,49,Yes,No,Fiber optic,Yes,No,No,No,No,No,Month-to-month,Yes,Electronic check,85.09,4292.2,No
CUST-04605,Female,0,Yes,No,64,Yes,No,DSL,Yes,No,No,Yes,Yes,No,Month-to-month,Yes,Mailed check,101.6,6729.57,No
CUST-04606,Female,0,Yes,No,71,Yes,Yes,Fiber optic,No,No,No,No,No,No,Month-to-month,No,Credit card (automatic),103.07,7526.46,Yes
CUST-04607,Male,0,No,No,63,Yes,Yes,DSL,No,Yes,No,No,Yes,Yes,Month-to-month,No,Bank transfer (automatic),108.73,6102.12,No
CUST-04608,Female,0,No,No,62,Yes,Yes,DSL,Yes,Yes,No,Yes,No,No,One year,Yes,Mailed check,108.79,6534.39,No
CUST-04609,Female,0,No,No,42,Yes,Yes,DSL,No,Yes,No,Yes,No,No,Two year,No,Credit card (automatic),75.65,3114.21,No
CUST-04610,Male,0,No,Yes,24,Yes,No,DSL,Yes,No,No,Yes,No,No,Month-to-month,No,Electronic check,54.0,1221.22,Yes
CUST-04611,Male,0,No,Yes,35,Yes,No,Fiber optic,No,Yes,No,Yes,Yes,Yes,Month-to-month,No,Electronic check,18.03,608.39,Yes
CUST-04612,Female,0,Yes,No,55,No,No phone service,No,No internet service,No internet service,No internet service,No internet service,No internet service,No internet service,Two year,Yes,Mailed check,112.99,5437.93,No
CUST-04613,Male,0,Yes,No,49,Yes,Yes,DSL,No,No,Yes,Yes,No,No,Month-to-month,Yes,Electronic check,38.13,1924.05,No
CUST-04614,Male,0,No,Yes,59,Yes,Yes,DSL,Yes,No,Yes,Yes,No,No,Two year,No,Bank transfer (automatic),102.96,5327.21,No
CUST-04615,Male,0,No,Yes,22,Yes,No,No,No internet service,No internet service,No internet service,No internet service,No internet service,No internet service,Month-to-month,Yes,Electronic check,43.57,974.78,No
CUST-04616,Male,0,No,No,61,Yes,Yes,No,No internet service,No internet service,No internet service,No internet service,No internet service,No internet service,Month-to-month,Yes,Electronic check,50.83,2667.85,No
CUST-04617,Female,0,Yes,No,30,No,No phone service,Fiber optic,No,Yes,Yes,Yes,No,Yes,One year,No,Credit card (automatic),39.06,1090.24,No
CUST-04618,Male,0,Yes,No,69,Yes,Yes,DSL,No,No,No,No,No,Yes,Month-to-month,No,Mailed check,97.13,5958.04,Yes
CUST-04619,Male,1,No,Yes,60,Yes,Yes,Fiber optic,Yes,Yes,Yes,Yes,No,Yes,Month-to-month,No,Electronic check,62.41,3302.04,No
CUST-04620,Male,0,Yes,No,6,Yes,Yes,DSL,No,Yes,Yes,No,Yes,Yes,Month-to-month,Yes,Mailed check,116.11,686.08,No
CUST-04621,Male,0,Yes,No,11,Yes,Yes,No,No internet service,No internet service,No internet service,No internet service,No internet service,No internet service,Month-to-month,Yes,Mailed check,100.59,1137.09,No
CUST-04622,Male,0,Yes,Yes,24,Yes,Yes,No,No internet service,No internet service,No internet service,No internet service,No internet service,No internet service,Month-to-month,Yes,Electronic check,75.78,1833.36,Yes
CUST-04623,Male,0,Yes,No,51,Yes,Yes,Fiber optic,No,No,No,Yes,Yes,Yes,Month-to-month,Yes,Credit card (automatic),97.88,4533.59,No
CUST-04624,Male,0,No,No,19,Yes,No,DSL,No,Yes,No,Yes,Yes,Yes,Month-to-month,Yes,Credit card (automatic),103.92,1918.2,Yes
CUST-04625,Male,0,No,Yes,50,Yes,No,DSL,No,No,No,Yes,No,Yes,Month-to-month,Yes,Mailed check,111.54,5069.05,No
CUST-04626,Female,0,Yes,No,3,Yes,No,No,No internet service,No internet service,No internet service,No internet service,No internet service,No internet service,One year,Yes,Bank transfer (automatic),26.16,68.13,No
CUST-04627,Male,0,Yes,No,3,Yes,Yes,Fiber optic,Yes,No,Yes,Yes,No,No,Month-to-month,Yes,Bank transfer (automatic),99.72,261.26,Yes
CUST-04628,Female,0,No,Yes,31,Yes,No,DSL,No,Yes,Yes,Yes,No,Yes,Month-to-month,No,Bank transfer (automatic),36.76,1008.11,No
CUST-04629,Male,0,Yes,Yes,47,Yes,Yes,DSL,No,No,Yes,Yes,Yes,No,Month-to-month,No,Electronic check,111.45,5144.71,Yes
CUST-04630,Male,0,No,Yes,8,Yes,No,Fiber optic,No,Yes,No,Yes,No,No,Month-to-month,Yes,Bank transfer (automatic),37.16,260.66,Yes
CUST-04631,Male,0,No,No,17,Yes,Yes,No,No internet service,No internet service,No internet service,No internet service,No internet service,No internet service,Month-to-month,Yes,Credit card (automatic),35.55,583.29,No
CUST-04632,Male,1,No,Yes,45,No,No phone service,Fiber optic,No,No,Yes,Yes,No,No,Month-to-month,Yes,Electronic check,68.38,2616.32,Yes
CUST-04633,Female,0,No,No,60,No,No phone service,DSL,Yes,Yes,No,Yes,Yes,No,Two year,Yes,Electronic check,105.44,6303.09,No
CUST-04634,Male,0,Yes,No,21,Yes,Yes,Fiber optic,No,Yes,Yes,No,Yes,No,Two year,No,Credit card (automatic),26.94,510.1,No
CUST-04635,Male,0,No,No,70,Yes,No,DSL,No,Yes,No,Yes,No,Yes,Month-to-month,No,Bank transfer (automatic),24.11,1626.64,No
CUST-04636,Female,1,Yes,No,21,No,No phone service,No,No internet service,No internet service,No internet service,No internet service,No internet service,No internet service,Two year,No,Electronic check,96.03,1854.06,No
CUST-04637,Female,0,Yes,No,58,Yes,No,DSL,Yes,Yes,No,No,Yes,No,Month-to-month,No,Bank transfer (automatic),103.64,5751.59,No
CUST-04638,Male,0,Yes,No,55,Yes,No,Fiber optic,No,No,Yes,No,No,Yes,Month-to-month,Yes,Electronic check,64.6,3157.84,No
CUST-04639,Female,0,Yes,No,28,Yes,Yes,DSL,Yes,Yes,Yes,No,Yes,No,Month-to-month,No,Credit card (automatic),84.03,2291.24,Yes
CUST-04640,Female,0,Yes,No,46,Yes,Yes,DSL,No,No,Yes,No,No,No,Two year,Yes,Mailed check,31.19,1472.66,No
CUST-04641,Female,0,Yes,No,44,Yes,Yes,Fiber optic,No,No,Yes,Yes,No,Yes,Month-to-month,Yes,Electronic check,78.84,3350.11,No
CUST-04642,Male,0,No,No,25,Yes,Yes,No,No internet service,No internet service,No internet service,No internet service,No internet service,No internet service,Month-to-month,Yes,Bank transfer (automatic),19.1,448.1,No
CUST-04643,Male,1,No,No,71,Yes,Yes,DSL,No,No,Yes,Yes,Yes,No,Month-to-month,No,Electronic check,48.79,3272.6,Yes
CUST-04644,Male,0,Yes,No,49,Yes,No,Fiber optic,No,No,No,No,No,No,Month-to-month,Yes,Mailed check,20.18,920.49,No
CUST-04645,Female,0,No,No,46,Yes,Yes,Fiber optic,No,No,Yes,Yes,No,Yes,One year,Yes,Mailed check,45.69,1885.48,No
CUST-04646,Male,0,Yes,No,63,No,No phone service,No,No internet service,No internet service,No internet service,No internet service,No internet service,No internet service,Month-to-month,No,Electronic check,20.32,1185.41,No
CUST-04647,Female,0,No,No,12,Yes,Yes,Fiber optic,No,No,No,Yes,Yes,Yes,Month-to-month,No,Bank transfer (automatic),113.95,1277.6,Yes
CUST-04648,Male,1,Yes,Yes,57,Yes,Yes,DSL,Yes,No,No,No,No,No,Two year,No,Mailed check,108.07,6084.65,No
CUST-04649,Male,0,No,No,64,Yes,Yes,Fiber optic,Yes,Yes,No,No,No,Yes,Month-to-month,No,Credit card (automatic),38.98,2279.38,No
CUST-04650,Female,0,Yes,Yes,31,Yes,Yes,No,No internet service,No internet service,No internet service,No internet service,No internet service,No internet service,Two year,No,Electronic check,111.55,3199.88,No
CUST-04651,Male,0,No,Yes,4,Yes,No,No,No internet service,No internet service,No internet service,No internet service,No internet service,No internet service,Two year,No,Bank transfer (automatic),109.38,426.41,No
CUST-04652,Female,0,Yes,No,54,Yes,No,Fiber optic,Yes,Yes,No,Yes,Yes,No,One year,No,Mailed check,40.28,2192.35,No
CUST-04653,Female,0,Yes,No,65,No,No phone service,No,No internet service,No internet service,No internet service,No internet service,No internet service,No internet service,Month-to-month,No,Electronic check,86.63,5734.33,Yes
CUST-04654,Male,1,Yes,No,6,Yes,Yes,DSL,No,No,No,No,Yes,No,Month-to-month,Yes,Credit card (automatic),37.08,215.72,No
CUST-04655,Female,1,Yes,No,65,Yes,Yes,Fiber optic,No,No,Yes,Yes,Yes,No,Month-to-month,No,Electronic check,87.54,5357.89,No
CUST-04656,Male,0,No,Yes,22,Yes,No,Fiber optic,Yes,No,Yes,No,Yes,No,One year,Yes,Mailed check,24.49,529.21,No
CUST-04657,Male,0,No,No,17,Yes,Yes,DSL,No,Yes,No,No,No,No,Month-to-month,No,Mailed check,105.66,1537.88,No
CUST-04658,Female,0,Yes,No,59,Yes,No,No,No internet service,No internet service,No internet service,No internet service,No internet service,No internet service,Month-to-month,No,Electronic check,102.15,5798.8,Yes
CUST-04659,Male,1,No,Yes,29,Yes,No,Fiber optic,Yes,No,No,Yes,No,No,Month-to-month,Yes,Electronic check,35.53,939.25,Yes
CUST-04660,Female,0,Yes,No,67,Yes,Yes,Fiber optic,Yes,Yes,Yes,No,No,Yes,One year,No,Credit card (automatic),62.87,4017.68,No
CUST-04661,Male,0,No,No,17,Yes,No,DSL,No,No,No,No,No,Yes,Month-to-month,Yes,Credit card (automatic),43.93,678.12,Yes
CUST-04662,Male,0,Yes,No,2,No,No phone service,DSL,No,Yes,No,Yes,No,No,Month-to-month,Yes,Bank transfer (automatic),30.57,54.18,Yes
CUST-04663,Male,0,No,No,32,Yes,Yes,Fiber optic,Yes,No,No,Yes,Yes,No,Month-to-month,No,Electronic check,19.36,556.67,No
CUST-04664,Male,1,Yes,No,22,Yes,No,Fiber optic,Yes,No,Yes,No,No,No,Month-to-month,Yes,Bank transfer (automatic),48.87,1073.68,No
CUST-04665,Male,0,No,No,58,Yes,No,DSL,No,No,No,No,No,No,Two year,No,Credit card (automatic),113.75,6103.06,No
CUST-04666,Female,0,Yes,No,53,Yes,Yes,No,No internet service,No internet service,No internet service,No internet service,No internet service,No internet service,Two year,No,Credit card (automatic),108.59,5726.36,No
CUST-04667,Female,0,No,No,47,Yes,Yes,DSL,No,Yes,Yes,No,Yes,Yes,Month-to-month,No,Electronic check,62.31,2929.48,Yes
CUST-04668,Female,0,No,No,4,Yes,No,No,No internet service,No internet service,No internet service,No internet service,No internet service,No internet service,Month-to-month,Yes,Credit card (automatic),47.43,162.01,No
CUST-04669,Female,0,Yes,No,38,Yes,Yes,DSL,Yes,No,Yes,No,No,Yes,Two year,No,Credit card (automatic),49.38,1947.49,No
CUST-04670,Female,0,No,Yes,13,Yes,Yes,Fiber optic,No,Yes,No,Yes,Yes,No,One year,No,Credit card (automatic),90.05,1018.49,No
CUST-04671,Female,0,No,No,61,Yes,Yes,Fiber optic,Yes,Yes,Yes,Yes,No,Yes,Month-to-month,No,Electronic check,45.13,2599.61,No
CUST-04672,Male,0,No,No,64,Yes,Yes,Fiber optic,No,No,Yes,No,No,No,One year,Yes,Bank transfer (automatic),102.24,6805.57,No
CUST-04673,Male,0,No,No,33,Yes,No,No,No internet service,No internet service,No internet service,No internet service,No internet service,No internet service,Month-to-month,Yes,Mailed check,54.61,1588.85,Yes
CUST-04674,Female,0,No,No,38,Yes,Yes,No,No internet service,No internet service,No internet service,No internet service,No internet service,No internet service,Month-to-month,No,Mailed check,24.88,839.96,No
CUST-04675,Female,0,No,No,29,Yes,Yes,DSL,No,Yes,No,No,Yes,No,One year,No,Mailed check,30.41,790.9,No
CUST-04676,Male,0,No,No,61,Yes,Yes,Fiber optic,Yes,Yes,No,No,Yes,No,Month-to-month,No,Bank transfer (automatic),96.63,5989.06,No
CUST-04677,Male,0,Yes,No,32,Yes,Yes,Fiber optic,Yes,No,Yes,Yes,Yes,No,Two year,No,Mailed check,96.62,3148.25,No
CUST-04678,Male,0,No,No,11,Yes,No,No,No internet service,No internet service,No internet service,No internet service,No internet service,No internet service,Month-to-month,Yes,Mailed check,58.51,662.99,Yes
CUST-04679,Female,0,No,No,18,Yes,No,No,No internet service,No internet service,No internet service,No internet service,No internet service,No internet service,Two year,No,Credit card (automatic),119.52,2046.04,No
CUST-04680,Female,0,No,No,45,Yes,No,Fiber optic,No,Yes,No,Yes,No,Yes,Month-to-month,No,Mailed check,40.37,1871.95,No
CUST-04681,Female,1,Yes,No,21,Yes,No,Fiber optic,No,Yes,Yes,Yes,Yes,No,Month-to-month,Yes,Credit card (automatic),38.02,721.65,Yes
CUST-04682,Male,0,Yes,No,12,Yes,No,DSL,No,Yes,No,Yes,No,Yes,One year,No,Electronic check,71.77,837.16,No
CUST-04683,Male,0,No,No,20,Yes,Yes,Fiber optic,No,Yes,Yes,Yes,No,No,One year,Yes,Bank transfer (automatic),74.64,1396.76,No
CUST-04684,Female,0,No,Yes,7,Yes,No,No,No internet service,No internet service,No internet service,No internet service,No internet service,No internet service,Month-to-month,No,Bank transfer (automatic),60.77,386.07,Yes
CUST-04685,Female,0,Yes,Yes,71,Yes,Yes,No,No internet service,No internet service,No internet service,No internet service,No internet service,No internet service,Two year,Yes,Mailed check,76.78,5465.06,No
CUST-04686,Male,1,Yes,No,2,Yes,No,Fiber optic,No,Yes,No,No,No,Yes,Two year,Yes,Electronic check,109.13,217.63,No
CUST-04687,Male,0,Yes,No,43,Yes,Yes,Fiber optic,Yes,Yes,No,No,No,No,Month-to-month,No,Electronic check,65.44,2813.34,No
CUST-04688,Male,1,No,No,21,No,No phone service,Fiber optic,Yes,Yes,Yes,No,Yes,No,Month-to-month,No,Bank transfer (automatic),119.61,2435.66,No
CUST-04689,Male,0,Yes,No,29,No,No phone service,Fiber optic,No,Yes,No,Yes,Yes,Yes,Two year,No,Credit card (automatic),114.73,3052.4,Yes
CUST-04690,Female,1,No,No,32,Yes,No,Fiber optic,No,No,Yes,Yes,Yes,Yes,Two year,No,Mailed check,89.99,2834.67,No
CUST-04691,Male,1,No,No,45,Yes,Yes,Fiber optic,Yes,No,No,Yes,Yes,No,Two year,Yes,Mailed check,89.86,3599.82,No
CUST-04692,Male,1,No,Yes,59,Yes,No,DSL,No,Yes,Yes,No,Yes,No,Month-to-month,No,Mailed check,92.0,4883.59,No
CUST-04693,Male,0,Yes,No,3,Yes,Yes,DSL,Yes,Yes,No,No,No,Yes,Two year,Yes,Electronic check,105.87,330.79,No
CUST-04694,Female,0,No,No,39,Yes,No,Fiber optic,No,No,Yes,No,Yes,No,One year,Yes,Electronic check,102.67,3839.18,No
CUST-04695,Female,0,No,No,51,No,No phone service,No,No internet service,No internet service,No internet service,No internet service,No internet service,No internet service,Month-to-month,No,Credit card (automatic),91.38,4628.77,No
CUST-04696,Male,0,Yes,No,8,Yes,Yes,Fiber optic,Yes,Yes,No,No,Yes,No,Two year,No,Credit card (automatic),101.22,762.06,Yes
CUST-04697,Male,1,No,Yes,46,Yes,No,Fiber optic,Yes,No,No,No,No,No,One year,No,Bank transfer (automatic),61.87,2420.08,No
CUST-04698,Male,0,No,No,66,Yes,Yes,No,No internet service,No internet service,No internet service,No internet service,No internet service,No internet service,Two year,No,Bank transfer (automatic),68.78,4322.06,No
CUST-04699,Female,1,No,Yes,6,Yes,No,Fiber optic,Yes,Yes,Yes,Yes,No,Yes,One year,Yes,Electronic check,109.28,628.08,No
CUST-04700,Female,0,No,No,58,No,No phone service,DSL,No,Yes,No,No,No,No,Month-to-month,Yes,Electronic check,27.35,1379.12,Yes
CUST-04701,Female,0,Yes,No,41,Yes,Yes,No,No internet service,No internet service,No internet service,No internet service,No internet service,No internet service,Month-to-month,No,Electronic check,97.14,3554.02,No
CUST-04702,Male,0,Yes,No,54,Yes,No,No,No internet service,No internet service,No internet service,No internet service,No internet service,No internet service,One year,Yes,Bank transfer (automatic),86.49,4086.95,No
CUST-04703,Female,0,Yes,No,41,Yes,Yes,Fiber optic,No,No,No,Yes,Yes,Yes,Month-to-month,No,Mailed check,33.15,1395.14,Yes
CUST-04704,Male,0,No,No,48,Yes,Yes,DSL,No,No,Yes,No,No,No,Two year,Yes,Electronic check,60.56,2488.4,No
CUST-04705,Male,0,No,Yes,70,Yes,Yes,No,No internet service,No internet service,No internet service,No internet service,No internet service,No internet service,One year,No,Credit card (automatic),92.28,6472.24,No
CUST-04706,Male,1,Yes,No,27,Yes,No,Fiber optic,No,Yes,No,No,Yes,No,Two year,Yes,Electronic check,91.89,2322.79,Yes
CUST-04707,Female,0,Yes,No,47,Yes,No,DSL,Yes,Yes,Yes,No,Yes,No,Month-to-month,Yes,Electronic check,88.48,3536.92,No
CUST-04708,Male,0,No,Yes,23,No,No phone service,DSL,Yes,No,Yes,No,Yes,Yes,Two year,Yes,Mailed check,33.9,732.77,No
CUST-04709,Female,0,No,No,14,Yes,No,No,No internet service,No internet service,No internet service,No internet service,No internet service,No internet service,Month-to-month,Yes,Electronic check,97.31,1424.34,Yes
CUST-04710,Female,0,Yes,No,61,Yes,No,DSL,No,No,No,No,No,No,Month-to-month,No,Mailed check,31.47,1804.47,No
CUST-04711,Male,0,No,No,67,Yes,No,DSL,Yes,No,Yes,No,Yes,No,Month-to-month,No,Credit card (automatic),118.05,7154.59,No
CUST-04712,Male,0,No,No,25,Yes,Yes,Fiber optic,No,No,No,No,No,No,Two year,Yes,Bank transfer (automatic),33.81,874.0,Yes
CUST-04713,Female,0,Yes,No,65,Yes,No,DSL,Yes,No,No,No,Yes,Yes,Two year,No,Bank transfer (automatic),78.5,4419.24,No
CUST-04714,Male,0,Yes,Yes,24,Yes,Yes,DSL,No,No,Yes,No,Yes,No,Month-to-month,Yes,Credit card (automatic),97.08,2333.1,Yes
CUST-04715,Female,0,Yes,Yes,53,Yes,No,Fiber optic,Yes,Yes,No,Yes,Yes,No,Month-to-month,No,Electronic check,18.75,893.78,No
CUST-04716,Male,1,Yes,No,50,Yes,Yes,DSL,No,No,No,No,No,No,Two year,Yes,Electronic check,91.44,4533.64,No
CUST-04717,Female,0,No,No,1,Yes,Yes,No,No internet service,No internet service,No internet service,No internet service,No internet service,No internet service,Month-to-month,Yes,Credit card (automatic),40.86,35.86,No
CUST-04718,Female,0,Yes,Yes,39,Yes,Yes,Fiber optic,Yes,Yes,Yes,Yes,No,Yes,Two year,Yes,Electronic check,36.44,1221.67,No
CUST-04719,Female,0,Yes,Yes,44,Yes,Yes,DSL,No,Yes,Yes,No,No,No,Month-to-month,No,Bank transfer (automatic),25.57,1109.44,No
CUST-04720,Female,0,No,No,5,Yes,No,DSL,Yes,No,No,Yes,No,Yes,Month-to-month,Yes,Electronic check,37.5,173.53,Yes
CUST-04721,Male,0,Yes,No,68,Yes,No,DSL,No,Yes,No,Yes,No,No,Month-to-month,Yes,Mailed check,80.21,5715.42,No
CUST-04722,Male,0,No,No,72,Yes,No,DSL,No,Yes,No,No,Yes,No,Two year,No,Mailed check,119.91,8307.91,No
CUST-04723,Female,0,Yes,Yes,65,No,No phone service,Fiber optic,No,Yes,No,No,Yes,No,Two year,No,Electronic check,75.89,4246.66,No
CUST-04724,Female,0,No,No,15,Yes,No,DSL,No,No,No,No,Yes,Yes,Month-to-month,Yes,Bank transfer (automatic),79.68,1049.66,No
CUST-04725,Male,0,No,No,50,Yes,Yes,Fiber optic,Yes,Yes,No,No,Yes,No,One year,No,Credit card (automatic),57.71,2971.34,Yes
CUST-04726,Male,0,Yes,No,6,Yes,Yes,No,No internet service,No internet service,No internet service,No internet service,No internet service,No internet service,Two year,Yes,Electronic check,21.83,113.19,No
CUST-04727,Male,0,No,No,66,Yes,No,Fiber optic,No,No,No,Yes,No,No,Two year,Yes,Mailed check,92.64,5856.36,No
CUST-04728,Male,0,Yes,Yes,69,No,No phone service,Fiber optic,Yes,No,Yes,No,Yes,No,Month-to-month,No,Electronic check,25.98,1529.96,No
CUST-04729,Male,0,No,No,39,No,No phone service,No,No internet service,No internet service,No internet service,No internet service,No internet service,No internet service,Two year,Yes,Electronic check,91.34,3539.47,No
CUST-04730,Male,0,No,No,29,Yes,Yes,No,No internet service,No internet service,No internet service,No internet service,No internet service,No internet service,Month-to-month,No,Electronic check,103.11,2625.57,Yes
CUST-04731,Female,0,Yes,No,46,Yes,Yes,No,No internet service,No internet service,No internet service,No internet service,No internet service,No internet service,One year,Yes,Credit card (automatic),40.82,1663.63,No
CUST-04732,Male,0,No,Yes,31,No,No phone service,Fiber optic,No,Yes,Yes,Yes,Yes,Yes,One year,Yes,Bank transfer (automatic),97.13,2729.61,No
CUST-04733,Male,0,Yes,No,24,Yes,No,No,No internet service,No internet service,No internet service,No internet service,No internet service,No internet service,Two year,No,Credit card (automatic),111.03,2266.6,No
CUST-04734,Female,1,No,No,15,Yes,Yes,No,No internet service,No internet service,No internet service,No internet service,No internet service,No internet service,Month-to-month,Yes,Electronic check,74.87,1072.36,Yes
CUST-04735,Male,0,Yes,Yes,20,Yes,No,Fiber optic,Yes,No,No,Yes,Yes,No,One year,Yes,Electronic check,61.58,1285.99,No
CUST-04736,Male,0,No,No,4,Yes,No,Fiber optic,No,Yes,Yes,No,Yes,Yes,One year,Yes,Electronic check,74.25,293.73,Yes
CUST-04737,Male,0,Yes,No,58,Yes,Yes,DSL,Yes,Yes,Yes,No,No,Yes,Month-to-month,No,Bank transfer (automatic),100.16,6044.61,Yes
CUST-04738,Male,0,No,No,61,No,No phone service,Fiber optic,No,No,No,No,Yes,Yes,Month-to-month,Yes,Electronic check,80.89,4322.86,No
CUST-04739,Male,0,No,Yes,10,Yes,No,DSL,Yes,No,Yes,Yes,No,No,Month-to-month,Yes,Electronic check,75.55,678.6,No
CUST-04740,Female,0,No,No,41,Yes,Yes,DSL,No,No,No,Yes,Yes,No,Two year,Yes,Mailed check,59.37,2238.22,No
CUST-04741,Male,0,Yes,Yes,53,Yes,Yes,DSL,Yes,Yes,No,Yes,No,Yes,Two year,Yes,Electronic check,20.64,1092.29,No
CUST-04742,Female,1,No,Yes,71,Yes,No,Fiber optic,Yes,Yes,Yes,Yes,No,Yes,Month-to-month,No,Electronic check,33.0,2458.26,No
CUST-04743,Female,0,Yes,No,48,Yes,No,Fiber optic,No,Yes,No,Yes,Yes,No,Two year,Yes,Electronic check,70.24,3443.28,No
CUST-04744,Male,0,Yes,No,15,Yes,No,Fiber optic,Yes,Yes,Yes,No,No,No,Two year,Yes,Electronic check,83.88,1216.95,No
CUST-04745,Female,0,Yes,Yes,7,Yes,No,DSL,No,No,No,No,No,No,Two year,Yes,Mailed check,36.28,245.57,No
CUST-04746,Male,0,Yes,No,72,Yes,No,No,No internet service,No internet service,No internet service,No internet service,No internet service,No internet service,Month-to-month,Yes,Bank transfer (automatic),87.27,6308.92,No
CUST-04747,Female,0,No,Yes,71,Yes,No,Fiber optic,Yes,Yes,No,No,No,Yes,One year,No,Electronic check,71.4,4500.09,Yes
CUST-04748,Female,0,Yes,No,43,Yes,No,Fiber optic,Yes,No,Yes,No,No,No,Month-to-month,Yes,Bank transfer (automatic),86.37,3767.99,No
CUST-04749,Male,0,No,Yes,4,Yes,No,DSL,No,Yes,Yes,No,No,Yes,One year,No,Credit card (automatic),71.78,286.46,No
CUST-04750,Male,0,Yes,No,51,Yes,No,No,No internet service,No internet service,No internet service,No internet service,No internet service,No internet service,Two year,No,Electronic check,61.65,2715.5,No
CUST-04751,Male,0,Yes,No,71,Yes,Yes,Fiber optic,Yes,No,No,Yes,Yes,Yes,Month-to-month,No,Electronic check,50.07,3051.28,Yes
CUST-04752,Male,0,No,No,59,Yes,No,No,No internet service,No internet service,No internet service,No internet service,No internet service,No internet service,One year,No,Bank transfer (automatic),34.94,1815.91,No
CUST-04753,Male,1,Yes,No,41,Yes,Yes,DSL,Yes,No,No,No,Yes,No,Month-to-month,Yes,Bank transfer (automatic),26.79,1077.16,No
CUST-04754,Female,0,Yes,No,61,Yes,No,Fiber optic,No,No,Yes,No,No,Yes,Month-to-month,Yes,Mailed check,105.36,6689.07,Yes
CUST-04755,Female,0,Yes,No,30,Yes,Yes,DSL,No,No,Yes,No,No,No,Month-to-month,Yes,Mailed check,73.43,1921.64,No
CUST-04756,Female,0,No,Yes,18,No,No phone service,DSL,Yes,Yes,Yes,No,Yes,Yes,Month-to-month,Yes,Bank transfer (automatic),118.74,2077.0,No
CUST-04757,Female,0,No,Yes,30,Yes,No,Fiber optic,Yes,Yes,No,Yes,Yes,Yes,Two year,No,Mailed check,104.07,3025.18,No
CUST-04758,Female,0,Yes,No,7,Yes,Yes,No,No internet service,No internet service,No internet service,No internet service,No internet service,No internet service,One year,No,Electronic check,29.92,185.14,No
CUST-04759,Female,0,Yes,Yes,52,Yes,Yes,Fiber optic,Yes,No,No,No,Yes,Yes,Month-to-month,No,Credit card (automatic),106.86,5015.63,Yes
CUST-04760,Female,0,No,No,48,Yes,Yes,DSL,No,Yes,Yes,No,No,Yes,Month-to-month,Yes,Electronic check,97.17,4467.59,No
CUST-04761,Male,0,No,No,23,Yes,Yes,Fiber optic,Yes,No,No,No,No,Yes,Two year,Yes,Bank transfer (automatic),118.74,2504.72,Yes
CUST-04762,Male,0,Yes,No,37,Yes,No,DSL,No,No,Yes,No,No,No,One year,Yes,Mailed check,108.64,3543.89,No
CUST-04763,Female,0,No,No,71,No,No phone service,Fiber optic,No,No,No,Yes,No,Yes,Month-to-month,Yes,Mailed check,54.45,3618.26,No
CUST-04764,Female,0,Yes,Yes,53,Yes,No,Fiber optic,No,Yes,Yes,No,Yes,No,One year,Yes,Electronic check,83.47,3839.68,No
CUST-04765,Male,0,Yes,Yes,45,No,No phone service,Fiber optic,No,Yes,No,Yes,Yes,Yes,Month-to-month,Yes,Bank transfer (automatic),83.01,3608.69,Yes
CUST-04766,Male,1,Yes,Yes,49,No,No phone service,Fiber optic,No,No,No,Yes,Yes,No,Two year,Yes,Electronic check,114.01,4909.83,No
CUST-04767,Male,0,No,Yes,49,Yes,No,DSL,No,Yes,No,No,No,Yes,Month-to-month,Yes,Credit card (automatic),35.65,1739.46,Yes
CUST-04768,Male,1,Yes,No,47,Yes,Yes,DSL,Yes,No,Yes,Yes,Yes,No,Month-to-month,Yes,Mailed check,63.0,2840.84,No
CUST-04769,Female,0,No,No,25,Yes,No,No,No internet service,No internet service,No internet service,No internet service,No internet service,No internet service,One year,No,Bank transfer (automatic),77.28,1672.6,No
CUST-04770,Male,0,Yes,No,27,Yes,No,No,No internet service,No internet service,No internet service,No internet service,No internet service,No internet service,Two year,Yes,Bank transfer (automatic),18.61,449.49,No
CUST-04771,Female,0,Yes,No,12,Yes,No,DSL,No,No,No,Yes,No,No,Month-to-month,No,Credit card (automatic),32.92,369.69,No
CUST-04772,Female,0,No,Yes,23,Yes,Yes,Fiber optic,Yes,Yes,Yes,Yes,Yes,Yes,Month-to-month,No,Mailed check,84.02,1795.05,Yes
CUST-04773,Female,0,Yes,Yes,17,Yes,Yes,DSL,Yes,No,No,No,No,Yes,Month-to-month,Yes,Electronic check,66.17,1141.9,Yes
CUST-04774,Male,0,Yes,No,44,Yes,No,Fiber optic,No,No,No,Yes,Yes,No,Two year,No,Electronic check,44.37,1904.55,No
CUST-04775,Male,0,Yes,Yes,71,Yes,No,No,No internet service,No internet service,No internet service,No internet service,No internet service,No internet service,Month-to-month,No,Mailed check,37.31,2721.46,No
CUST-04776,Female,1,Yes,No,24,Yes,Yes,Fiber optic,Yes,Yes,No,No,No,No,Month-to-month,Yes,Mailed check,95.04,2190.33,No
CUST-04777,Female,0,Yes,No,71,Yes,Yes,No,No internet service,No internet service,No internet service,No internet service,No internet service,No internet service,Month-to-month,No,Electronic check,68.7,4452.99,No
CUST-04778,Female,0,Yes,No,60,No,No phone service,Fiber optic,No,No,Yes,Yes,No,Yes,Two year,Yes,Credit card (automatic),47.42,2436.51,No
CUST-04779,Male,0,Yes,No,53,Yes,Yes,Fiber optic,Yes,Yes,Yes,Yes,No,No,Month-to-month,No,Mailed check,52.89,2501.09,No
CUST-04780,Female,0,Yes,Yes,16,Yes,No,DSL,Yes,Yes,Yes,No,Yes,Yes,One year,No,Credit card (automatic),95.78,1381.48,No
CUST-04781,Male,0,No,No,25,No,No phone service,Fiber optic,No,Yes,No,Yes,No,Yes,Two year,Yes,Electronic check,56.21,1220.07,Yes
CUST-04782,Female,0,Yes,No,66,Yes,No,No,No internet service,No internet service,No internet service,No internet service,No internet service,No internet service,One year,Yes,Mailed check,58.07,3664.01,No
CUST-04783,Female,0,Yes,Yes,50,Yes,Yes,Fiber optic,Yes,Yes,No,No,Yes,Yes,One year,Yes,Mailed check,70.62,3451.8,No
CUST-04784,Female,0,No,No,69,Yes,Yes,DSL,Yes,Yes,No,No,No,No,Two year,No,Electronic check,24.12,1431.42,No
CUST-04785,Male,0,No,Yes,40,Yes,Yes,No,No internet service,No internet service,No internet service,No internet service,No internet service,No internet service,Month-to-month,Yes,Bank transfer (automatic),91.5,3363.7,No
CUST-04786,Male,1,Yes,No,6,No,No phone service,DSL,No,No,No,No,No,No,Month-to-month,No,Electronic check,27.19,139.56,Yes
CUST-04787,Female,0,Yes,No,64,Yes,No,Fiber optic,No,No,No,Yes,No,No,Month-to-month,No,Mailed check,108.4,6908.12,No
CUST-04788,Male,0,No,Yes,28,Yes,Yes,DSL,No,Yes,Yes,No,No,No,Two year,Yes,Credit card (automatic),73.25,1948.1,No
CUST-04789,Female,0,Yes,Yes,9,Yes,No,DSL,No,No,No,Yes,No,Yes,One year,Yes,Credit card (automatic),114.04,1014.46,No
CUST-04790,Male,1,No,Yes,6,Yes,No,DSL,Yes,No,Yes,No,No,No,One year,Yes,Electronic check,59.05,345.02,No
CUST-04791,Male,0,No,Yes,17,Yes,No,Fiber optic,Yes,No,No,No,No,No,Two year,Yes,Electronic check,118.31,2053.18,No
CUST-04792,Male,1,No,Yes,40,Yes,Yes,Fiber optic,Yes,No,No,Yes,No,No,One year,No,Mailed check,80.2,3290.05,No
CUST-04793,Female,1,Yes,Yes,45,Yes,No,Fiber optic,No,Yes,No,No,Yes,Yes,Month-to-month,Yes,Electronic check,30.59,1324.09,No
CUST-04794,Male,1,No,Yes,43,Yes,No,Fiber optic,Yes,No,Yes,Yes,Yes,Yes,Month-to-month,Yes,Bank transfer (automatic),75.4,3055.56,Yes
CUST-04795,Male,0,No,No,46,Yes,No,Fiber optic,No,Yes,Yes,No,No,Yes,Month-to-month,No,Mailed check,23.34,1125.41,No
CUST-04796,Female,0,No,No,63,Yes,No,No,No internet service,No internet service,No internet service,No internet service,No internet service,No internet service,One year,Yes,Mailed check,62.89,3520.7,No
CUST-04797,Female,0,Yes,No,1,Yes,No,No,No internet service,No internet service,No internet service,No internet service,No internet service,No internet service,Month-to-month,Yes,Credit card (automatic),86.66,84.74,No
CUST-04798,Female,0,No,Yes,59,Yes,Yes,DSL,Yes,No,No,Yes,No,Yes,One year,Yes,Electronic check,31.75,1824.56,No
CUST-04799,Female,0,No,Yes,63,Yes,Yes,DSL,Yes,No,Yes,No,Yes,No,Two year,Yes,Credit card (automatic),34.75,2279.84,No
CUST-04800,Male,0,No,No,18,Yes,Yes,Fiber optic,Yes,Yes,No,Yes,No,Yes,Month-to-month,Yes,Bank transfer (automatic),95.75,1497.47,Yes
CUST-04801,Male,0,No,No,65,Yes,Yes,DSL,No,No,No,No,No,Yes,Month-to-month,Yes,Electronic check,45.76,3092.01,No
CUST-04802,Male,0,Yes,No,20,Yes,Yes,No,No internet service,No internet service,No internet service,No internet service,No internet service,No internet service,One year,No,Electronic check,105.13,2108.54,No
CUST-04803,Male,0,No,Yes,56,Yes,Yes,DSL,No,Yes,No,Yes,Yes,No,One year,Yes,Bank transfer (automatic),80.65,3955.55,No
CUST-04804,Male,0,Yes,No,54,Yes,No,Fiber optic,Yes,No,Yes,Yes,Yes,No,One year,Yes,Electronic check,73.77,3541.63,No
CUST-04805,Female,0,No,No,48,Yes,No,DSL,No,No,Yes,No,No,No,Month-to-month,Yes,Mailed check,58.29,2532.36,No
CUST-04806,Male,0,Yes,No,54,Yes,No,Fiber optic,No,Yes,Yes,Yes,No,No,Month-to-month,No,Electronic check,115.81,6162.56,No
CUST-04807,Male,0,Yes,No,16,No,No phone service,DSL,Yes,Yes,Yes,Yes,Yes,Yes,Two year,Yes,Credit card (automatic),81.7,1306.81,No
CUST-04808,Male,1,No,No,20,Yes,No,Fiber optic,No,No,Yes,Yes,Yes,No,Two year,Yes,Bank transfer (automatic),25.98,518.26,No
CUST-04809,Female,0,Yes,No,47,Yes,No,No,No internet service,No internet service,No internet service,No internet service,No internet service,No internet service,Two year,No,Bank transfer (automatic),59.65,2748.91,No
CUST-04810,Female,0,No,No,7,Yes,Yes,DSL,Yes,Yes,Yes,No,No,Yes,Month-to-month,Yes,Electronic check,30.53,187.39,Yes
CUST-04811,Male,0,No,Yes,23,Yes,Yes,DSL,Yes,Yes,No,Yes,No,No,Month-to-month,Yes,Electronic check,92.93,1835.13,Yes
CUST-04812,Female,0,Yes,Yes,33,Yes,Yes,Fiber optic,Yes,No,No,Yes,No,Yes,Month-to-month,Yes,Mailed check,43.5,1299.79,No
CUST-04813,Female,0,Yes,No,40,Yes,Yes,Fiber optic,No,No,No,Yes,No,Yes,Month-to-month,Yes,Credit card (automatic),19.67,763.29,No
CUST-04814,Female,0,No,Yes,5,Yes,Yes,DSL,Yes,Yes,No,No,No,No,Two year,No,Bank transfer (automatic),119.42,549.71,No
CUST-04815,Female,0,Yes,No,45,Yes,No,No,No internet service,No internet service,No internet service,No internet service,No internet service,No internet service,Month-to-month,Yes,Electronic check,66.15,3036.18,No
CUST-04816,Female,0,No,No,41,Yes,No,DSL,No,Yes,No,No,No,Yes,Month-to-month,Yes,Credit card (automatic),21.56,896.53,Yes
CUST-04817,Female,0,No,No,8,Yes,Yes,DSL,Yes,No,Yes,No,Yes,Yes,One year,Yes,Credit card (automatic),64.4,460.38,No
CUST-04818,Female,0,No,No,50,Yes,Yes,Fiber optic,Yes,Yes,No,No,No,No,One year,Yes,Credit card (automatic),45.85,2250.81,No
CUST-04819,Male,0,No,No,31,Yes,Yes,DSL,Yes,No,Yes,No,Yes,Yes,Two year,No,Mailed check,92.07,2900.0,No
CUST-04820,Male,0,No,No,4,Yes,Yes,Fiber optic,No,No,Yes,Yes,Yes,Yes,One year,No,Credit card (automatic),18.78,77.37,Yes
CUST-04821,Female,0,No,No,66,Yes,Yes,DSL,Yes,Yes,No,No,No,No,Month-to-month,Yes,Electronic check,31.97,1973.9,Yes
CUST-04822,Male,0,No,No,56,Yes,No,No,No internet service,No internet service,No internet service,No internet service,No internet service,No internet service,Month-to-month,Yes,Credit card (automatic),54.09,3124.34,No
CUST-04823,Male,0,No,No,5,Yes,No,Fiber optic,Yes,No,No,Yes,No,Yes,One year,No,Bank transfer (automatic),58.47,291.81,No
CUST-04824,Female,1,Yes,No,54,Yes,Yes,Fiber optic,Yes,Yes,No,Yes,No,Yes,Two year,No,Credit card (automatic),67.76,3327.22,No
CUST-04825,Male,0,Yes,No,1,Yes,Yes,DSL,No,Yes,No,No,No,No,Month-to-month,No,Electronic check,54.03,49.62,No
CUST-04826,Female,0,No,No,61,Yes,Yes,DSL,No,No,No,No,Yes,No,Month-to-month,No,Electronic check,58.67,3141.46,No
CUST-04827,Female,1,No,No,7,Yes,Yes,Fiber optic,No,No,No,No,No,No,Month-to-month,No,Bank transfer (automatic),67.45,437.13,Yes
CUST-04828,Female,0,Yes,No,30,Yes,No,DSL,Yes,Yes,No,No,Yes,Yes,Month-to-month,Yes,Credit card (automatic),113.1,3131.14,Yes
CUST-04829,Male,0,Yes,No,15,Yes,Yes,Fiber optic,Yes,No,Yes,No,Yes,No,Month-to-month,Yes,Electronic check,71.74,1049.05,No
CUST-04830,Male,1,No,Yes,4,Yes,Yes,Fiber optic,Yes,Yes,Yes,Yes,No,Yes,Month-to-month,Yes,Electronic check,61.89,225.62,No
CUST-04831,Male,0,Yes,No,63,Yes,Yes,DSL,Yes,No,No,No,No,Yes,Month-to-month,Yes,Mailed check,22.88,1346.57,Yes
CUST-04832,Male,0,Yes,No,70,Yes,No,No,No internet service,No internet service,No internet service,No internet service,No internet service,No internet service,Month-to-month,No,Bank transfer (automatic),33.27,2040.83,No
CUST-04833,Female,0,Yes,No,38,Yes,No,No,No internet service,No internet service,No internet service,No internet service,No internet service,No internet service,Month-to-month,Yes,Bank transfer (automatic),95.23,3605.21,Yes
CUST-04834,Female,0,No,No,47,Yes,Yes,Fiber optic,Yes,No,No,No,Yes,No,Month-to-month,Yes,Credit card (automatic),115.77,4669.33,Yes
CUST-04835,Male,0,No,No,60,Yes,Yes,No,No internet service,No internet service,No internet service,No internet service,No internet service,No internet service,Month-to-month,Yes,Credit card (automatic),57.12,3426.19,No
CUST-04836,Female,1,Yes,No,2,Yes,No,No,No internet service,No internet service,No internet service,No internet service,No internet service,No internet service,Two year,Yes,Bank transfer (automatic),116.12,205.68,No
CUST-04837,Female,0,Yes,No,69,Yes,Yes,DSL,No,Yes,No,Yes,Yes,No,One year,Yes,Mailed check,51.48,3716.24,No
CUST-04838,Male,0,No,Yes,8,No,No phone service,DSL,Yes,Yes,Yes,No,No,Yes,Month-to-month,No,Credit card (automatic),115.12,964.95,Yes
CUST-04839,Female,1,No,No,51,Yes,Yes,Fiber optic,No,No,No,Yes,Yes,No,Month-to-month,Yes,Mailed check,80.15,4287.07,No
CUST-04840,Male,1,No,Yes,19,Yes,No,Fiber optic,No,No,Yes,No,Yes,No,Month-to-month,Yes,Credit card (automatic),20.93,339.06,No
CUST-04841,Female,0,Yes,No,31,Yes,No,Fiber optic,Yes,No,No,Yes,Yes,Yes,One year,Yes,Bank transfer (automatic),25.97,719.24,No
CUST-04842,Male,0,Yes,Yes,22,Yes,Yes,DSL,No,Yes,No,No,No,Yes,Month-to-month,No,Bank transfer (automatic),117.94,2492.73,Yes
CUST-04843,Female,0,No,No,33,Yes,Yes,Fiber optic,Yes,No,Yes,Yes,Yes,No,Month-to-month,Yes,Electronic check,49.13,1616.11,No
CUST-04844,Female,0,Yes,Yes,72,Yes,No,Fiber optic,Yes,No,No,Yes,Yes,Yes,Two year,Yes,Credit card (automatic),19.43,1417.35,No
CUST-04845,Male,0,No,No,37,Yes,Yes,DSL,No,Yes,No,No,No,No,Month-to-month,Yes,Bank transfer (automatic),25.97,842.78,No
CUST-04846,Male,1,Yes,No,12,Yes,Yes,Fiber optic,Yes,No,No,No,No,No,Month-to-month,No,Bank transfer (automatic),72.04,882.76,No
CUST-04847,Male,1,Yes,No,69,Yes,Yes,No,No internet service,No internet service,No internet service,No internet service,No internet service,No internet service,Month-to-month,Yes,Mailed check,41.31,2821.3,No
CUST-04848,Male,0,Yes,No,64,Yes,Yes,Fiber optic,No,Yes,Yes,Yes,No,No,Month-to-month,Yes,Bank transfer (automatic),94.92,5515.8,Yes
CUST-04849,Female,0,No,No,25,No,No phone service,DSL,No,No,Yes,No,No,Yes,Month-to-month,Yes,Electronic check,108.21,2303.99,No
CUST-04850,Female,0,Yes,Yes,54,Yes,No,DSL,Yes,No,Yes,Yes,No,Yes,Two year,No,Mailed check,54.99,3066.42,No
CUST-04851,Male,0,Yes,Yes,29,Yes,No,Fiber optic,No,No,No,No,Yes,No,Month-to-month,Yes,Electronic check,88.96,2295.13,No
CUST-04852,Female,0,Yes,Yes,13,No,No phone service,No,No internet service,No internet service,No internet service,No internet service,No internet service,No internet service,Month-to-month,No,Electronic check,91.95,1103.2,No
CUST-04853,Male,0,Yes,No,26,Yes,Yes,No,No internet service,No internet service,No internet service,No internet service,No internet service,No internet service,One year,Yes,Electronic check,66.28,1757.79,No
CUST-04854,Male,0,Yes,Yes,22,Yes,Yes,Fiber optic,No,Yes,No,No,No,No,Month-to-month,No,Bank transfer (automatic),44.48,961.59,Yes
CUST-04855,Female,0,Yes,Yes,10,Yes,Yes,DSL,No,No,No,Yes,No,No,One year,Yes,Credit card (automatic),95.3,835.31,No
CUST-04856,Female,0,Yes,No,48,Yes,No,Fiber optic,No,Yes,Yes,No,No,No,Month-to-month,No,Credit card (automatic),23.19,1164.17,No
CUST-04857,Male,0,No,Yes,42,Yes,Yes,No,No internet service,No internet service,No internet service,No internet service,No internet service,No internet service,One year,No,Bank transfer (automatic),26.42,1014.08,No
CUST-04858,Male,0,No,Yes,59,Yes,No,No,No internet service,No internet service,No internet service,No internet service,No internet service,No internet service,Month-to-month,Yes,Electronic check,29.94,1711.62,No
CUST-04859,Male,0,Yes,No,53,Yes,Yes,Fiber optic,No,No,No,Yes,No,No,Month-to-month,Yes,Electronic check,50.44,2608.16,No
CUST-04860,Female,0,Yes,No,40,Yes,No,Fiber optic,Yes,No,No,No,Yes,Yes,Month-to-month,Yes,Electronic check,48.42,1866.16,Yes
CUST-04861,Female,0,No,No,62,Yes,Yes,Fiber optic,No,No,No,Yes,Yes,Yes,Month-to-month,No,Credit card (automatic),50.41,3018.83,No
CUST-04862,Female,0,Yes,Yes,6,Yes,No,No,No internet service,No internet service,No internet service,No internet service,No internet service,No internet service,Month-to-month,No,Bank transfer (automatic),27.93,150.57,Yes
CUST-04863,Female,0,Yes,No,4,Yes,Yes,Fiber optic,No,No,No,Yes,No,Yes,One year,Yes,Electronic check,60.93,253.96,No
CUST-04864,Male,0,No,Yes,55,No,No phone service,DSL,Yes,Yes,Yes,No,No,No,Two year,Yes,Mailed check,67.3,3507.25,No
CUST-04865,Male,0,No,No,69,Yes,Yes,Fiber optic,No,No,Yes,Yes,No,No,One year,No,Bank transfer (automatic),107.97,6541.54,No
CUST-04866,Male,0,Yes,No,3,No,No phone service,No,No internet service,No internet service,No internet service,No internet service,No internet service,No internet service,Two year,No,Electronic check,112.78,345.08,No
CUST-04867,Male,0,Yes,No,7,Yes,Yes,Fiber optic,Yes,Yes,No,No,No,Yes,Month-to-month,Yes,Bank transfer (automatic),51.96,319.86,No
CUST-04868,Male,0,No,No,12,Yes,Yes,Fiber optic,No,Yes,Yes,Yes,No,Yes,Month-to-month,Yes,Credit card (automatic),116.07,1424.18,Yes
CUST-04869,Male,1,Yes,No,17,Yes,No,Fiber optic,Yes,No,No,Yes,No,Yes,One year,No,Electronic check,66.5,1087.57,No
CUST-04870,Female,0,No,No,67,Yes,No,Fiber optic,No,No,No,Yes,No,Yes,One year,No,Electronic check,103.73,5968.45,No
CUST-04871,Female,1,Yes,No,70,Yes,No,DSL,No,No,Yes,Yes,No,Yes,Month-to-month,Yes,Electronic check,18.65,1141.71,No
CUST-04872,Male,0,Yes,No,36,Yes,Yes,Fiber optic,No,Yes,Yes,No,No,Yes,Month-to-month,No,Mailed check,26.42,987.93,Yes
CUST-04873,Male,0,No,Yes,17,Yes,Yes,Fiber optic,No,No,Yes,Yes,No,Yes,Two year,Yes,Mailed check,61.32,912.75,No
CUST-04874,Female,0,No,No,1,Yes,Yes,No,No internet service,No internet service,No internet service,No internet service,No internet service,No internet service,Two year,Yes,Credit card (automatic),58.35,56.44,No
CUST-04875,Female,0,No,Yes,67,No,No phone service,No,No internet service,No internet service,No internet service,No internet service,No internet service,No internet service,Month-to-month,Yes,Credit card (automatic),65.19,3986.76,No
CUST-04876,Female,0,Yes,No,49,Yes,No,Fiber optic,Yes,Yes,No,No,Yes,Yes,One year,No,Bank transfer (automatic),44.98,2224.85,No
CUST-04877,Female,0,No,No,51,Yes,No,No,No internet service,No internet service,No internet service,No internet service,No internet service,No internet service,Month-to-month,Yes,Bank transfer (automatic),76.68,3945.36,No
CUST-04878,Male,0,No,No,71,Yes,No,DSL,No,No,Yes,No,No,Yes,Month-to-month,Yes,Bank transfer (automatic),93.39,6693.55,No
CUST-04879,Male,0,No,No,43,Yes,No,Fiber optic,No,Yes,No,No,No,Yes,One year,Yes,Electronic check,31.75,1217.14,No
CUST-04880,Male,0,No,No,31,No,No phone service,DSL,No,Yes,Yes,No,Yes,No,One year,Yes,Mailed check,73.77,2269.12,No
CUST-04881,Male,1,Yes,Yes,24,Yes,Yes,DSL,No,Yes,No,Yes,No,Yes,One year,Yes,Bank transfer (automatic),42.14,878.13,No
CUST-04882,Male,1,Yes,No,37,Yes,No,No,No internet service,No internet service,No internet service,No internet service,No internet service,No internet service,One year,Yes,Electronic check,108.42,3471.28,No
CUST-04883,Female,0,No,No,65,Yes,No,No,No internet service,No internet service,No internet service,No internet service,No internet service,No internet service,Month-to-month,No,Mailed check,110.67,6702.77,No
CUST-04884,Male,0,No,No,63,Yes,No,Fiber optic,Yes,No,No,Yes,No,No,Two year,Yes,Credit card (automatic),90.56,5531.0,No
CUST-04885,Female,1,Yes,No,56,Yes,No,DSL,Yes,Yes,Yes,Yes,No,Yes,Month-to-month,No,Mailed check,35.02,1789.77,No
CUST-04886,Male,0,Yes,Yes,18,No,No phone service,Fiber optic,Yes,Yes,Yes,No,No,No,Two year,Yes,Credit card (automatic),115.11,1887.7,No
CUST-04887,Male,0,No,No,65,Yes,Yes,No,No internet service,No internet service,No internet service,No internet service,No internet service,No internet service,Month-to-month,Yes,Bank transfer (automatic),93.44,5253.45,Yes
CUST-04888,Male,0,No,No,29,No,No phone service,DSL,No,No,Yes,Yes,No,No,Two year,Yes,Mailed check,28.46,733.89,No
CUST-04889,Male,0,No,Yes,4,Yes,No,DSL,Yes,No,No,Yes,Yes,No,Month-to-month,No,Mailed check,77.24,300.32,No
CUST-04890,Male,0,Yes,No,12,Yes,No,No,No internet service,No internet service,No internet service,No internet service,No internet service,No internet service,One year,Yes,Bank transfer (automatic),81.06,959.32,No
CUST-04891,Female,1,No,No,56,Yes,No,No,No internet service,No internet service,No internet service,No internet service,No internet service,No internet service,Month-to-month,Yes,Mailed check,78.4,4528.73,No
CUST-04892,Female,0,Yes,Yes,48,Yes,Yes,DSL,No,No,Yes,No,No,No,Month-to-month,No,Credit card (automatic),72.59,3222.83,Yes
CUST-04893,Female,0,Yes,No,19,Yes,Yes,No,No internet service,No internet service,No internet service,No internet service,No internet service,No internet service,Month-to-month,Yes,Bank transfer (automatic),25.1,427.92,No
CUST-04894,Male,1,Yes,Yes,26,Yes,Yes,Fiber optic,Yes,No,No,No,Yes,No,Month-to-month,No,Electronic check,38.01,982.18,Yes
CUST-04895,Male,1,No,Yes,38,Yes,No,DSL,No,No,Yes,Yes,Yes,No,Month-to-month,Yes,Credit card (automatic),113.1,4231.97,No
CUST-04896,Female,0,No,No,25,Yes,Yes,Fiber optic,No,No,No,No,No,Yes,Month-to-month,No,Electronic check,96.69,2187.77,Yes
CUST-04897,Male,0,No,No,56,Yes,Yes,Fiber optic,No,No,No,No,No,No,Month-to-month,Yes,Credit card (automatic),75.73,4256.86,No
CUST-04898,Male,0,Yes,Yes,28,Yes,Yes,DSL,No,Yes,No,Yes,Yes,Yes,Month-to-month,No,Mailed check,77.66,1935.68,Yes
CUST-04899,Female,0,No,No,61,Yes,No,Fiber optic,Yes,No,No,No,No,Yes,Two year,Yes,Bank transfer (automatic),48.48,2719.43,No
CUST-04900,Male,0,No,Yes,51,Yes,No,Fiber optic,Yes,Yes,Yes,No,Yes,No,One year,Yes,Electronic check,50.97,2337.03,Yes
CUST-04901,Female,0,No,No,12,Yes,Yes,DSL,No,Yes,Yes,No,No,Yes,Month-to-month,Yes,Mailed check,31.23,367.22,Yes
CUST-04902,Male,1,No,No,8,Yes,Yes,Fiber optic,No,No,No,Yes,No,No,Month-to-month,No,Electronic check,112.71,855.1,No
CUST-04903,Female,0,Yes,No,58,Yes,Yes,DSL,Yes,No,No,Yes,Yes,Yes,Two year,Yes,Electronic check,84.92,4909.56,No
CUST-04904,Male,0,No,Yes,23,Yes,Yes,DSL,No,No,Yes,Yes,No,No,Month-to-month,No,Electronic check,45.42,910.43,Yes
CUST-04905,Male,0,No,No,37,Yes,No,DSL,Yes,No,No,Yes,No,No,Month-to-month,Yes,Mailed check,90.7,3024.83,No
CUST-04906,Female,0,No,Yes,11,Yes,No,Fiber optic,No,No,Yes,No,No,No,Month-to-month,Yes,Mailed check,104.96,1093.39,Yes
CUST-04907,Male,0,No,No,17,Yes,Yes,DSL,No,Yes,Yes,No,No,Yes,Month-to-month,Yes,Electronic check,89.49,1310.4,No
CUST-04908,Male,1,Yes,No,56,Yes,Yes,Fiber optic,Yes,No,No,No,Yes,Yes,Month-to-month,Yes,Bank transfer (automatic),46.44,2590.9,No
CUST-04909,Female,0,No,Yes,53,Yes,Yes,DSL,No,Yes,Yes,No,No,No,One year,No,Electronic check,40.24,1933.12,No
CUST-04910,Male,0,No,No,67,Yes,Yes,Fiber optic,Yes,No,No,No,Yes,No,Month-to-month,Yes,Mailed check,28.92,1880.98,No
CUST-04911,Female,0,Yes,Yes,2,Yes,Yes,Fiber optic,No,No,Yes,No,No,No,Month-to-month,No,Bank transfer (automatic),59.01,121.59,Yes
CUST-04912,Male,0,No,No,29,Yes,No,DSL,Yes,No,Yes,No,No,Yes,One year,No,Electronic check,112.43,2936.53,No
CUST-04913,Male,0,Yes,Yes,57,Yes,No,No,No internet service,No internet service,No internet service,No internet service,No internet service,No internet service,Two year,No,Credit card (automatic),38.35,2184.54,No
CUST-04914,Male,0,Yes,No,34,Yes,No,Fiber optic,Yes,No,Yes,Yes,No,No,Month-to-month,Yes,Mailed check,67.01,2225.25,No
CUST-04915,Male,0,No,No,2,Yes,Yes,Fiber optic,Yes,No,No,Yes,No,Yes,One year,Yes,Mailed check,19.01,33.68,Yes
CUST-04916,Female,0,No,No,31,Yes,Yes,Fiber optic,No,Yes,No,No,No,Yes,Two year,Yes,Mailed check,104.08,3215.86,No
CUST-04917,Male,0,Yes,Yes,44,Yes,No,DSL,Yes,No,No,Yes,No,No,Month-to-month,Yes,Credit card (automatic),81.38,3087.49,No
CUST-04918,Female,0,Yes,Yes,56,Yes,Yes,No,No internet service,No internet service,No internet service,No internet service,No internet service,No internet service,Two year,Yes,Electronic check,50.69,2707.41,No
CUST-04919,Male,0,Yes,Yes,54,Yes,No,DSL,No,No,No,Yes,Yes,Yes,Month-to-month,No,Bank transfer (automatic),31.05,1465.06,No
CUST-04920,Male,0,Yes,Yes,53,Yes,Yes,Fiber optic,No,Yes,Yes,No,No,Yes,Two year,Yes,Credit card (automatic),82.28,4305.45,No
CUST-04921,Male,0,Yes,Yes,46,Yes,No,Fiber optic,No,Yes,Yes,Yes,No,Yes,Month-to-month,Yes,Mailed check,72.72,3046.83,Yes
CUST-04922,Male,0,Yes,No,54,No,No phone service,No,No internet service,No internet service,No internet service,No internet service,No internet service,No internet service,One year,Yes,Electronic check,118.33,6461.24,No
CUST-04923,Female,0,Yes,No,31,Yes,Yes,Fiber optic,No,No,Yes,Yes,No,No,Month-to-month,No,Electronic check,65.87,1935.58,Yes
CUST-04924,Female,0,No,No,24,Yes,Yes,Fiber optic,Yes,No,Yes,No,No,Yes,Month-to-month,No,Bank transfer (automatic),34.13,709.44,No
CUST-04925,Female,0,No,No,25,Yes,Yes,Fiber optic,Yes,No,Yes,Yes,No,Yes,Two year,No,Bank transfer (automatic),104.44,2531.63,No
CUST-04926,Female,1,No,No,35,Yes,No,DSL,Yes,Yes,No,No,No,Yes,Two year,Yes,Electronic check,109.25,3260.16,No
CUST-04927,Male,0,No,No,57,Yes,No,DSL,Yes,Yes,No,Yes,Yes,Yes,Month-to-month,No,Bank transfer (automatic),28.49,1475.77,No
CUST-04928,Female,0,Yes,No,72,Yes,Yes,DSL,Yes,No,Yes,Yes,No,Yes,Month-to-month,Yes,Electronic check,102.35,6660.15,No
CUST-04929,Female,0,No,No,69,Yes,No,DSL,No,No,No,No,Yes,Yes,Month-to-month,No,Mailed check,44.66,3223.62,Yes
CUST-04930,Male,1,No,No,28,No,No phone service,DSL,Yes,Yes,Yes,No,No,Yes,Two year,Yes,Electronic check,72.91,1834.82,No
CUST-04931,Male,0,Yes,No,33,Yes,No,Fiber optic,No,No,No,No,Yes,Yes,Two year,Yes,Electronic check,78.5,2552.53,No
CUST-04932,Male,0,Yes,No,53,Yes,Yes,No,No internet service,No internet service,No internet service,No internet service,No internet service,No internet service,Month-to-month,No,Credit card (automatic),109.29,5221.4,No
CUST-04933,Male,1,Yes,No,16,Yes,No,No,No internet service,No internet service,No internet service,No internet service,No internet service,No internet service,Month-to-month,Yes,Bank transfer (automatic),34.09,472.29,No
CUST-04934,Female,1,No,No,26,Yes,Yes,Fiber optic,No,No,No,Yes,Yes,No,Two year,No,Bank transfer (automatic),20.01,448.76,Yes
CUST-04935,Female,0,Yes,No,12,Yes,Yes,DSL,Yes,No,No,Yes,No,No,Month-to-month,No,Mailed check,78.87,979.78,Yes
CUST-04936,Male,0,No,No,31,Yes,No,No,No internet service,No internet service,No internet service,No internet service,No internet service,No internet service,Two year,Yes,Bank transfer (automatic),82.23,2215.99,No
CUST-04937,Male,1,Yes,No,27,Yes,No,No,No internet service,No internet service,No internet service,No internet service,No internet service,No internet service,Month-to-month,No,Bank transfer (automatic),116.46,3195.63,No
CUST-04938,Male,0,Yes,No,36,Yes,Yes,Fiber optic,Yes,No,No,No,No,No,Month-to-month,Yes,Electronic check,28.19,972.94,Yes
CUST-04939,Female,0,No,No,59,Yes,No,DSL,Yes,Yes,Yes,Yes,Yes,Yes,Month-to-month,No,Electronic check,59.59,3292.25,No
CUST-04940,Female,0,No,Yes,3,Yes,No,No,No internet service,No internet service,No internet service,No internet service,No internet service,No internet service,One year,Yes,Credit card (automatic),90.54,285.04,No
CUST-04941,Male,0,Yes,No,32,Yes,Yes,DSL,No,No,No,Yes,Yes,Yes,Month-to-month,Yes,Electronic check,74.71,2458.15,Yes
CUST-04942,Male,0,No,No,15,Yes,Yes,DSL,Yes,No,No,Yes,Yes,No,Month-to-month,No,Bank transfer (automatic),115.31,1552.76,Yes
CUST-04943,Female,0,Yes,Yes,66,No,No phone service,No,No internet service,No internet service,No internet service,No internet service,No internet service,No internet service,Two year,Yes,Credit card (automatic),27.04,1730.72,No
CUST-04944,Male,1,No,No,63,Yes,No,Fiber optic,Yes,No,Yes,No,No,No,One year,Yes,Credit card (automatic),32.91,1827.85,No
CUST-04945,Male,0,No,No,1,Yes,Yes,DSL,No,No,Yes,No,Yes,Yes,Two year,No,Electronic check,80.64,78.18,Yes
CUST-04946,Female,0,No,No,5,Yes,No,Fiber optic,No,No,Yes,Yes,Yes,No,One year,Yes,Credit card (automatic),82.14,359.44,No
CUST-04947,Male,0,Yes,No,6,Yes,Yes,Fiber optic,No,No,Yes,Yes,No,Yes,Month-to-month,Yes,Electronic check,65.49,383.3,Yes
CUST-04948,Female,1,Yes,No,5,Yes,Yes,No,No internet service,No internet service,No internet service,No internet service,No internet service,No internet service,Month-to-month,Yes,Electronic check,93.5,488.31,Yes
CUST-04949,Male,0,No,No,28,Yes,Yes,DSL,Yes,No,No,Yes,No,No,Two year,Yes,Mailed check,52.13,1410.51,No
CUST-04950,Male,0,Yes,No,69,Yes,Yes,DSL,No,No,Yes,Yes,No,No,Two year,No,Bank transfer (automatic),45.94,2774.04,No
CUST-04951,Female,0,No,No,44,Yes,Yes,Fiber optic,No,No,No,No,No,Yes,Two year,No,Electronic check,37.16,1651.33,No
CUST-04952,Female,0,No,Yes,16,Yes,No,No,No internet service,No internet service,No internet service,No internet service,No internet service,No internet service,Month-to-month,Yes,Electronic check,79.87,1171.13,No
CUST-04953,Male,1,Yes,No,71,Yes,No,DSL,No,No,No,Yes,No,No,One year,No,Mailed check,100.05,6171.51,No
CUST-04954,Female,0,No,No,22,Yes,Yes,Fiber optic,Yes,No,Yes,Yes,No,Yes,Month-to-month,Yes,Electronic check,21.05,454.37,Yes
CUST-04955,Male,0,Yes,No,23,Yes,Yes,DSL,No,No,No,No,No,Yes,One year,Yes,Mailed check,34.38,803.48,No
CUST-04956,Male,0,No,Yes,43,Yes,Yes,DSL,Yes,No,Yes,Yes,No,Yes,Month-to-month,Yes,Bank transfer (automatic),104.98,4272.87,No
CUST-04957,Female,0,No,Yes,68,Yes,Yes,No,No internet service,No internet service,No internet service,No internet service,No internet service,No internet service,Two year,No,Bank transfer (automatic),20.25,1427.02,No
CUST-04958,Male,0,No,No,43,Yes,Yes,DSL,No,Yes,Yes,No,Yes,Yes,Month-to-month,Yes,Mailed check,22.52,955.26,No
CUST-04959,Male,0,Yes,No,26,Yes,Yes,Fiber optic,Yes,Yes,Yes,No,Yes,Yes,Month-to-month,Yes,Mailed check,70.54,1788.25,Yes
CUST-04960,Female,0,No,No,41,Yes,No,Fiber optic,No,Yes,Yes,Yes,Yes,Yes,Month-to-month,No,Electronic check,55.43,2092.49,No
CUST-04961,Female,0,No,No,70,Yes,Yes,DSL,No,Yes,No,No,No,Yes,One year,No,Mailed check,96.52,6164.62,No
CUST-04962,Male,0,Yes,Yes,31,Yes,Yes,No,No internet service,No internet service,No internet service,No internet service,No internet service,No internet service,Month-to-month,Yes,Mailed check,84.54,2375.92,Yes
CUST-04963,Female,0,Yes,No,17,Yes,No,Fiber optic,No,No,Yes,No,No,No,Month-to-month,Yes,Mailed check,37.11,657.13,No
CUST-04964,Female,0,Yes,No,9,Yes,No,Fiber optic,No,No,Yes,Yes,No,Yes,One year,No,Electronic check,52.48,462.92,Yes
CUST-04965,Female,0,No,No,55,Yes,Yes,Fiber optic,No,No,No,Yes,No,Yes,Two year,Yes,Bank transfer (automatic),26.85,1430.72,No
CUST-04966,Female,0,No,No,6,Yes,Yes,Fiber optic,Yes,Yes,Yes,No,Yes,Yes,One year,No,Credit card (automatic),27.62,151.48,No
CUST-04967,Male,0,No,No,70,Yes,Yes,Fiber optic,No,Yes,No,Yes,Yes,Yes,Month-to-month,Yes,Electronic check,118.11,7612.53,Yes
CUST-04968,Male,1,No,Yes,64,Yes,Yes,DSL,No,No,Yes,Yes,Yes,Yes,Month-to-month,Yes,Electronic check,21.97,1273.65,Yes
CUST-04969,Male,0,Yes,No,4,No,No phone service,No,No internet service,No internet service,No internet service,No internet service,No internet service,No internet service,Month-to-month,Yes,Electronic check,36.52,128.75,No
CUST-04970,Female,0,Yes,No,67,Yes,Yes,Fiber optic,No,Yes,No,Yes,No,Yes,One year,Yes,Bank transfer (automatic),58.5,4052.73,No
CUST-04971,Female,1,Yes,No,56,No,No phone service,DSL,No,Yes,No,Yes,No,Yes,Month-to-month,No,Mailed check,78.33,4239.43,No
CUST-04972,Female,1,Yes,No,18,Yes,Yes,No,No internet service,No internet service,No internet service,No internet service,No internet service,No internet service,One year,No,Electronic check,115.23,2067.18,No
CUST-04973,Female,1,No,No,32,Yes,Yes,Fiber optic,Yes,Yes,No,No,No,Yes,Two year,Yes,Mailed check,57.65,1743.4,Yes
CUST-04974,Female,0,No,Yes,48,Yes,No,Fiber optic,No,Yes,No,No,No,Yes,Month-to-month,Yes,Credit card (automatic),36.88,1524.87,No
CUST-04975,Female,0,No,No,29,Yes,Yes,DSL,Yes,No,No,No,No,No,One year,Yes,Mailed check,67.91,1859.07,No
CUST-04976,Female,0,Yes,No,32,Yes,No,No,No internet service,No internet service,No internet service,No internet service,No internet service,No internet service,Two year,Yes,Bank transfer (automatic),96.69,2656.15,No
CUST-04977,Male,0,No,No,25,Yes,No,No,No internet service,No internet service,No internet service,No internet service,No internet service,No internet service,Month-to-month,No,Electronic check,44.47,1155.39,No
CUST-04978,Male,0,No,Yes,63,Yes,No,Fiber optic,No,Yes,No,No,No,No,Two year,Yes,Mailed check,35.25,2039.92,Yes
CUST-04979,Female,1,No,No,9,Yes,Yes,Fiber optic,No,No,Yes,No,No,No,One year,No,Credit card (automatic),90.97,721.14,Yes
CUST-04980,Female,0,No,No,71,Yes,No,Fiber optic,No,Yes,Yes,Yes,Yes,No,Month-to-month,No,Bank transfer (automatic),71.11,4520.71,No
CUST-04981,Female,0,Yes,Yes,14,Yes,No,DSL,Yes,No,Yes,No,No,No,Two year,No,Electronic check,87.73,1267.82,No
CUST-04982,Male,1,No,Yes,20,Yes,Yes,Fiber optic,No,Yes,No,No,Yes,No,One year,Yes,Credit card (automatic),55.23,984.69,No
CUST-04983,Male,0,No,No,10,Yes,No,DSL,No,Yes,No,No,No,No,Month-to-month,Yes,Electronic check,101.01,885.46,Yes
CUST-04984,Female,0,No,No,11,Yes,No,No,No internet service,No internet service,No internet service,No internet service,No internet service,No internet service,One year,Yes,Bank transfer (automatic),61.32,656.62,No
CUST-04985,Female,0,Yes,No,39,No,No phone service,DSL,No,Yes,Yes,No,No,No,Month-to-month,No,Electronic check,85.04,2881.55,Yes
CUST-04986,Male,0,Yes,Yes,19,Yes,Yes,Fiber optic,Yes,No,No,No,No,No,Month-to-month,Yes,Mailed check,57.05,1023.69,No
CUST-04987,Male,0,Yes,No,19,Yes,No,DSL,Yes,No,No,Yes,No,No,Month-to-month,Yes,Electronic check,76.0,1423.34,No
CUST-04988,Male,1,No,No,43,Yes,No,DSL,Yes,No,Yes,No,No,No,Month-to-month,Yes,Credit card (automatic),75.68,2857.41,No
CUST-04989,Male,1,No,No,61,Yes,Yes,Fiber optic,Yes,No,No,Yes,No,No,One year,Yes,Credit card (automatic),99.37,6096.77,No
CUST-04990,Female,1,Yes,Yes,70,Yes,No,Fiber optic,No,No,Yes,Yes,Yes,No,One year,Yes,Mailed check,28.03,1836.04,No
CUST-04991,Male,0,No,No,72,Yes,Yes,Fiber optic,Yes,Yes,No,Yes,No,No,Month-to-month,Yes,Credit card (automatic),41.04,2932.23,Yes
CUST-04992,Male,1,Yes,Yes,65,Yes,No,DSL,Yes,No,Yes,No,Yes,Yes,One year,Yes,Electronic check,47.84,2800.79,No
CUST-04993,Female,0,Yes,Yes,23,Yes,Yes,DSL,Yes,No,Yes,Yes,No,No,Month-to-month,No,Mailed check,69.73,1503.35,Yes
CUST-04994,Male,0,No,No,60,Yes,Yes,No,No internet service,No internet service,No internet service,No internet service,No internet service,No internet service,Month-to-month,Yes,Credit card (automatic),110.65,6275.73,No
CUST-04995,Male,0,No,No,10,Yes,No,Fiber optic,Yes,No,No,No,No,Yes,Month-to-month,No,Bank transfer (automatic),99.5,904.6,Yes
CUST-04996,Male,0,Yes,No,63,Yes,No,Fiber optic,Yes,Yes,Yes,Yes,Yes,Yes,Month-to-month,Yes,Mailed check,103.45,6570.98,No
CUST-04997,Female,0,Yes,Yes,2,Yes,Yes,DSL,No,No,Yes,Yes,Yes,Yes,Two year,Yes,Mailed check,53.11,94.06,No
CUST-04998,Male,0,No,No,36,Yes,No,No,No internet service,No internet service,No internet service,No internet service,No internet service,No internet service,One year,Yes,Electronic check,52.11,1843.38,No
CUST-04999,Female,0,Yes,No,57,Yes,Yes,Fiber optic,No,No,No,Yes,No,No,Two year,Yes,Mailed check,89.08,5262.78,No
CUST-05000,Female,0,No,No,66,Yes,No,Fiber optic,No,Yes,Yes,No,No,Yes,Month-to-month,Yes,Electronic check,105.56,7089.2,No
CUST-05001,Male,0,No,Yes,20,Yes,No,DSL,Yes,No,No,No,No,No,One year,Yes,Bank transfer (automatic),115.79,2322.33,No
CUST-05002,Male,0,Yes,Yes,42,Yes,Yes,DSL,No,Yes,Yes,No,Yes,No,Month-to-month,No,Credit card (automatic),55.0,2029.47,Yes
CUST-05003,Male,0,Yes,Yes,21,Yes,No,Fiber optic,No,Yes,No,Yes,No,No,One year,No,Electronic check,82.09,1726.95,Yes
CUST-05004,Male,0,No,No,66,Yes,No,DSL,Yes,Yes,Yes,No,No,No,Month-to-month,No,Credit card (automatic),89.55,5466.56,No
CUST-05005,Female,0,No,No,38,Yes,No,Fiber optic,Yes,Yes,Yes,No,No,No,One year,No,Credit card (automatic),110.1,3642.72,No
CUST-05006,Male,0,No,No,69,Yes,No,Fiber optic,Yes,Yes,No,No,No,No,One year,Yes,Electronic check,93.17,6361.63,Yes
CUST-05007,Male,0,Yes,No,24,Yes,Yes,No,No internet service,No internet service,No internet service,No internet service,No internet service,No internet service,Month-to-month,Yes,Bank transfer (automatic),61.37,1271.39,No
CUST-05008,Male,0,No,No,26,Yes,Yes,DSL,Yes,No,Yes,Yes,No,Yes,Month-to-month,No,Credit card (automatic),96.35,2320.39,No
CUST-05009,Female,1,Yes,No,2,Yes,Yes,DSL,No,No,No,No,No,Yes,Month-to-month,No,Mailed check,63.82,130.44,Yes
CUST-05010,Male,0,No,No,46,Yes,Yes,Fiber optic,No,No,No,No,Yes,No,Month-to-month,No,Bank transfer (automatic),119.05,5406.82,No
CUST-05011,Male,0,No,Yes,34,Yes,No,DSL,Yes,Yes,Yes,No,No,No,Month-to-month,Yes,Credit card (automatic),55.26,1791.39,No
CUST-05012,Female,0,Yes,No,62,Yes,Yes,DSL,Yes,Yes,Yes,No,Yes,Yes,One year,Yes,Credit card (automatic),25.48,1621.62,No
CUST-05013,Female,0,No,No,41,No,No phone service,Fiber optic,Yes,No,No,Yes,Yes,Yes,Month-to-month,Yes,Bank transfer (automatic),90.45,3708.04,Yes
CUST-05014,Male,0,Yes,No,15,Yes,Yes,Fiber optic,Yes,No,No,No,Yes,No,Month-to-month,Yes,Mailed check,48.47,686.3,No
CUST-05015,Male,0,No,Yes,55,Yes,No,No,No internet service,No internet service,No internet service,No internet service,No internet service,No internet service,Two year,Yes,Electronic check,90.0,4947.13,No
CUST-05016,Male,0,Yes,Yes,3,Yes,No,No,No internet service,No internet service,No internet service,No internet service,No internet service,No internet service,Two year,Yes,Credit card (automatic),25.74,79.28,No
CUST-05017,Male,1,No,No,38,Yes,Yes,Fiber optic,Yes,Yes,No,Yes,Yes,No,Month-to-month,Yes,Electronic check,118.68,3963.0,Yes
CUST-05018,Male,0,Yes,Yes,51,Yes,No,DSL,Yes,Yes,No,Yes,No,Yes,Month-to-month,No,Electronic check,99.2,4502.93,No
CUST-05019,Female,0,No,No,17,Yes,No,Fiber optic,No,No,Yes,No,Yes,No,Month-to-month,Yes,Electronic check,88.2,1492.18,No
CUST-05020,Female,0,No,Yes,49,Yes,Yes,Fiber optic,Yes,No,No,No,Yes,No,Month-to-month,No,Electronic check,83.56,3619.7,No
CUST-05021,Male,0,No,Yes,21,Yes,Yes,Fiber optic,Yes,Yes,Yes,No,No,No,Two year,Yes,Credit card (automatic),32.33,599.7,No
CUST-05022,Male,1,No,Yes,24,No,No phone service,No,No internet service,No internet service,No internet service,No internet service,No internet service,No internet service,Month-to-month,Yes,Credit card (automatic),32.74,771.03,No
CUST-05023,Female,0,Yes,Yes,40,Yes,No,Fiber optic,Yes,No,No,No,No,Yes,Two year,Yes,Bank transfer (automatic),25.86,990.02,No
CUST-05024,Male,0,Yes,Yes,20,No,No phone service,Fiber optic,No,No,Yes,No,Yes,No,Month-to-month,Yes,Electronic check,95.9,1920.61,Yes
CUST-05025,Male,0,Yes,No,35,Yes,No,DSL,No,No,Yes,Yes,No,Yes,One year,Yes,Credit card (automatic),90.8,2903.96,No
CUST-05026,Male,0,No,No,48,Yes,No,No,No internet service,No internet service,No internet service,No internet service,No internet service,No internet service,Month-to-month,Yes,Credit card (automatic),106.26,4956.09,Yes
CUST-05027,Male,1,Yes,No,33,Yes,Yes,No,No internet service,No internet service,No internet service,No internet service,No internet service,No internet service,Month-to-month,Yes,Credit card (automatic),84.32,2864.2,No
CUST-05028,Male,0,Yes,Yes,56,No,No phone service,DSL,No,Yes,Yes,Yes,No,No,Month-to-month,No,Electronic check,58.35,3367.89,No
CUST-05029,Female,1,Yes,No,41,No,No phone service,DSL,Yes,Yes,No,Yes,Yes,No,Two year,Yes,Mailed check,109.86,4416.99,No
CUST-05030,Male,1,No,No,54,Yes,Yes,DSL,Yes,Yes,No,No,No,No,Two year,Yes,Bank transfer (automatic),80.9,3733.7,No
CUST-05031,Male,0,Yes,Yes,44,Yes,No,DSL,No,No,Yes,Yes,Yes,Yes,One year,Yes,Bank transfer (automatic),22.8,958.75,No
CUST-05032,Male,0,Yes,No,72,No,No phone service,Fiber optic,No,Yes,No,No,No,Yes,Month-to-month,No,Bank transfer (automatic),109.62,6816.25,No
CUST-05033,Female,0,Yes,Yes,11,Yes,No,DSL,No,Yes,Yes,No,Yes,Yes,Two year,Yes,Electronic check,107.07,1234.25,No
CUST-05034,Female,1,No,No,14,Yes,No,No,No internet service,No internet service,No internet service,No internet service,No internet service,No internet service,One year,No,Credit card (automatic),95.29,1399.97,No
CUST-05035,Female,0,No,Yes,42,Yes,No,No,No internet service,No internet service,No internet service,No internet service,No internet service,No internet service,One year,No,Bank transfer (automatic),112.66,4131.73,No
CUST-05036,Female,0,Yes,No,12,Yes,No,Fiber optic,No,Yes,Yes,No,No,No,Month-to-month,Yes,Electronic check,58.67,662.67,Yes
CUST-05037,Male,0,No,No,17,Yes,Yes,Fiber optic,No,No,No,Yes,No,Yes,One year,Yes,Bank transfer (automatic),104.12,1809.39,No
CUST-05038,Female,0,Yes,No,25,Yes,Yes,DSL,Yes,No,No,No,Yes,No,One year,Yes,Electronic check,113.2,2471.2,No
CUST-05039,Male,0,Yes,No,26,Yes,Yes,DSL,Yes,No,No,No,Yes,Yes,One year,No,Electronic check,98.68,2464.22,No
CUST-05040,Male,0,Yes,No,47,Yes,Yes,DSL,Yes,No,No,Yes,No,No,Two year,Yes,Mailed check,92.59,3872.76,No
CUST-05041,Female,1,No,No,25,Yes,No,Fiber optic,Yes,Yes,No,No,Yes,No,Month-to-month,Yes,Mailed check,54.34,1286.68,No
CUST-05042,Female,0,No,No,60,Yes,Yes,No,No internet service,No internet service,No internet service,No internet service,No internet service,No internet service,Month-to-month,No,Mailed check,52.53,2806.55,No
CUST-05043,Female,0,Yes,No,60,Yes,Yes,No,No internet service,No internet service,No internet service,No internet service,No internet service,No internet service,Two year,No,Electronic check,109.64,6289.34,No
CUST-05044,Female,0,No,No,27,No,No phone service,No,No internet service,No internet service,No internet service,No internet service,No internet service,No internet service,Two year,Yes,Bank transfer (automatic),36.33,914.52,No
CUST-05045,Female,0,Yes,No,43,Yes,Yes,Fiber optic,Yes,Yes,Yes,Yes,No,No,Month-to-month,No,Electronic check,22.34,892.2,No
CUST-05046,Male,0,No,Yes,20,Yes,Yes,No,No internet service,No internet service,No internet service,No internet service,No internet service,No internet service,Month-to-month,Yes,Bank transfer (automatic),83.33,1470.06,No
CUST-05047,Female,0,No,No,63,Yes,Yes,Fiber optic,Yes,No,Yes,No,Yes,Yes,Two year,No,Credit card (automatic),52.41,3242.26,No
CUST-05048,Female,0,No,Yes,25,Yes,Yes,DSL,Yes,No,No,No,No,No,Month-to-month,No,Electronic check,92.44,1996.82,Yes
CUST-05049,Female,1,No,No,27,Yes,Yes,Fiber optic,Yes,No,No,Yes,Yes,Yes,Two year,No,Credit card (automatic),119.74,3351.86,No
CUST-05050,Male,0,No,Yes,52,Yes,Yes,No,No internet service,No internet service,No internet service,No internet service,No internet service,No internet service,Month-to-month,Yes,Electronic check,40.12,1797.93,Yes
CUST-05051,Female,0,No,No,10,Yes,Yes,DSL,No,Yes,No,No,Yes,No,Month-to-month,Yes,Mailed check,50.62,471.93,No
CUST-05052,Male,0,No,Yes,50,Yes,Yes,DSL,Yes,Yes,No,Yes,Yes,Yes,Month-to-month,Yes,Credit card (automatic),78.83,3576.34,No
CUST-05053,Female,0,Yes,Yes,30,Yes,No,DSL,Yes,No,Yes,No,Yes,No,One year,Yes,Bank transfer (automatic),85.81,2472.2,Yes
CUST-05054,Female,1,Yes,Yes,1,Yes,Yes,DSL,No,No,Yes,Yes,Yes,Yes,Month-to-month,No,Mailed check,119.31,102.01,Yes
CUST-05055,Male,0,Yes,No,54,Yes,No,DSL,No,No,No,No,No,Yes,Month-to-month,No,Mailed check,68.56,3471.96,No
CUST-05056,Female,0,No,Yes,4,Yes,Yes,Fiber optic,No,No,No,No,No,No,Two year,No,Electronic check,40.34,161.48,Yes
CUST-05057,Male,0,Yes,No,7,Yes,Yes,No,No internet service,No internet service,No internet service,No internet service,No internet service,No internet service,One year,No,Mailed check,108.06,765.07,No
CUST-05058,Male,0,No,No,30,Yes,No,No,No internet service,No internet service,No internet service,No internet service,No internet service,No internet service,One year,No,Credit card (automatic),90.42,2812.57,No
CUST-05059,Male,0,No,No,65,Yes,No,No,No internet service,No internet service,No internet service,No internet service,No internet service,No internet service,Month-to-month,Yes,Mailed check,81.23,4602.4,No
CUST-05060,Female,0,No,Yes,29,Yes,No,DSL,No,Yes,Yes,No,No,No,Month-to-month,No,Mailed check,106.22,2959.66,No
CUST-05061,Female,0,Yes,No,25,Yes,No,DSL,Yes,No,No,No,Yes,No,Month-to-month,Yes,Electronic check,25.79,599.8,No
CUST-05062,Female,0,No,No,40,Yes,No,DSL,No,Yes,No,No,No,No,Month-to-month,Yes,Bank transfer (automatic),64.39,2522.74,No
CUST-05063,Male,0,Yes,Yes,26,Yes,No,No,No internet service,No internet service,No internet service,No internet service,No internet service,No internet service,Month-to-month,Yes,Credit card (automatic),108.69,2872.23,No
CUST-05064,Female,0,No,No,17,Yes,No,DSL,Yes,Yes,No,No,No,Yes,Two year,Yes,Electronic check,26.45,436.12,No
CUST-05065,Male,0,No,No,31,Yes,Yes,Fiber optic,Yes,Yes,Yes,No,No,No,Month-to-month,Yes,Electronic check,76.48,2123.84,Yes
CUST-05066,Female,0,Yes,No,61,Yes,No,DSL,Yes,Yes,No,No,No,Yes,Month-to-month,Yes,Mailed check,49.69,2771.2,Yes
CUST-05067,Male,0,No,Yes,8,Yes,No,DSL,Yes,No,Yes,Yes,No,Yes,One year,No,Bank transfer (automatic),75.73,623.11,No
CUST-05068,Male,0,Yes,No,69,Yes,No,DSL,Yes,Yes,Yes,Yes,No,Yes,Month-to-month,No,Mailed check,27.79,1887.42,No
CUST-05069,Male,0,No,No,1,Yes,No,Fiber optic,Yes,No,Yes,No,No,Yes,Two year,Yes,Electronic check,73.2,70.95,Yes
CUST-05070,Female,0,Yes,Yes,71,Yes,Yes,DSL,Yes,Yes,Yes,Yes,Yes,Yes,Two year,Yes,Electronic check,70.21,4375.92,Yes
CUST-05071,Male,0,No,No,46,Yes,No,DSL,No,Yes,No,Yes,No,Yes,Month-to-month,No,Electronic check,24.6,1039.11,No
CUST-05072,Male,0,Yes,No,20,Yes,No,Fiber optic,No,No,No,No,Yes,Yes,Month-to-month,Yes,Credit card (automatic),41.87,765.9,Yes
CUST-05073,Male,0,No,No,40,Yes,No,Fiber optic,No,Yes,No,No,Yes,Yes,Month-to-month,Yes,Mailed check,31.69,1084.03,Yes
CUST-05074,Male,0,Yes,No,2,Yes,No,Fiber optic,Yes,No,No,No,No,Yes,Two year,Yes,Bank transfer (automatic),66.48,137.73,No
CUST-05075,Male,1,Yes,No,61,No,No phone service,No,No internet service,No internet service,No internet service,No internet service,No internet service,No internet service,Month-to-month,Yes,Electronic check,46.92,2622.63,No
CUST-05076,Male,0,No,No,71,Yes,Yes,Fiber optic,No,No,No,No,Yes,No,Month-to-month,Yes,Bank transfer (automatic),70.86,4379.72,No
CUST-05077,Female,0,Yes,No,30,Yes,Yes,DSL,Yes,No,Yes,Yes,No,Yes,One year,Yes,Credit card (automatic),75.5,2149.02,No
CUST-05078,Female,0,No,No,30,Yes,Yes,Fiber optic,Yes,No,Yes,Yes,Yes,No,Month-to-month,Yes,Electronic check,18.77,529.17,No
CUST-05079,Male,0,Yes,No,45,Yes,No,Fiber optic,No,No,No,No,No,No,One year,No,Electronic check,106.72,4898.49,Yes
CUST-05080,Female,0,Yes,No,24,Yes,No,No,No internet service,No internet service,No internet service,No internet service,No internet service,No internet service,One year,Yes,Bank transfer (automatic),33.03,800.62,No
CUST-05081,Female,0,No,No,56,Yes,Yes,No,No internet service,No internet service,No internet service,No internet service,No internet service,No internet service,One year,Yes,Credit card (automatic),103.91,5855.77,No
CUST-05082,Male,0,No,No,61,Yes,Yes,No,No internet service,No internet service,No internet service,No internet service,No internet service,No internet service,Month-to-month,Yes,Bank transfer (automatic),73.46,4644.42,No
CUST-05083,Male,1,No,No,13,Yes,Yes,Fiber optic,Yes,Yes,Yes,No,No,No,Two year,No,Mailed check,41.32,496.82,No
CUST-05084,Male,0,No,No,56,Yes,Yes,DSL,No,Yes,No,No,No,No,Two year,No,Bank transfer (automatic),97.61,5290.68,No
CUST-05085,Female,0,Yes,No,15,Yes,Yes,No,No internet service,No internet service,No internet service,No internet service,No internet service,No internet service,Two year,No,Credit card (automatic),83.84,1237.36,No
CUST-05086,Male,0,Yes,Yes,11,Yes,Yes,Fiber optic,Yes,No,No,No,Yes,No,One year,Yes,Bank transfer (automatic),84.65,879.41,Yes
CUST-05087,Female,0,Yes,No,12,No,No phone service,Fiber optic,No,No,No,Yes,No,No,Month-to-month,No,Mailed check,49.7,536.03,Yes
CUST-05088,Male,0,No,No,3,Yes,Yes,No,No internet service,No internet service,No internet service,No internet service,No internet service,No internet service,Month-to-month,No,Mailed check,59.08,182.52,Yes
CUST-05089,Female,0,No,No,24,Yes,Yes,Fiber optic,No,Yes,Yes,No,Yes,No,One year,Yes,Mailed check,72.68,1796.9,Yes
CUST-05090,Male,0,Yes,Yes,9,Yes,Yes,Fiber optic,Yes,Yes,No,Yes,Yes,Yes,One year,No,Bank transfer (automatic),55.76,503.62,No
CUST-05091,Male,0,Yes,No,46,Yes,Yes,Fiber optic,No,No,No,Yes,Yes,No,Two year,Yes,Credit card (automatic),55.1,2329.86,No
CUST-05092,Female,0,Yes,No,71,Yes,No,DSL,No,No,No,Yes,Yes,Yes,Month-to-month,No,Bank transfer (automatic),104.08,6285.44,Yes
CUST-05093,Female,1,No,Yes,60,Yes,Yes,Fiber optic,No,No,Yes,No,No,Yes,One year,Yes,Electronic check,116.25,6613.97,No
CUST-05094,Female,0,No,No,11,Yes,No,DSL,No,Yes,Yes,Yes,No,Yes,Month-to-month,Yes,Mailed check,67.06,704.41,No
CUST-05095,Female,1,Yes,No,10,Yes,No,DSL,Yes,No,No,No,Yes,No,Two year,No,Bank transfer (automatic),106.19,1006.25,No
CUST-05096,Female,0,No,No,3,Yes,No,Fiber optic,Yes,No,Yes,No,Yes,No,Month-to-month,No,Credit card (automatic),99.56,259.64,No
CUST-05097,Female,0,Yes,No,19,Yes,No,Fiber optic,Yes,No,Yes,No,Yes,Yes,Month-to-month,No,Electronic check,67.76,1297.2,Yes
CUST-05098,Male,0,No,No,2,Yes,No,Fiber optic,Yes,Yes,Yes,No,No,Yes,Month-to-month,No,Electronic check,85.53,163.61,Yes
CUST-05099,Female,0,No,No,17,Yes,Yes,No,No internet service,No internet service,No internet service,No internet service,No internet service,No internet service,Month-to-month,No,Bank transfer (automatic),24.67,375.09,No
CUST-05100,Male,1,Yes,No,2,Yes,No,DSL,No,Yes,Yes,No,No,Yes,One year,Yes,Electronic check,83.57,174.04,No
CUST-05101,Male,0,No,Yes,53,Yes,Yes,Fiber optic,No,Yes,No,Yes,No,Yes,Month-to-month,Yes,Bank transfer (automatic),42.87,2068.56,Yes
CUST-05102,Female,1,No,Yes,16,Yes,Yes,Fiber optic,Yes,No,No,No,Yes,No,Month-to-month,Yes,Credit card (automatic),113.64,1684.39,Yes
CUST-05103,Male,0,Yes,No,10,Yes,Yes,Fiber optic,No,No,No,No,No,Yes,Month-to-month,No,Bank transfer (automatic),86.11,801.07,Yes
CUST-05104,Female,0,No,No,68,Yes,Yes,No,No internet service,No internet service,No internet service,No internet service,No internet service,No internet service,Month-to-month,Yes,Mailed check,81.29,5142.35,No
CUST-05105,Female,0,Yes,No,43,Yes,No,DSL,No,No,Yes,No,No,Yes,Two year,Yes,Credit card (automatic),110.35,4643.24,No
CUST-05106,Male,0,No,No,58,Yes,No,Fiber optic,Yes,Yes,No,Yes,No,No,Two year,No,Bank transfer (automatic),94.19,4953.74,No
CUST-05107,Male,0,Yes,Yes,60,Yes,No,Fiber optic,Yes,No,Yes,Yes,No,Yes,Month-to-month,No,Bank transfer (automatic),60.7,3753.73,No
CUST-05108,Female,0,Yes,No,24,Yes,Yes,No,No internet service,No internet service,No internet service,No internet service,No internet service,No internet service,Month-to-month,No,Electronic check,98.33,2276.29,Yes
CUST-05109,Female,0,No,Yes,16,Yes,No,Fiber optic,Yes,Yes,No,No,Yes,No,Two year,Yes,Bank transfer (automatic),112.95,1854.15,No
CUST-05110,Male,0,No,No,9,No,No phone service,Fiber optic,Yes,No,No,No,No,No,Month-to-month,Yes,Electronic check,114.25,1062.67,Yes
CUST-05111,Male,1,Yes,Yes,6,Yes,No,DSL,No,Yes,Yes,Yes,No,Yes,Month-to-month,No,Electronic check,43.48,261.86,Yes
CUST-05112,Male,0,No,No,65,Yes,Yes,Fiber optic,Yes,No,Yes,Yes,No,No,Two year,No,Electronic check,73.97,4321.15,Yes
CUST-05113,Male,1,Yes,Yes,24,Yes,Yes,Fiber optic,No,Yes,No,No,No,No,Two year,Yes,Electronic check,99.06,2177.61,Yes
CUST-05114,Female,0,Yes,No,10,Yes,No,Fiber optic,No,No,No,Yes,Yes,No,Month-to-month,Yes,Mailed check,117.95,1056.64,Yes
CUST-05115,Female,0,No,No,27,Yes,No,Fiber optic,No,No,Yes,Yes,No,No,Month-to-month,Yes,Credit card (automatic),27.07,688.04,No
CUST-05116,Female,1,Yes,Yes,3,Yes,Yes,DSL,No,No,Yes,No,No,No,Two year,No,Electronic check,96.67,276.15,No
CUST-05117,Female,0,Yes,Yes,38,Yes,No,DSL,Yes,Yes,Yes,Yes,Yes,Yes,Month-to-month,No,Bank transfer (automatic),64.04,2233.28,No
CUST-05118,Male,1,No,Yes,17,No,No phone service,DSL,No,Yes,No,Yes,No,Yes,One year,No,Mailed check,103.93,1810.07,No
CUST-05119,Male,0,Yes,No,48,No,No phone service,DSL,Yes,Yes,No,Yes,Yes,Yes,Month-to-month,No,Electronic check,94.6,4218.9,No
CUST-05120,Female,0,No,No,49,Yes,Yes,No,No internet service,No internet service,No internet service,No internet service,No internet service,No internet service,Two year,No,Electronic check,63.99,3106.83,No
CUST-05121,Female,0,Yes,No,43,Yes,Yes,No,No internet service,No internet service,No internet service,No internet service,No internet service,No internet service,Month-to-month,Yes,Electronic check,112.5,4918.64,Yes
CUST-05122,Female,0,No,Yes,7,Yes,Yes,No,No internet service,No internet service,No internet service,No internet service,No internet service,No internet service,Month-to-month,No,Bank transfer (automatic),55.48,342.61,No
CUST-05123,Female,0,Yes,No,68,Yes,No,No,No internet service,No internet service,No internet service,No internet service,No internet service,No internet service,Two year,Yes,Electronic check,58.28,3935.23,No
CUST-05124,Female,0,Yes,No,21,Yes,Yes,DSL,No,No,No,No,No,Yes,Month-to-month,No,Electronic check,95.16,1762.42,No
CUST-05125,Female,0,No,No,25,Yes,Yes,Fiber optic,Yes,No,No,No,No,Yes,Month-to-month,No,Mailed check,44.98,1127.61,Yes
CUST-05126,Female,1,No,No,61,No,No phone service,No,No internet service,No internet service,No internet service,No internet service,No internet service,No internet service,Month-to-month,Yes,Mailed check,96.98,5699.69,No
CUST-05127,Female,0,No,Yes,28,Yes,No,Fiber optic,No,Yes,Yes,No,Yes,Yes,Month-to-month,No,Bank transfer (automatic),99.42,2652.49,No
CUST-05128,Female,0,Yes,No,52,Yes,No,DSL,No,No,Yes,No,Yes,Yes,Month-to-month,Yes,Bank transfer (automatic),91.82,4564.69,No
CUST-05129,Male,0,No,No,13,Yes,Yes,Fiber optic,Yes,Yes,No,Yes,Yes,Yes,Month-to-month,Yes,Mailed check,56.3,680.89,Yes
CUST-05130,Female,0,Yes,No,34,Yes,No,DSL,No,No,Yes,No,Yes,Yes,Month-to-month,Yes,Bank transfer (automatic),65.92,1927.34,No
CUST-05131,Male,1,No,Yes,67,Yes,Yes,DSL,Yes,Yes,No,Yes,No,Yes,Two year,No,Electronic check,74.58,4799.66,No
CUST-05132,Male,0,No,No,4,Yes,Yes,Fiber optic,Yes,No,No,No,No,Yes,One year,Yes,Electronic check,31.07,106.2,No
CUST-05133,Female,0,Yes,No,44,Yes,No,No,No internet service,No internet service,No internet service,No internet service,No internet service,No internet service,Month-to-month,Yes,Credit card (automatic),55.75,2532.8,No
CUST-05134,Female,0,No,No,15,Yes,Yes,Fiber optic,Yes,Yes,No,Yes,No,Yes,Two year,Yes,Mailed check,34.66,467.81,No
CUST-05135,Male,0,Yes,No,8,Yes,Yes,Fiber optic,No,Yes,No,No,Yes,No,Month-to-month,Yes,Electronic check,46.2,362.13,No
CUST-05136,Male,1,No,No,5,Yes,No,Fiber optic,No,Yes,Yes,Yes,Yes,Yes,One year,Yes,Credit card (automatic),109.89,528.6,Yes
CUST-05137,Female,0,No,No,66,Yes,Yes,No,No internet service,No internet service,No internet service,No internet service,No internet service,No internet service,Month-to-month,Yes,Bank transfer (automatic),23.74,1525.08,No
CUST-05138,Male,1,Yes,Yes,46,Yes,Yes,DSL,No,Yes,Yes,No,No,No,Two year,Yes,Bank transfer (automatic),74.5,3135.23,No
CUST-05139,Female,0,No,No,65,Yes,No,Fiber optic,No,No,Yes,Yes,Yes,Yes,Two year,No,Electronic check,62.38,3810.98,No
CUST-05140,Female,1,Yes,Yes,66,Yes,Yes,DSL,No,No,Yes,No,No,No,Month-to-month,No,Bank transfer (automatic),86.25,5691.37,No
CUST-05141,Female,0,No,Yes,26,Yes,Yes,Fiber optic,Yes,Yes,No,Yes,No,No,Month-to-month,Yes,Electronic check,116.19,2804.15,Yes
CUST-05142,Male,1,Yes,No,31,Yes,Yes,DSL,No,No,No,No,No,No,Month-to-month,No,Electronic check,64.76,1820.79,Yes
CUST-05143,Male,1,No,No,51,Yes,Yes,No,No internet service,No internet service,No internet service,No internet service,No internet service,No internet service,Two year,Yes,Electronic check,69.55,3037.05,No
CUST-05144,Female,1,Yes,No,41,Yes,No,DSL,No,No,Yes,No,Yes,No,Month-to-month,No,Bank transfer (automatic),30.2,1170.34,No
CUST-05145,Male,0,Yes,Yes,51,Yes,Yes,DSL,Yes,No,No,Yes,No,No,Two year,Yes,Credit card (automatic),110.95,5595.73,No
CUST-05146,Male,0,No,No,19,Yes,Yes,DSL,Yes,Yes,No,Yes,Yes,No,Two year,No,Electronic check,57.64,994.14,Yes
CUST-05147,Male,0,Yes,Yes,3,Yes,No,Fiber optic,No,Yes,Yes,No,No,Yes,Month-to-month,No,Electronic check,22.3,68.45,Yes
CUST-05148,Male,0,Yes,No,38,Yes,No,Fiber optic,Yes,Yes,No,No,No,Yes,One year,Yes,Electronic check,72.05,2390.65,No
CUST-05149,Male,0,No,No,70,Yes,Yes,DSL,Yes,No,No,No,No,No,Two year,No,Mailed check,104.16,6741.92,No
CUST-05150,Male,0,No,No,45,Yes,No,DSL,Yes,Yes,Yes,Yes,No,Yes,Two year,No,Electronic check,78.28,3515.27,No
CUST-05151,Male,0,No,No,71,Yes,No,No,No internet service,No internet service,No internet service,No internet service,No internet service,No internet service,Month-to-month,Yes,Credit card (automatic),79.06,5859.69,No
CUST-05152,Female,0,Yes,No,41,Yes,Yes,Fiber optic,No,Yes,No,Yes,No,Yes,Month-to-month,Yes,Bank transfer (automatic),20.19,766.18,No
CUST-05153,Male,0,No,No,25,No,No phone service,No,No internet service,No internet service,No internet service,No internet service,No internet service,No internet service,Month-to-month,No,Bank transfer (automatic),117.0,2919.92,No
CUST-05154,Male,0,Yes,Yes,50,Yes,No,Fiber optic,No,No,No,No,No,Yes,Month-to-month,No,Bank transfer (automatic),59.4,2935.57,No
CUST-05155,Male,0,No,No,1,Yes,No,Fiber optic,Yes,No,Yes,No,No,Yes,Month-to-month,Yes,Electronic check,32.47,33.68,Yes
CUST-05156,Male,0,No,No,54,No,No phone service,Fiber optic,No,Yes,No,Yes,Yes,No,Two year,No,Bank transfer (automatic),32.31,1657.89,No
CUST-05157,Male,0,No,No,13,Yes,Yes,Fiber optic,Yes,Yes,No,No,Yes,Yes,Month-to-month,No,Mailed check,86.16,1084.24,Yes
CUST-05158,Male,0,Yes,No,40,Yes,No,No,No internet service,No internet service,No internet service,No internet service,No internet service,No internet service,Month-to-month,No,Mailed check,62.02,2189.15,No
CUST-05159,Male,1,No,No,21,Yes,No,DSL,No,No,Yes,Yes,Yes,Yes,One year,Yes,Credit card (automatic),23.47,445.22,No
CUST-05160,Male,1,No,No,41,Yes,Yes,Fiber optic,Yes,Yes,Yes,Yes,Yes,No,Month-to-month,Yes,Credit card (automatic),26.79,1072.67,No
CUST-05161,Female,1,No,Yes,61,Yes,No,Fiber optic,No,No,Yes,No,No,Yes,Month-to-month,No,Bank transfer (automatic),61.48,3607.82,Yes
CUST-05162,Male,1,Yes,No,33,Yes,No,Fiber optic,No,Yes,No,No,No,Yes,One year,No,Bank transfer (automatic),99.15,3072.78,Yes
CUST-05163,Male,0,No,No,29,Yes,No,Fiber optic,Yes,No,No,No,No,No,Two year,Yes,Bank transfer (automatic),32.53,934.04,No
CUST-05164,Male,0,No,No,55,Yes,Yes,DSL,Yes,No,Yes,Yes,No,No,Month-to-month,Yes,Bank transfer (automatic),29.61,1464.05,No
CUST-05165,Male,0,Yes,Yes,32,Yes,No,DSL,Yes,No,No,Yes,No,No,Month-to-month,Yes,Electronic check,66.13,2094.67,Yes
CUST-05166,Female,0,Yes,Yes,11,Yes,No,DSL,Yes,Yes,No,No,No,No,Month-to-month,Yes,Bank transfer (automatic),71.5,698.08,No
CUST-05167,Female,0,Yes,No,52,No,No phone service,No,No internet service,No internet service,No internet service,No internet service,No internet service,No internet service,One year,No,Electronic check,70.36,3471.92,No
CUST-05168,Female,0,Yes,No,36,Yes,No,No,No internet service,No internet service,No internet service,No internet service,No internet service,No internet service,One year,No,Electronic check,69.32,2177.84,No
CUST-05169,Female,0,Yes,No,31,Yes,Yes,DSL,No,No,No,No,Yes,No,Month-to-month,No,Credit card (automatic),108.76,3214.59,Yes
CUST-05170,Female,0,Yes,No,14,Yes,Yes,DSL,No,No,No,No,No,Yes,Month-to-month,Yes,Mailed check,58.02,823.87,Yes
CUST-05171,Female,0,No,No,63,Yes,Yes,DSL,No,No,Yes,Yes,No,No,Two year,No,Electronic check,21.42,1277.59,No
CUST-05172,Female,0,No,No,52,Yes,Yes,DSL,Yes,Yes,Yes,Yes,No,Yes,Month-to-month,Yes,Electronic check,19.02,905.55,Yes
CUST-05173,Female,0,Yes,Yes,54,Yes,No,DSL,Yes,Yes,No,Yes,Yes,No,Month-to-month,Yes,Bank transfer (automatic),59.14,2802.64,No
CUST-05174,Female,0,No,No,50,Yes,Yes,DSL,Yes,No,No,Yes,No,Yes,One year,No,Credit card (automatic),109.14,5030.08,No
CUST-05175,Female,0,No,No,54,No,No phone service,No,No internet service,No internet service,No internet service,No internet service,No internet service,No internet service,Month-to-month,Yes,Credit card (automatic),90.59,4996.39,No
CUST-05176,Female,0,Yes,No,35,Yes,Yes,Fiber optic,Yes,No,Yes,Yes,Yes,No,Month-to-month,No,Mailed check,76.17,2474.59,No
CUST-05177,Female,1,Yes,No,30,Yes,No,DSL,No,Yes,Yes,No,No,No,Month-to-month,No,Electronic check,89.59,2383.93,No
CUST-05178,Female,0,No,No,55,Yes,Yes,Fiber optic,No,Yes,No,Yes,No,Yes,Month-to-month,Yes,Electronic check,35.07,1982.27,No
CUST-05179,Female,0,No,No,1,Yes,No,Fiber optic,No,No,Yes,Yes,Yes,No,Month-to-month,Yes,Bank transfer (automatic),48.52,50.25,Yes
CUST-05180,Female,0,No,No,15,Yes,Yes,DSL,No,No,Yes,Yes,Yes,No,Month-to-month,No,Credit card (automatic),98.66,1540.27,Yes
CUST-05181,Female,0,No,No,25,Yes,Yes,Fiber optic,No,Yes,Yes,Yes,Yes,No,Two year,Yes,Mailed check,19.09,455.18,No
CUST-05182,Male,0,Yes,No,20,Yes,Yes,DSL,Yes,No,Yes,Yes,No,No,One year,No,Bank transfer (automatic),49.07,944.54,No
CUST-05183,Female,0,No,Yes,71,Yes,Yes,DSL,Yes,No,Yes,Yes,No,Yes,Month-to-month,No,Bank transfer (automatic),115.03,7437.85,No
CUST-05184,Male,0,Yes,Yes,16,Yes,Yes,DSL,No,Yes,No,No,No,Yes,Two year,No,Credit card (automatic),80.31,1178.79,No
CUST-05185,Female,1,Yes,No,52,Yes,No,No,No internet service,No internet service,No internet service,No internet service,No internet service,No internet service,Two year,Yes,Bank transfer (automatic),92.61,4589.62,No
CUST-05186,Female,1,Yes,No,65,Yes,Yes,Fiber optic,Yes,Yes,No,No,Yes,No,Two year,No,Credit card (automatic),58.36,3347.11,No
CUST-05187,Male,0,Yes,Yes,70,Yes,Yes,Fiber optic,No,No,Yes,No,No,Yes,One year,Yes,Electronic check,28.54,2082.63,No
CUST-05188,Female,0,No,Yes,1,No,No phone service,No,No internet service,No internet service,No internet service,No internet service,No internet service,No internet service,Two year,Yes,Bank transfer (automatic),87.59,86.45,No
CUST-05189,Male,0,No,No,16,No,No phone service,DSL,Yes,No,Yes,Yes,No,No,One year,Yes,Mailed check,61.28,842.56,No
CUST-05190,Male,0,No,No,27,No,No phone service,No,No internet service,No internet service,No internet service,No internet service,No internet service,No internet service,Month-to-month,No,Credit card (automatic),32.67,795.34,No
CUST-05191,Male,0,Yes,No,18,Yes,Yes,Fiber optic,Yes,Yes,No,No,Yes,Yes,Two year,No,Electronic check,109.45,1792.85,Yes
CUST-05192,Female,0,No,Yes,44,Yes,Yes,Fiber optic,Yes,Yes,Yes,No,Yes,Yes,One year,Yes,Bank transfer (automatic),43.67,1637.21,No
CUST-05193,Female,0,No,Yes,50,No,No phone service,No,No internet service,No internet service,No internet service,No internet service,No internet service,No internet service,One year,No,Credit card (automatic),53.55,2802.96,No
CUST-05194,Female,1,Yes,No,14,No,No phone service,Fiber optic,No,No,No,Yes,Yes,No,Two year,Yes,Bank transfer (automatic),39.33,498.83,No
CUST-05195,Male,0,No,No,52,Yes,Yes,No,No internet service,No internet service,No internet service,No internet service,No internet service,No internet service,Month-to-month,No,Bank transfer (automatic),57.98,2593.85,Yes
CUST-05196,Male,0,No,No,50,Yes,Yes,No,No internet service,No internet service,No internet service,No internet service,No internet service,No internet service,Month-to-month,No,Credit card (automatic),80.35,4118.87,No
CUST-05197,Female,0,Yes,No,17,Yes,Yes,DSL,No,Yes,Yes,No,Yes,No,One year,Yes,Electronic check,39.12,579.98,Yes
CUST-05198,Female,1,No,No,3,No,No phone service,DSL,No,No,No,No,No,No,Month-to-month,No,Electronic check,54.62,154.22,Yes
CUST-05199,Female,0,No,No,62,Yes,Yes,DSL,No,No,No,Yes,Yes,No,Month-to-month,No,Credit card (automatic),19.37,1108.38,Yes
CUST-05200,Female,0,No,Yes,21,Yes,Yes,DSL,Yes,Yes,Yes,Yes,Yes,Yes,Month-to-month,Yes,Electronic check,34.27,622.95,No
CUST-05201,Female,0,No,No,33,Yes,Yes,Fiber optic,Yes,Yes,No,No,No,No,Two year,Yes,Mailed check,110.5,3123.29,Yes
CUST-05202,Male,0,Yes,Yes,1,Yes,Yes,DSL,No,No,No,No,Yes,No,Month-to-month,Yes,Electronic check,82.81,74.84,No
CUST-05203,Male,1,No,No,70,Yes,Yes,DSL,No,No,Yes,No,No,Yes,Month-to-month,Yes,Mailed check,69.42,4480.1,No
CUST-05204,Male,0,No,Yes,56,Yes,Yes,Fiber optic,No,No,No,Yes,No,Yes,Month-to-month,Yes,Credit card (automatic),70.51,3945.86,No
CUST-05205,Female,0,Yes,Yes,4,Yes,Yes,No,No internet service,No internet service,No internet service,No internet service,No internet service,No internet service,One year,No,Electronic check,83.49,332.24,No
CUST-05206,Male,0,Yes,No,22,Yes,No,DSL,Yes,No,No,Yes,No,Yes,Month-to-month,Yes,Bank transfer (automatic),39.48,818.93,Yes
CUST-05207,Male,0,No,No,58,Yes,No,DSL,Yes,Yes,No,No,No,No,One year,Yes,Electronic check,21.47,1110.82,No
CUST-05208,Male,0,Yes,No,44,Yes,No,DSL,Yes,Yes,Yes,No,No,No,Month-to-month,Yes,Electronic check,59.84,2681.49,Yes
CUST-05209,Male,0,No,No,57,Yes,No,No,No internet service,No internet service,No internet service,No internet service,No internet service,No internet service,Month-to-month,Yes,Bank transfer (automatic),110.73,6184.43,No
CUST-05210,Male,0,No,No,40,Yes,No,Fiber optic,No,No,No,No,No,Yes,Month-to-month,Yes,Electronic check,70.09,2578.65,Yes
CUST-05211,Female,0,Yes,Yes,56,Yes,Yes,No,No internet service,No internet service,No internet service,No internet service,No internet service,No internet service,Month-to-month,No,Bank transfer (automatic),108.04,6196.52,Yes
CUST-05212,Male,0,Yes,No,63,Yes,No,No,No internet service,No internet service,No internet service,No internet service,No internet service,No internet service,One year,Yes,Credit card (automatic),30.85,1970.02,No
CUST-05213,Female,1,Yes,No,39,No,No phone service,No,No internet service,No internet service,No internet service,No internet service,No internet service,No internet service,Two year,No,Credit card (automatic),45.9,1521.8,No
CUST-05214,Female,0,No,Yes,7,Yes,No,DSL,No,No,Yes,Yes,Yes,No,Month-to-month,Yes,Credit card (automatic),83.3,596.97,Yes
CUST-05215,Female,0,No,No,14,Yes,Yes,Fiber optic,No,Yes,Yes,No,No,Yes,One year,Yes,Electronic check,20.39,272.87,No
CUST-05216,Female,0,No,Yes,18,Yes,No,No,No internet service,No internet service,No internet service,No internet service,No internet service,No internet service,Month-to-month,Yes,Electronic check,33.33,620.87,No
CUST-05217,Female,0,Yes,No,55,Yes,No,DSL,No,No,Yes,Yes,No,No,One year,Yes,Bank transfer (automatic),29.25,1615.42,No
CUST-05218,Male,0,No,No,56,No,No phone service,Fiber optic,No,Yes,Yes,No,No,No,Month-to-month,No,Bank transfer (automatic),70.75,3483.63,Yes
CUST-05219,Male,0,No,No,57,Yes,No,Fiber optic,No,No,No,Yes,Yes,No,Two year,Yes,Electronic check,107.91,5647.92,No
CUST-05220,Female,0,Yes,Yes,58,Yes,Yes,Fiber optic,Yes,No,No,Yes,No,No,Month-to-month,Yes,Mailed check,18.33,969.94,No
CUST-05221,Female,0,No,No,25,Yes,Yes,No,No internet service,No internet service,No internet service,No internet service,No internet service,No internet service,Month-to-month,Yes,Bank transfer (automatic),23.71,587.17,No
CUST-05222,Female,0,Yes,No,70,Yes,No,Fiber optic,Yes,No,No,Yes,Yes,Yes,Month-to-month,No,Mailed check,85.7,5745.27,No
CUST-05223,Male,0,No,Yes,3,Yes,No,Fiber optic,No,Yes,Yes,No,Yes,Yes,Two year,No,Mailed check,55.58,150.75,Yes
CUST-05224,Female,0,Yes,No,21,No,No phone service,Fiber optic,No,No,No,No,Yes,Yes,Two year,No,Electronic check,109.12,2296.83,Yes
CUST-05225,Male,0,Yes,Yes,32,Yes,Yes,Fiber optic,No,Yes,No,No,No,Yes,Month-to-month,Yes,Mailed check,72.86,2286.72,No
CUST-05226,Female,0,No,Yes,2,Yes,No,No,No internet service,No internet service,No internet service,No internet service,No internet service,No internet service,Two year,Yes,Credit card (automatic),24.08,48.58,No
CUST-05227,Male,0,No,Yes,20,Yes,Yes,No,No internet service,No internet service,No internet service,No internet service,No internet service,No internet service,Month-to-month,No,Mailed check,18.71,373.98,No
CUST-05228,Female,1,Yes,No,18,Yes,No,No,No internet service,No internet service,No internet service,No internet service,No internet service,No internet service,Month-to-month,No,Bank transfer (automatic),62.79,1099.38,No
CUST-05229,Male,0,No,Yes,54,Yes,No,No,No internet service,No internet service,No internet service,No internet service,No internet service,No internet service,One year,Yes,Mailed check,58.51,2790.53,No
CUST-05230,Female,0,No,No,36,Yes,Yes,Fiber optic,Yes,Yes,No,No,No,Yes,Month-to-month,No,Credit card (automatic),67.1,2147.28,No
CUST-05231,Male,0,Yes,Yes,61,Yes,No,DSL,No,No,No,Yes,No,No,Month-to-month,No,Bank transfer (automatic),61.82,3799.17,No
CUST-05232,Male,0,No,Yes,60,Yes,No,DSL,No,No,No,Yes,No,Yes,Month-to-month,Yes,Credit card (automatic),79.39,4864.5,Yes
CUST-05233,Male,0,No,Yes,36,No,No phone service,DSL,No,No,Yes,Yes,Yes,No,Two year,Yes,Bank transfer (automatic),109.88,3759.65,No
CUST-05234,Male,0,No,No,44,Yes,No,Fiber optic,Yes,No,No,Yes,Yes,Yes,One year,Yes,Credit card (automatic),95.11,4383.33,No
CUST-05235,Male,0,Yes,Yes,68,Yes,Yes,DSL,Yes,No,Yes,Yes,No,No,Two year,No,Electronic check,71.98,4449.44,No
CUST-05236,Male,0,No,Yes,66,Yes,No,DSL,No,No,No,Yes,No,No,Month-to-month,No,Mailed check,71.8,4721.45,Yes
CUST-05237,Male,0,No,No,44,Yes,No,DSL,No,Yes,Yes,Yes,No,Yes,One year,Yes,Bank transfer (automatic),118.25,5119.45,No
CUST-05238,Female,0,No,No,29,Yes,No,Fiber optic,No,Yes,No,Yes,Yes,No,Two year,No,Mailed check,114.07,3305.7,No
CUST-05239,Female,0,Yes,Yes,48,Yes,No,DSL,No,No,Yes,No,No,Yes,Month-to-month,Yes,Credit card (automatic),34.03,1524.3,No
CUST-05240,Female,0,No,No,36,Yes,Yes,Fiber optic,No,No,No,No,No,No,Month-to-month,Yes,Electronic check,82.91,2682.89,Yes
CUST-05241,Female,0,Yes,Yes,8,Yes,Yes,DSL,Yes,No,Yes,No,Yes,Yes,One year,No,Mailed check,49.81,370.97,Yes
CUST-05242,Female,0,No,No,5,No,No phone service,Fiber optic,No,Yes,No,No,No,No,One year,Yes,Credit card (automatic),38.34,170.22,Yes
CUST-05243,Male,0,No,No,47,Yes,Yes,No,No internet service,No internet service,No internet service,No internet service,No internet service,No internet service,Month-to-month,No,Bank transfer (automatic),114.11,4678.63,No
CUST-05244,Male,0,Yes,Yes,43,Yes,No,DSL,No,No,No,No,Yes,Yes,Month-to-month,No,Credit card (automatic),26.77,1135.97,No
CUST-05245,Male,0,Yes,Yes,10,Yes,Yes,No,No internet service,No internet service,No internet service,No internet service,No internet service,No internet service,One year,Yes,Mailed check,20.78,217.6,No
CUST-05246,Male,0,No,No,10,Yes,No,Fiber optic,No,No,No,No,No,Yes,Month-to-month,No,Electronic check,65.99,648.93,No
CUST-05247,Male,0,No,No,6,Yes,Yes,DSL,No,No,Yes,Yes,Yes,No,Month-to-month,No,Mailed check,72.68,382.39,No
CUST-05248,Female,0,Yes,Yes,16,No,No phone service,DSL,Yes,Yes,Yes,No,No,Yes,Two year,Yes,Electronic check,28.93,441.72,No
CUST-05249,Female,1,No,Yes,60,Yes,Yes,No,No internet service,No internet service,No internet service,No internet service,No internet service,No internet service,Two year,Yes,Bank transfer (automatic),114.62,6676.56,No
CUST-05250,Female,1,No,No,26,Yes,Yes,Fiber optic,Yes,Yes,Yes,No,Yes,No,Month-to-month,No,Bank transfer (automatic),27.4,710.36,No
CUST-05251,Female,0,No,No,21,Yes,No,DSL,Yes,No,No,No,No,Yes,Month-to-month,No,Electronic check,91.61,1933.59,Yes
CUST-05252,Male,0,No,Yes,58,No,No phone service,No,No internet service,No internet service,No internet service,No internet service,No internet service,No internet service,Month-to-month,Yes,Bank transfer (automatic),55.23,2849.48,No
CUST-05253,Male,0,Yes,Yes,41,Yes,Yes,No,No internet service,No internet service,No internet service,No internet service,No internet service,No internet service,Month-to-month,No,Bank transfer (automatic),44.82,1682.28,No
CUST-05254,Male,0,No,Yes,30,Yes,Yes,Fiber optic,No,No,No,Yes,Yes,No,Month-to-month,No,Electronic check,39.53,1136.89,Yes
CUST-05255,Female,0,Yes,Yes,5,Yes,Yes,No,No internet service,No internet service,No internet service,No internet service,No internet service,No internet service,Month-to-month,Yes,Credit card (automatic),35.94,152.91,No
CUST-05256,Male,0,Yes,No,10,Yes,Yes,Fiber optic,Yes,Yes,Yes,No,No,No,Two year,Yes,Mailed check,71.84,639.14,No
CUST-05257,Female,0,Yes,Yes,11,Yes,Yes,DSL,Yes,No,No,No,No,No,Month-to-month,Yes,Credit card (automatic),22.57,258.55,No
CUST-05258,Male,0,No,No,63,No,No phone service,Fiber optic,Yes,No,No,No,No,Yes,Month-to-month,Yes,Electronic check,96.59,5607.2,No
CUST-05259,Male,0,No,No,7,No,No phone service,No,No internet service,No internet service,No internet service,No internet service,No internet service,No internet service,One year,Yes,Bank transfer (automatic),41.81,292.41,No
CUST-05260,Female,0,Yes,No,59,Yes,No,DSL,No,No,Yes,Yes,Yes,No,One year,Yes,Electronic check,62.29,3470.99,No
CUST-05261,Male,0,No,No,12,Yes,No,DSL,No,No,No,Yes,No,Yes,Month-to-month,No,Electronic check,26.19,329.94,Yes
CUST-05262,Male,0,No,No,64,Yes,Yes,DSL,No,No,Yes,No,No,No,Month-to-month,Yes,Electronic check,65.92,4346.69,Yes
CUST-05263,Female,0,No,No,41,Yes,Yes,DSL,Yes,Yes,No,No,No,No,Month-to-month,Yes,Bank transfer (automatic),81.92,3047.45,Yes
CUST-05264,Male,0,No,No,60,Yes,No,DSL,No,Yes,No,No,No,No,Month-to-month,Yes,Credit card (automatic),23.04,1396.95,No
CUST-05265,Female,0,Yes,No,72,Yes,No,No,No internet service,No internet service,No internet service,No internet service,No internet service,No internet service,Month-to-month,Yes,Credit card (automatic),106.57,7369.59,Yes
CUST-05266,Male,0,Yes,No,28,Yes,No,No,No internet service,No internet service,No internet service,No internet service,No internet service,No internet service,Month-to-month,Yes,Mailed check,48.46,1236.27,No
CUST-05267,Male,0,No,Yes,63,Yes,Yes,DSL,No,Yes,No,No,No,No,Month-to-month,Yes,Bank transfer (automatic),52.72,3165.46,Yes
CUST-05268,Male,0,No,No,3,Yes,No,Fiber optic,Yes,No,No,No,No,Yes,Month-to-month,No,Mailed check,34.92,96.03,No
CUST-05269,Male,0,Yes,No,32,Yes,No,Fiber optic,Yes,No,No,Yes,No,No,Month-to-month,No,Electronic check,108.15,3066.8,Yes
CUST-05270,Male,1,No,Yes,21,Yes,Yes,DSL,No,Yes,Yes,No,No,Yes,One year,No,Bank transfer (automatic),53.26,1055.29,No
CUST-05271,Male,0,No,No,55,Yes,No,DSL,No,No,No,Yes,Yes,Yes,Two year,Yes,Mailed check,48.35,2486.35,No
CUST-05272,Male,0,No,No,18,Yes,No,DSL,Yes,No,Yes,No,Yes,No,One year,Yes,Mailed check,91.41,1502.16,Yes
CUST-05273,Male,0,Yes,No,53,No,No phone service,Fiber optic,Yes,No,Yes,Yes,No,Yes,Month-to-month,Yes,Electronic check,50.19,2590.33,No
CUST-05274,Female,0,No,No,61,Yes,Yes,DSL,No,No,No,Yes,Yes,No,Month-to-month,No,Electronic check,65.08,3476.29,Yes
CUST-05275,Female,0,No,Yes,50,Yes,No,DSL,No,No,Yes,No,Yes,Yes,One year,Yes,Mailed check,119.96,6265.86,Yes
CUST-05276,Male,0,Yes,Yes,8,Yes,No,DSL,No,Yes,Yes,No,Yes,Yes,Month-to-month,No,Mailed check,68.01,485.55,No
CUST-05277,Male,0,Yes,No,12,Yes,No,No,No internet service,No internet service,No internet service,No internet service,No internet service,No internet service,Month-to-month,Yes,Mailed check,65.25,761.49,No
CUST-05278,Female,0,Yes,No,51,Yes,No,Fiber optic,No,No,Yes,Yes,No,Yes,One year,Yes,Mailed check,99.42,4717.31,No
CUST-05279,Male,0,No,No,66,Yes,Yes,Fiber optic,No,Yes,No,Yes,No,No,Month-to-month,No,Bank transfer (automatic),22.35,1256.73,No
CUST-05280,Male,0,Yes,Yes,41,Yes,Yes,No,No internet service,No internet service,No internet service,No internet service,No internet service,No internet service,Month-to-month,Yes,Electronic check,56.31,2060.55,No
CUST-05281,Female,0,Yes,No,22,Yes,Yes,DSL,No,Yes,Yes,No,Yes,No,Two year,Yes,Credit card (automatic),89.45,1889.65,No
CUST-05282,Male,0,Yes,Yes,9,Yes,Yes,Fiber optic,No,No,Yes,No,Yes,Yes,Month-to-month,No,Mailed check,111.07,919.48,Yes
CUST-05283,Male,0,Yes,No,11,Yes,Yes,DSL,Yes,No,No,No,No,No,One year,Yes,Mailed check,84.17,941.86,No
CUST-05284,Female,0,Yes,No,13,Yes,Yes,DSL,No,Yes,No,Yes,Yes,Yes,Two year,Yes,Electronic check,72.05,922.22,No
CUST-05285,Male,0,No,Yes,56,Yes,No,No,No internet service,No internet service,No internet service,No internet service,No internet service,No internet service,One year,No,Mailed check,65.04,3210.01,No
CUST-05286,Male,0,No,No,28,Yes,No,No,No internet service,No internet service,No internet service,No internet service,No internet service,No internet service,Month-to-month,Yes,Bank transfer (automatic),66.85,1941.14,No
CUST-05287,Female,0,No,No,64,No,No phone service,DSL,Yes,No,Yes,Yes,No,No,Month-to-month,No,Credit card (automatic),66.07,3798.36,No
CUST-05288,Male,0,Yes,No,64,Yes,Yes,DSL,Yes,No,No,No,Yes,Yes,Two year,No,Bank transfer (automatic),113.8,6279.18,No
CUST-05289,Female,0,Yes,No,70,Yes,No,Fiber optic,No,Yes,No,Yes,No,No,Month-to-month,Yes,Bank transfer (automatic),100.63,6672.29,No
CUST-05290,Male,0,Yes,Yes,55,Yes,Yes,Fiber optic,Yes,No,No,No,No,No,Month-to-month,Yes,Mailed check,51.08,2633.99,Yes
CUST-05291,Male,0,Yes,Yes,37,Yes,Yes,DSL,Yes,No,Yes,No,No,Yes,Two year,Yes,Mailed check,24.18,848.33,No
CUST-05292,Female,0,Yes,No,33,Yes,Yes,Fiber optic,No,Yes,Yes,Yes,No,No,Month-to-month,Yes,Credit card (automatic),87.75,2503.24,No
CUST-05293,Female,0,Yes,No,25,No,No phone service,No,No internet service,No internet service,No internet service,No internet service,No internet service,No internet service,One year,No,Credit card (automatic),92.36,2099.71,No
CUST-05294,Male,0,No,No,23,Yes,Yes,DSL,Yes,No,No,No,Yes,No,One year,Yes,Credit card (automatic),96.75,2301.71,No
CUST-05295,Female,0,Yes,No,60,Yes,No,No,No internet service,No internet service,No internet service,No internet service,No internet service,No internet service,Month-to-month,Yes,Electronic check,41.76,2528.53,No
CUST-05296,Female,0,No,Yes,56,Yes,Yes,DSL,Yes,Yes,No,Yes,Yes,No,Month-to-month,No,Credit card (automatic),82.94,4085.19,No
CUST-05297,Male,0,Yes,Yes,63,Yes,No,Fiber optic,No,Yes,No,No,No,Yes,Month-to-month,Yes,Bank transfer (automatic),83.2,4757.44,Yes
CUST-05298,Male,0,Yes,No,8,Yes,Yes,No,No internet service,No internet service,No internet service,No internet service,No internet service,No internet service,Two year,Yes,Mailed check,29.32,234.42,No
CUST-05299,Male,0,No,No,17,No,No phone service,Fiber optic,Yes,Yes,No,No,No,Yes,One year,No,Mailed check,96.92,1683.21,No
CUST-05300,Female,0,Yes,No,57,Yes,No,DSL,No,No,Yes,Yes,No,No,Two year,No,Mailed check,78.39,3923.38,No
CUST-05301,Female,0,Yes,No,62,Yes,No,No,No internet service,No internet service,No internet service,No internet service,No internet service,No internet service,Month-to-month,No,Mailed check,68.76,4132.34,No
CUST-05302,Female,1,No,No,11,Yes,No,DSL,Yes,Yes,Yes,No,Yes,Yes,One year,Yes,Mailed check,22.05,227.46,No
CUST-05303,Female,0,No,No,67,Yes,No,Fiber optic,Yes,Yes,No,No,No,No,Month-to-month,Yes,Credit card (automatic),64.76,4109.64,Yes
CUST-05304,Male,0,Yes,No,40,Yes,Yes,Fiber optic,Yes,Yes,Yes,No,No,Yes,Month-to-month,Yes,Mailed check,104.77,4226.79,No
CUST-05305,Female,0,Yes,Yes,40,Yes,No,Fiber optic,Yes,No,Yes,No,Yes,No,Month-to-month,No,Electronic check,55.95,2167.82,No
CUST-05306,Male,0,No,No,56,No,No phone service,Fiber optic,Yes,No,No,No,No,No,Month-to-month,No,Electronic check,117.92,6348.8,No
CUST-05307,Female,0,No,No,53,No,No phone service,Fiber optic,No,Yes,Yes,Yes,No,No,One year,No,Electronic check,98.26,4822.59,No
CUST-05308,Male,1,Yes,No,28,Yes,Yes,DSL,No,No,Yes,No,Yes,Yes,Month-to-month,No,Mailed check,102.01,2612.3,No
CUST-05309,Male,0,Yes,Yes,42,Yes,Yes,Fiber optic,No,No,No,No,Yes,No,Month-to-month,No,Electronic check,77.99,3262.09,Yes
CUST-05310,Male,0,No,Yes,46,Yes,Yes,DSL,No,No,No,No,No,No,Two year,Yes,Bank transfer (automatic),46.65,2216.69,No
CUST-05311,Female,0,Yes,Yes,18,Yes,No,DSL,No,Yes,No,Yes,No,No,Month-to-month,No,Credit card (automatic),59.05,908.89,No
CUST-05312,Male,0,Yes,Yes,23,Yes,Yes,Fiber optic,No,Yes,Yes,Yes,Yes,Yes,Month-to-month,No,Credit card (automatic),81.03,1761.61,Yes
CUST-05313,Male,0,No,No,26,Yes,No,Fiber optic,No,No,No,No,No,No,Month-to-month,No,Electronic check,108.28,2712.21,No
CUST-05314,Female,0,Yes,Yes,29,No,No phone service,DSL,No,No,No,No,No,Yes,Month-to-month,No,Electronic check,92.12,2422.33,Yes
CUST-05315,Male,0,No,No,52,Yes,No,Fiber optic,No,Yes,No,Yes,No,No,Month-to-month,No,Electronic check,54.74,2469.69,Yes
CUST-05316,Female,0,No,Yes,46,Yes,Yes,Fiber optic,No,No,Yes,Yes,No,No,Month-to-month,No,Electronic check,44.3,1800.77,Yes
CUST-05317,Female,0,No,Yes,1,Yes,No,Fiber optic,No,No,Yes,Yes,Yes,No,Month-to-month,Yes,Mailed check,82.63,81.92,Yes
CUST-05318,Male,0,Yes,No,63,Yes,Yes,Fiber optic,No,Yes,Yes,Yes,Yes,Yes,One year,No,Bank transfer (automatic),26.25,1477.99,No
CUST-05319,Male,0,Yes,No,16,Yes,Yes,No,No internet service,No internet service,No internet service,No internet service,No internet service,No internet service,Two year,Yes,Electronic check,56.21,835.97,No
CUST-05320,Female,0,Yes,Yes,25,Yes,Yes,Fiber optic,No,No,No,No,Yes,No,One year,Yes,Electronic check,43.57,929.31,No
CUST-05321,Male,0,Yes,No,62,Yes,No,No,No internet service,No internet service,No internet service,No internet service,No internet service,No internet service,Two year,Yes,Electronic check,106.76,5851.54,No
CUST-05322,Female,0,No,Yes,16,Yes,Yes,DSL,No,Yes,No,Yes,Yes,No,One year,Yes,Bank transfer (automatic),84.94,1377.08,Yes
CUST-05323,Female,0,Yes,No,69,No,No phone service,Fiber optic,No,Yes,Yes,No,Yes,Yes,Month-to-month,Yes,Electronic check,30.34,1999.88,Yes
CUST-05324,Female,0,Yes,No,70,Yes,Yes,Fiber optic,Yes,Yes,Yes,No,No,Yes,Month-to-month,No,Mailed check,70.14,4269.41,No
CUST-05325,Male,0,Yes,No,34,No,No phone service,Fiber optic,No,Yes,Yes,No,No,No,Month-to-month,No,Mailed check,98.5,2902.15,Yes
CUST-05326,Female,0,Yes,No,53,Yes,No,No,No internet service,No internet service,No internet service,No internet service,No internet service,No internet service,Month-to-month,Yes,Mailed check,29.2,1600.47,No
CUST-05327,Male,1,No,No,23,Yes,No,DSL,Yes,Yes,Yes,Yes,No,No,One year,Yes,Bank transfer (automatic),76.34,1622.94,No
CUST-05328,Male,0,No,No,43,Yes,No,Fiber optic,No,Yes,Yes,No,Yes,No,One year,No,Mailed check,95.31,4112.02,No
CUST-05329,Male,0,No,No,44,Yes,Yes,DSL,No,Yes,Yes,No,Yes,No,Month-to-month,Yes,Electronic check,39.31,1621.25,Yes
CUST-05330,Male,0,No,No,32,Yes,No,Fiber optic,Yes,Yes,Yes,No,No,Yes,One year,No,Mailed check,112.72,3155.37,No
CUST-05331,Female,0,No,Yes,23,No,No phone service,No,No internet service,No internet service,No internet service,No internet service,No internet service,No internet service,Two year,No,Credit card (automatic),74.34,1632.97,No
CUST-05332,Male,0,Yes,No,20,Yes,Yes,Fiber optic,No,Yes,No,Yes,No,No,Month-to-month,Yes,Mailed check,82.46,1434.59,Yes
CUST-05333,Female,1,Yes,Yes,19,Yes,Yes,Fiber optic,Yes,No,Yes,No,No,Yes,Month-to-month,Yes,Credit card (automatic),54.02,1049.6,No
CUST-05334,Female,0,No,No,72,No,No phone service,Fiber optic,Yes,Yes,No,Yes,No,Yes,Month-to-month,No,Bank transfer (automatic),96.95,6002.1,No
CUST-05335,Male,1,Yes,No,29,Yes,Yes,DSL,No,Yes,No,No,Yes,Yes,Month-to-month,No,Credit card (automatic),79.06,2269.83,No
CUST-05336,Female,0,Yes,No,18,Yes,No,DSL,Yes,No,Yes,No,Yes,Yes,Month-to-month,Yes,Bank transfer (automatic),111.6,2100.19,No
CUST-05337,Female,0,No,No,69,Yes,Yes,Fiber optic,Yes,Yes,No,Yes,No,Yes,Month-to-month,No,Mailed check,67.45,4780.43,No
CUST-05338,Male,0,Yes,Yes,12,Yes,No,Fiber optic,Yes,No,Yes,No,Yes,No,Two year,Yes,Credit card (automatic),79.94,989.28,No
CUST-05339,Female,0,No,Yes,10,Yes,No,Fiber optic,No,Yes,No,Yes,Yes,Yes,Two year,Yes,Bank transfer (automatic),76.66,690.79,No
CUST-05340,Female,0,No,No,37,Yes,No,DSL,Yes,No,No,Yes,Yes,No,One year,Yes,Electronic check,76.95,2686.34,No
CUST-05341,Female,0,Yes,No,55,No,No phone service,Fiber optic,No,No,No,Yes,Yes,Yes,One year,Yes,Electronic check,90.86,4479.05,Yes
CUST-05342,Female,0,Yes,No,4,Yes,No,No,No internet service,No internet service,No internet service,No internet service,No internet service,No internet service,Two year,No,Mailed check,28.7,113.39,No
CUST-05343,Male,0,No,Yes,63,Yes,No,DSL,Yes,Yes,No,No,Yes,No,Two year,Yes,Bank transfer (automatic),79.54,4916.31,No
CUST-05344,Female,0,Yes,No,12,Yes,Yes,Fiber optic,No,No,No,No,No,No,One year,Yes,Mailed check,60.67,661.99,No
CUST-05345,Female,0,Yes,Yes,18,Yes,No,Fiber optic,Yes,Yes,No,Yes,No,No,Month-to-month,Yes,Bank transfer (automatic),63.95,1072.74,No
CUST-05346,Female,0,No,Yes,8,Yes,No,No,No internet service,No internet service,No internet service,No internet service,No internet service,No internet service,Month-to-month,Yes,Electronic check,62.28,461.41,No
CUST-05347,Female,0,Yes,No,32,Yes,No,Fiber optic,No,No,Yes,No,Yes,No,Month-to-month,Yes,Credit card (automatic),29.29,927.45,Yes
CUST-05348,Male,0,Yes,No,49,Yes,Yes,Fiber optic,Yes,Yes,Yes,Yes,Yes,No,One year,No,Mailed check,19.49,815.34,No
CUST-05349,Female,0,Yes,Yes,63,Yes,No,Fiber optic,No,Yes,No,Yes,Yes,Yes,Month-to-month,Yes,Bank transfer (automatic),28.9,1884.53,No
CUST-05350,Male,0,No,No,59,Yes,No,DSL,Yes,Yes,Yes,No,No,Yes,Month-to-month,Yes,Credit card (automatic),62.42,3234.33,Yes
CUST-05351,Female,0,Yes,Yes,67,Yes,No,Fiber optic,Yes,Yes,No,No,Yes,No,Month-to-month,Yes,Electronic check,56.51,3456.87,Yes
CUST-05352,Male,0,Yes,Yes,39,Yes,Yes,Fiber optic,Yes,No,No,No,No,No,Month-to-month,Yes,Mailed check,32.45,1087.61,No
CUST-05353,Male,1,Yes,No,50,Yes,No,Fiber optic,No,Yes,Yes,Yes,No,No,Two year,No,Electronic check,91.81,4305.12,Yes
CUST-05354,Male,0,Yes,No,71,Yes,No,DSL,Yes,Yes,No,No,No,No,Month-to-month,Yes,Electronic check,90.9,6437.73,No
CUST-05355,Male,0,No,Yes,26,Yes,Yes,DSL,No,Yes,No,Yes,No,Yes,One year,Yes,Electronic check,110.96,2904.8,No
CUST-05356,Male,0,No,Yes,23,Yes,No,DSL,No,No,Yes,No,No,Yes,Month-to-month,No,Credit card (automatic),104.52,2217.32,Yes
CUST-05357,Female,1,Yes,Yes,63,Yes,No,Fiber optic,No,Yes,Yes,No,No,Yes,Two year,Yes,Electronic check,102.45,5979.25,No
CUST-05358,Female,0,Yes,No,66,Yes,No,No,No internet service,No internet service,No internet service,No internet service,No internet service,No internet service,Two year,No,Bank transfer (automatic),99.8,6046.26,No
CUST-05359,Female,0,Yes,No,39,Yes,Yes,DSL,Yes,Yes,No,No,Yes,Yes,Month-to-month,Yes,Electronic check,107.94,3763.23,Yes
CUST-05360,Male,1,No,Yes,66,Yes,No,DSL,No,Yes,No,Yes,No,Yes,One year,No,Bank transfer (automatic),70.46,4617.38,No
CUST-05361,Female,1,Yes,No,46,Yes,Yes,No,No internet service,No internet service,No internet service,No internet service,No internet service,No internet service,Two year,Yes,Mailed check,25.98,1229.4,No
CUST-05362,Male,1,Yes,Yes,15,Yes,No,Fiber optic,Yes,No,Yes,No,Yes,No,Two year,No,Electronic check,75.8,1058.92,No
CUST-05363,Male,0,No,No,16,Yes,No,No,No internet service,No internet service,No internet service,No internet service,No internet service,No internet service,Month-to-month,Yes,Bank transfer (automatic),104.34,1659.56,No
CUST-05364,Female,0,Yes,Yes,72,Yes,Yes,DSL,Yes,No,No,No,No,Yes,One year,Yes,Electronic check,27.69,1889.62,No
CUST-05365,Female,0,No,No,16,Yes,No,No,No internet service,No internet service,No internet service,No internet service,No internet service,No internet service,Month-to-month,No,Electronic check,101.68,1424.58,No
CUST-05366,Male,0,Yes,Yes,39,Yes,No,No,No internet service,No internet service,No internet service,No internet service,No internet service,No internet service,Month-to-month,No,Bank transfer (automatic),32.03,1189.66,No
CUST-05367,Male,0,Yes,No,11,Yes,Yes,DSL,No,No,Yes,Yes,Yes,Yes,One year,Yes,Mailed check,20.65,205.21,No
CUST-05368,Female,0,No,Yes,36,Yes,Yes,DSL,No,No,Yes,Yes,No,No,Two year,No,Mailed check,89.62,3174.19,No
CUST-05369,Female,0,Yes,No,18,Yes,Yes,DSL,No,Yes,Yes,No,Yes,No,One year,Yes,Electronic check,83.79,1417.48,No
CUST-05370,Female,0,Yes,No,23,Yes,No,DSL,Yes,No,No,No,No,Yes,Month-to-month,Yes,Mailed check,107.57,2438.08,Yes
CUST-05371,Female,0,Yes,No,49,Yes,Yes,No,No internet service,No internet service,No internet service,No internet service,No internet service,No internet service,One year,No,Mailed check,85.6,3968.96,No
CUST-05372,Male,1,No,Yes,42,Yes,No,Fiber optic,Yes,Yes,Yes,No,Yes,Yes,Two year,Yes,Bank transfer (automatic),44.87,1888.77,No
CUST-05373,Female,0,Yes,No,44,Yes,Yes,Fiber optic,No,Yes,Yes,No,No,No,Two year,No,Mailed check,111.98,5170.76,No
CUST-05374,Female,0,No,No,1,Yes,Yes,No,No internet service,No internet service,No internet service,No internet service,No internet service,No internet service,Two year,No,Credit card (automatic),110.08,112.51,No
CUST-05375,Female,0,No,No,7,Yes,Yes,Fiber optic,No,Yes,No,No,No,No,Month-to-month,No,Mailed check,114.15,792.21,Yes
CUST-05376,Male,0,No,Yes,48,No,No phone service,Fiber optic,Yes,Yes,No,Yes,No,Yes,One year,Yes,Bank transfer (automatic),93.33,4027.69,No
CUST-05377,Male,1,No,No,16,No,No phone service,DSL,Yes,Yes,No,No,Yes,No,Two year,No,Electronic check,106.7,1645.64,Yes
CUST-05378,Male,0,Yes,No,48,Yes,No,Fiber optic,No,No,No,Yes,No,Yes,Month-to-month,Yes,Credit card (automatic),42.58,1996.18,Yes
CUST-05379,Male,0,Yes,Yes,43,Yes,Yes,No,No internet service,No internet service,No internet service,No internet service,No internet service,No internet service,Month-to-month,No,Mailed check,77.7,3329.37,No
CUST-05380,Female,0,Yes,No,51,Yes,No,DSL,No,Yes,No,Yes,Yes,No,Month-to-month,Yes,Bank transfer (automatic),45.31,2053.69,Yes
CUST-05381,Male,0,Yes,No,66,Yes,No,Fiber optic,Yes,Yes,No,No,No,No,Month-to-month,No,Credit card (automatic),51.39,3233.62,No
CUST-05382,Female,0,Yes,Yes,31,Yes,Yes,No,No internet service,No internet service,No internet service,No internet service,No internet service,No internet service,One year,No,Electronic check,102.4,2991.84,No
CUST-05383,Female,0,Yes,No,39,Yes,No,Fiber optic,Yes,Yes,No,Yes,No,Yes,Month-to-month,Yes,Credit card (automatic),90.47,3184.46,Yes
CUST-05384,Female,0,No,No,9,Yes,Yes,Fiber optic,Yes,No,No,No,No,No,Month-to-month,No,Electronic check,112.48,969.59,Yes
CUST-05385,Female,1,No,Yes,41,Yes,Yes,No,No internet service,No internet service,No internet service,No internet service,No internet service,No internet service,One year,No,Bank transfer (automatic),97.8,4137.36,No
CUST-05386,Male,0,Yes,No,63,Yes,No,DSL,No,No,No,Yes,No,No,Two year,Yes,Mailed check,47.63,3012.13,No
CUST-05387,Male,0,Yes,No,14,No,No phone service,Fiber optic,No,Yes,No,Yes,Yes,No,Month-to-month,Yes,Bank transfer (automatic),108.0,1453.9,No
CUST-05388,Male,0,Yes,Yes,58,Yes,No,No,No internet service,No internet service,No internet service,No internet service,No internet service,No internet service,Two year,No,Bank transfer (automatic),25.77,1488.59,Yes
CUST-05389,Female,0,Yes,Yes,64,Yes,Yes,DSL,Yes,No,Yes,Yes,No,No,One year,Yes,Credit card (automatic),26.32,1697.58,No
CUST-05390,Female,0,Yes,No,28,Yes,No,Fiber optic,No,No,No,Yes,No,No,One year,Yes,Electronic check,45.86,1277.13,No
CUST-05391,Female,0,No,No,4,Yes,No,Fiber optic,Yes,Yes,No,No,Yes,No,Month-to-month,Yes,Electronic check,100.11,409.3,No
CUST-05392,Female,0,Yes,Yes,34,Yes,No,DSL,No,No,Yes,No,No,Yes,Two year,Yes,Electronic check,112.6,3849.06,Yes
CUST-05393,Female,0,Yes,Yes,4,Yes,Yes,Fiber optic,No,Yes,No,Yes,Yes,No,Month-to-month,Yes,Bank transfer (automatic),83.85,340.62,Yes
CUST-05394,Male,0,Yes,No,70,Yes,No,Fiber optic,No,No,Yes,Yes,No,No,Month-to-month,Yes,Mailed check,112.68,7523.39,No
CUST-05395,Female,0,No,No,58,Yes,Yes,No,No internet service,No internet service,No internet service,No internet service,No internet service,No internet service,Month-to-month,Yes,Electronic check,79.23,4368.36,No
CUST-05396,Male,1,No,No,4,No,No phone service,Fiber optic,Yes,No,No,Yes,No,No,Month-to-month,Yes,Mailed check,113.09,416.91,Yes
CUST-05397,Female,0,No,No,50,Yes,No,No,No internet service,No internet service,No internet service,No internet service,No internet service,No internet service,Two year,Yes,Credit card (automatic),61.29,2907.13,No
CUST-05398,Female,0,Yes,No,5,Yes,Yes,DSL,Yes,No,No,Yes,Yes,Yes,Month-to-month,No,Mailed check,117.17,579.66,No
CUST-05399,Male,0,Yes,No,45,Yes,No,DSL,No,No,No,Yes,No,Yes,Month-to-month,No,Credit card (automatic),39.48,1620.64,No
CUST-05400,Male,1,Yes,No,35,Yes,No,No,No internet service,No internet service,No internet service,No internet service,No internet service,No internet service,One year,Yes,Electronic check,41.65,1304.17,No
CUST-05401,Female,0,Yes,Yes,27,Yes,Yes,No,No internet service,No internet service,No internet service,No internet service,No internet service,No internet service,Month-to-month,Yes,Credit card (automatic),42.96,1190.32,No
CUST-05402,Female,0,No,No,2,Yes,No,DSL,Yes,Yes,No,Yes,No,No,One year,No,Mailed check,35.13,60.1,No
CUST-05403,Female,0,Yes,No,54,Yes,No,Fiber optic,Yes,No,No,No,No,Yes,Month-to-month,No,Mailed check,69.78,3907.31,Yes
CUST-05404,Female,0,Yes,Yes,72,Yes,Yes,Fiber optic,No,No,Yes,No,No,Yes,Month-to-month,No,Electronic check,73.38,5389.57,No
CUST-05405,Male,0,No,Yes,48,Yes,No,Fiber optic,No,No,No,Yes,Yes,Yes,Month-to-month,Yes,Mailed check,97.42,4590.77,No
CUST-05406,Female,0,Yes,No,49,Yes,No,No,No internet service,No internet service,No internet service,No internet service,No internet service,No internet service,Month-to-month,Yes,Mailed check,49.13,2412.04,No
CUST-05407,Male,1,No,No,1,Yes,Yes,Fiber optic,No,No,No,Yes,No,No,One year,Yes,Electronic check,110.94,107.61,No
CUST-05408,Female,0,Yes,No,33,Yes,Yes,DSL,No,No,No,Yes,Yes,No,Month-to-month,Yes,Electronic check,102.98,3278.01,Yes
CUST-05409,Male,0,Yes,No,35,Yes,No,DSL,No,Yes,Yes,Yes,Yes,No,Two year,No,Credit card (automatic),94.48,3239.88,No
CUST-05410,Male,0,Yes,Yes,54,Yes,Yes,DSL,No,Yes,Yes,Yes,No,No,Two year,Yes,Electronic check,118.11,5428.08,No
CUST-05411,Female,0,No,No,56,Yes,No,No,No internet service,No internet service,No internet service,No internet service,No internet service,No internet service,Month-to-month,No,Mailed check,20.68,1177.65,Yes
CUST-05412,Male,0,Yes,Yes,15,Yes,Yes,Fiber optic,Yes,No,Yes,Yes,Yes,Yes,Month-to-month,Yes,Bank transfer (automatic),118.8,1805.61,Yes
CUST-05413,Female,0,Yes,Yes,69,Yes,No,No,No internet service,No internet service,No internet service,No internet service,No internet service,No internet service,Month-to-month,No,Credit card (automatic),41.91,2739.31,Yes
CUST-05414,Male,0,Yes,Yes,4,Yes,Yes,No,No internet service,No internet service,No internet service,No internet service,No internet service,No internet service,Month-to-month,No,Bank transfer (automatic),22.25,79.87,Yes
CUST-05415,Female,0,No,No,64,Yes,No,DSL,Yes,Yes,Yes,Yes,Yes,No,Two year,Yes,Electronic check,63.77,3741.96,No
CUST-05416,Male,0,No,Yes,22,Yes,No,No,No internet service,No internet service,No internet service,No internet service,No internet service,No internet service,Month-to-month,Yes,Bank transfer (automatic),88.0,1810.98,No
CUST-05417,Female,0,Yes,No,24,Yes,No,Fiber optic,Yes,Yes,No,Yes,Yes,Yes,Month-to-month,Yes,Bank transfer (automatic),48.1,1017.95,No
CUST-05418,Female,0,Yes,Yes,47,Yes,Yes,DSL,No,Yes,No,No,No,Yes,One year,Yes,Mailed check,63.68,2907.99,No
CUST-05419,Male,0,No,No,6,Yes,Yes,Fiber optic,No,No,No,Yes,Yes,No,Two year,No,Mailed check,42.16,222.7,No
CUST-05420,Male,1,No,No,27,Yes,No,No,No internet service,No internet service,No internet service,No internet service,No internet service,No internet service,Two year,Yes,Mailed check,18.13,482.98,No
CUST-05421,Male,0,No,No,10,Yes,Yes,Fiber optic,No,Yes,No,No,No,No,Month-to-month,No,Credit card (automatic),109.19,1051.25,No
CUST-05422,Male,0,Yes,No,39,Yes,Yes,Fiber optic,No,Yes,No,No,Yes,Yes,Two year,No,Credit card (automatic),54.95,2179.83,No
CUST-05423,Female,0,Yes,No,37,Yes,Yes,Fiber optic,Yes,No,Yes,No,Yes,No,One year,Yes,Electronic check,32.94,1133.0,No
CUST-05424,Male,0,No,No,54,Yes,Yes,Fiber optic,No,No,No,Yes,No,No,One year,Yes,Electronic check,57.3,3190.65,No
CUST-05425,Female,0,No,No,51,Yes,Yes,No,No internet service,No internet service,No internet service,No internet service,No internet service,No internet service,One year,Yes,Bank transfer (automatic),19.43,971.7,No
CUST-05426,Male,0,No,No,60,Yes,Yes,No,No internet service,No internet service,No internet service,No internet service,No internet service,No internet service,Month-to-month,No,Mailed check,26.2,1336.45,No
CUST-05427,Female,1,Yes,Yes,72,No,No phone service,DSL,No,Yes,No,Yes,Yes,Yes,Month-to-month,Yes,Bank transfer (automatic),74.86,5052.89,No
CUST-05428,Female,0,No,No,51,Yes,No,DSL,No,No,No,No,Yes,Yes,Two year,No,Credit card (automatic),40.99,2181.21,No
CUST-05429,Female,0,No,No,62,Yes,Yes,Fiber optic,No,No,Yes,Yes,No,Yes,One year,No,Credit card (automatic),84.84,5481.69,No
CUST-05430,Female,0,No,No,49,Yes,Yes,DSL,No,No,Yes,Yes,No,Yes,Month-to-month,Yes,Credit card (automatic),64.13,3030.23,No
CUST-05431,Male,0,Yes,No,51,Yes,Yes,No,No internet service,No internet service,No internet service,No internet service,No internet service,No internet service,Month-to-month,No,Electronic check,25.3,1267.61,No
CUST-05432,Male,0,No,No,28,Yes,No,DSL,Yes,No,Yes,Yes,No,Yes,Two year,No,Credit card (automatic),72.0,1809.04,No
CUST-05433,Female,0,No,No,36,Yes,No,No,No internet service,No internet service,No internet service,No internet service,No internet service,No internet service,Two year,Yes,Credit card (automatic),82.61,2718.98,No
CUST-05434,Male,1,No,Yes,25,Yes,Yes,Fiber optic,No,Yes,No,No,No,No,One year,Yes,Electronic check,74.88,1739.27,No
CUST-05435,Male,0,No,Yes,36,Yes,No,DSL,No,Yes,Yes,No,No,No,Month-to-month,Yes,Mailed check,44.01,1477.76,No
CUST-05436,Female,0,No,No,60,Yes,No,Fiber optic,No,Yes,Yes,Yes,No,No,Month-to-month,Yes,Electronic check,20.85,1240.22,No
CUST-05437,Male,0,No,Yes,7,Yes,No,DSL,Yes,No,No,Yes,Yes,Yes,One year,No,Credit card (automatic),60.72,367.75,Yes
CUST-05438,Male,0,Yes,Yes,65,Yes,No,DSL,No,No,No,Yes,Yes,Yes,Two year,Yes,Electronic check,85.26,4761.34,No
CUST-05439,Male,0,No,No,36,Yes,No,Fiber optic,No,No,Yes,No,Yes,Yes,One year,Yes,Bank transfer (automatic),25.13,863.17,Yes
CUST-05440,Female,0,No,No,30,Yes,No,Fiber optic,Yes,No,No,No,Yes,Yes,Month-to-month,Yes,Mailed check,111.55,3231.74,Yes
CUST-05441,Male,0,Yes,No,47,Yes,Yes,Fiber optic,No,No,No,No,No,No,One year,Yes,Credit card (automatic),52.92,2306.89,Yes
CUST-05442,Female,0,Yes,No,29,Yes,No,Fiber optic,Yes,No,Yes,No,No,Yes,Month-to-month,Yes,Mailed check,53.29,1544.46,Yes
CUST-05443,Male,1,Yes,No,5,Yes,Yes,DSL,No,No,Yes,No,No,Yes,One year,No,Electronic check,51.99,229.71,No
CUST-05444,Male,0,No,Yes,65,Yes,Yes,Fiber optic,No,Yes,No,No,No,No,Two year,No,Credit card (automatic),109.78,7479.55,Yes
CUST-05445,Male,0,Yes,Yes,69,Yes,No,Fiber optic,Yes,No,Yes,No,Yes,No,Month-to-month,Yes,Bank transfer (automatic),114.39,7262.26,No
CUST-05446,Female,0,No,Yes,63,Yes,No,DSL,No,No,Yes,No,No,Yes,Month-to-month,Yes,Bank transfer (automatic),108.87,6284.87,No
CUST-05447,Female,0,No,Yes,56,Yes,Yes,Fiber optic,No,No,No,Yes,No,No,Two year,Yes,Bank transfer (automatic),98.43,5118.88,No
CUST-05448,Male,0,No,No,17,Yes,No,DSL,Yes,No,No,No,Yes,No,One year,Yes,Credit card (automatic),44.56,770.65,No
CUST-05449,Female,0,Yes,No,51,Yes,Yes,DSL,Yes,Yes,Yes,No,No,Yes,Month-to-month,Yes,Bank transfer (automatic),93.55,4265.63,No
CUST-05450,Male,0,Yes,No,37,Yes,Yes,Fiber optic,Yes,Yes,Yes,No,Yes,Yes,Month-to-month,No,Electronic check,47.75,1662.96,No
CUST-05451,Female,0,Yes,No,9,Yes,No,Fiber optic,No,Yes,Yes,Yes,Yes,No,One year,Yes,Credit card (automatic),56.42,458.62,No
CUST-05452,Female,0,Yes,No,38,Yes,No,Fiber optic,No,Yes,No,No,No,Yes,One year,No,Electronic check,32.65,1065.12,No
CUST-05453,Male,0,No,No,53,No,No phone service,Fiber optic,No,No,No,Yes,No,No,One year,Yes,Mailed check,71.81,3514.57,No
CUST-05454,Male,0,No,Yes,13,Yes,Yes,DSL,Yes,No,No,No,No,No,Month-to-month,No,Mailed check,100.28,1127.9,No
CUST-05455,Male,0,Yes,No,53,Yes,Yes,Fiber optic,No,Yes,Yes,No,No,Yes,One year,No,Electronic check,87.19,4824.65,Yes
CUST-05456,Male,0,No,No,49,Yes,No,Fiber optic,Yes,Yes,Yes,No,Yes,Yes,Month-to-month,No,Electronic check,56.6,2435.47,Yes
CUST-05457,Female,0,Yes,Yes,70,Yes,No,DSL,No,No,No,Yes,No,No,Two year,No,Electronic check,86.3,6324.26,No
CUST-05458,Female,0,Yes,No,35,Yes,No,No,No internet service,No internet service,No internet service,No internet service,No internet service,No internet service,Two year,No,Credit card (automatic),82.64,2724.69,No
CUST-05459,Female,0,No,No,16,Yes,No,DSL,Yes,Yes,Yes,Yes,No,No,Month-to-month,No,Bank transfer (automatic),73.15,1033.65,Yes
CUST-05460,Male,0,Yes,Yes,13,Yes,Yes,No,No internet service,No internet service,No internet service,No internet service,No internet service,No internet service,Two year,No,Electronic check,45.32,532.1,No
CUST-05461,Male,0,No,No,11,Yes,No,DSL,No,No,Yes,Yes,Yes,Yes,Month-to-month,Yes,Bank transfer (automatic),20.94,213.62,No
CUST-05462,Female,0,No,Yes,2,No,No phone service,Fiber optic,Yes,No,No,No,No,No,Month-to-month,No,Mailed check,21.89,43.15,Yes
CUST-05463,Male,0,No,No,19,Yes,No,No,No internet service,No internet service,No internet service,No internet service,No internet service,No internet service,Month-to-month,No,Electronic check,115.08,2170.62,Yes
CUST-05464,Female,0,Yes,No,45,Yes,Yes,Fiber optic,Yes,No,Yes,Yes,Yes,Yes,One year,Yes,Mailed check,106.49,4282.34,No
CUST-05465,Female,0,Yes,Yes,46,Yes,Yes,DSL,Yes,No,No,No,Yes,No,Two year,Yes,Mailed check,42.19,1726.25,No
CUST-05466,Female,0,Yes,Yes,47,Yes,Yes,Fiber optic,No,No,No,No,No,No,One year,Yes,Bank transfer (automatic),37.83,1836.08,No
CUST-05467,Female,0,No,No,49,Yes,No,DSL,No,Yes,Yes,Yes,Yes,No,Two year,Yes,Credit card (automatic),48.92,2254.27,No
CUST-05468,Female,0,Yes,No,42,Yes,No,Fiber optic,No,Yes,No,Yes,No,Yes,Two year,No,Bank transfer (automatic),76.37,2956.71,No
CUST-05469,Male,0,Yes,No,33,No,No phone service,Fiber optic,Yes,Yes,No,Yes,Yes,No,Month-to-month,Yes,Mailed check,19.76,635.92,No
CUST-05470,Male,0,No,No,41,Yes,Yes,Fiber optic,Yes,Yes,Yes,No,No,No,One year,No,Bank transfer (automatic),109.0,4289.26,No
CUST-05471,Male,0,No,No,69,Yes,No,DSL,No,Yes,No,No,No,No,Month-to-month,Yes,Bank transfer (automatic),97.01,6887.06,No
CUST-05472,Female,0,No,Yes,19,Yes,No,Fiber optic,No,No,No,No,No,No,Two year,No,Electronic check,71.89,1204.32,No
CUST-05473,Female,0,No,No,39,Yes,No,DSL,Yes,Yes,Yes,No,No,Yes,Month-to-month,Yes,Electronic check,106.29,3897.82,No
CUST-05474,Female,0,Yes,No,7,Yes,Yes,Fiber optic,No,Yes,No,No,Yes,No,One year,No,Bank transfer (automatic),73.95,460.66,No
CUST-05475,Female,1,Yes,No,39,Yes,No,Fiber optic,No,No,No,Yes,No,No,Month-to-month,Yes,Bank transfer (automatic),27.04,918.86,No
CUST-05476,Male,0,Yes,Yes,34,Yes,Yes,Fiber optic,Yes,No,No,No,Yes,Yes,Month-to-month,Yes,Mailed check,74.93,2312.37,Yes
CUST-05477,Male,0,Yes,Yes,44,Yes,Yes,Fiber optic,No,Yes,No,No,No,No,One year,No,Electronic check,67.03,2546.81,Yes
CUST-05478,Female,0,No,No,69,Yes,No,DSL,No,No,Yes,Yes,Yes,Yes,Month-to-month,Yes,Bank transfer (automatic),88.82,5947.86,Yes
CUST-05479,Female,0,Yes,Yes,68,Yes,No,No,No internet service,No internet service,No internet service,No internet service,No internet service,No internet service,Month-to-month,No,Bank transfer (automatic),53.3,3698.01,No
CUST-05480,Female,0,No,No,63,Yes,Yes,Fiber optic,Yes,Yes,No,Yes,No,No,One year,No,Bank transfer (automatic),54.75,3140.33,No
CUST-05481,Male,0,Yes,No,71,Yes,No,DSL,Yes,No,No,No,Yes,No,Month-to-month,Yes,Bank transfer (automatic),114.09,7910.65,No
CUST-05482,Male,0,Yes,Yes,48,Yes,Yes,No,No internet service,No internet service,No internet service,No internet service,No internet service,No internet service,Month-to-month,Yes,Mailed check,111.75,4698.64,No
CUST-05483,Male,1,No,No,3,No,No phone service,No,No internet service,No internet service,No internet service,No internet service,No internet service,No internet service,Month-to-month,Yes,Electronic check,109.86,295.62,No
CUST-05484,Female,0,Yes,No,34,Yes,Yes,DSL,Yes,Yes,No,No,No,Yes,One year,No,Electronic check,60.32,2020.47,No
CUST-05485,Female,0,No,Yes,9,Yes,No,Fiber optic,No,Yes,No,No,No,Yes,Two year,No,Mailed check,94.45,878.86,No
CUST-05486,Male,0,No,No,61,Yes,Yes,Fiber optic,Yes,Yes,No,No,No,No,Month-to-month,No,Bank transfer (automatic),113.85,5929.55,Yes
CUST-05487,Female,0,No,Yes,20,Yes,Yes,DSL,No,No,Yes,No,No,No,One year,Yes,Bank transfer (automatic),116.62,2282.37,No
CUST-05488,Male,0,Yes,Yes,40,Yes,No,DSL,No,Yes,Yes,Yes,Yes,No,Month-to-month,Yes,Credit card (automatic),42.75,1694.47,No
CUST-05489,Female,0,No,Yes,12,Yes,Yes,Fiber optic,No,No,Yes,Yes,No,No,Two year,Yes,Electronic check,39.88,463.96,Yes
CUST-05490,Male,1,Yes,No,28,Yes,Yes,DSL,Yes,No,Yes,Yes,No,Yes,Two year,Yes,Electronic check,68.79,1801.89,No
CUST-05491,Female,0,No,No,48,Yes,No,No,No internet service,No internet service,No internet service,No internet service,No internet service,No internet service,Month-to-month,No,Bank transfer (automatic),106.7,5365.43,No
CUST-05492,Male,0,Yes,No,7,Yes,Yes,DSL,No,Yes,Yes,Yes,Yes,Yes,One year,Yes,Mailed check,71.89,455.2,No
CUST-05493,Male,1,Yes,Yes,14,Yes,No,No,No internet service,No internet service,No internet service,No internet service,No internet service,No internet service,Two year,Yes,Bank transfer (automatic),98.77,1304.35,No
CUST-05494,Male,0,No,No,19,No,No phone service,No,No internet service,No internet service,No internet service,No internet service,No internet service,No internet service,Month-to-month,No,Mailed check,66.4,1242.35,No
CUST-05495,Male,0,Yes,No,54,Yes,Yes,Fiber optic,No,No,No,No,Yes,No,Month-to-month,No,Mailed check,94.62,4343.12,Yes
CUST-05496,Male,0,No,No,60,Yes,No,DSL,No,Yes,Yes,No,Yes,No,Two year,No,Bank transfer (automatic),45.14,2497.78,No
CUST-05497,Male,0,Yes,Yes,67,No,No phone service,Fiber optic,No,No,No,Yes,Yes,No,Month-to-month,No,Mailed check,102.07,6350.37,No
CUST-05498,Female,0,No,Yes,34,Yes,No,Fiber optic,No,Yes,Yes,Yes,Yes,No,Month-to-month,No,Electronic check,99.31,2877.19,No
CUST-05499,Female,0,No,No,41,Yes,Yes,Fiber optic,Yes,No,Yes,No,No,Yes,Two year,No,Electronic check,40.94,1435.54,No
CUST-05500,Female,0,Yes,Yes,31,Yes,No,DSL,No,No,Yes,Yes,No,Yes,One year,Yes,Electronic check,107.0,3475.28,No
CUST-05501,Male,0,No,Yes,39,Yes,Yes,No,No internet service,No internet service,No internet service,No internet service,No internet service,No internet service,Month-to-month,Yes,Electronic check,30.03,1021.02,No
CUST-05502,Male,0,No,No,52,Yes,Yes,DSL,No,No,Yes,No,No,Yes,One year,No,Bank transfer (automatic),96.4,4497.72,No
CUST-05503,Female,0,No,No,47,No,No phone service,Fiber optic,No,No,No,No,Yes,No,Two year,Yes,Bank transfer (automatic),104.71,4319.61,Yes
CUST-05504,Male,1,Yes,No,20,Yes,Yes,No,No internet service,No internet service,No internet service,No internet service,No internet service,No internet service,Month-to-month,Yes,Credit card (automatic),102.54,1953.87,No
CUST-05505,Male,0,No,Yes,52,Yes,Yes,Fiber optic,No,No,Yes,Yes,No,Yes,Month-to-month,Yes,Electronic check,42.91,2225.09,No
CUST-05506,Male,0,Yes,No,71,Yes,No,DSL,Yes,No,No,No,Yes,Yes,One year,No,Credit card (automatic),26.28,1614.72,No
CUST-05507,Male,0,Yes,No,62,Yes,No,DSL,No,No,Yes,No,No,Yes,Month-to-month,Yes,Electronic check,20.97,1257.49,No
CUST-05508,Male,0,Yes,No,5,Yes,No,Fiber optic,No,No,No,No,No,Yes,Two year,Yes,Credit card (automatic),20.45,94.13,No
CUST-05509,Female,0,No,Yes,57,Yes,Yes,DSL,Yes,No,Yes,No,Yes,Yes,One year,Yes,Electronic check,70.12,3789.45,No
CUST-05510,Female,0,No,No,4,No,No phone service,DSL,No,No,No,No,No,No,One year,Yes,Electronic check,38.42,138.8,No
CUST-05511,Female,0,Yes,No,11,No,No phone service,DSL,No,No,Yes,No,No,Yes,Month-to-month,Yes,Mailed check,106.85,1202.08,Yes
CUST-05512,Female,0,No,No,19,Yes,No,Fiber optic,No,No,No,No,No,No,Month-to-month,No,Mailed check,34.73,620.59,No
CUST-05513,Female,0,No,No,27,Yes,Yes,DSL,No,Yes,No,No,Yes,No,Month-to-month,Yes,Credit card (automatic),86.43,2058.48,No
CUST-05514,Male,0,Yes,Yes,29,Yes,Yes,No,No internet service,No internet service,No internet service,No internet service,No internet service,No internet service,Two year,No,Bank transfer (automatic),111.64,3264.64,No
CUST-05515,Male,0,No,Yes,18,Yes,Yes,Fiber optic,Yes,Yes,No,Yes,No,Yes,Month-to-month,No,Credit card (automatic),116.41,2096.15,Yes
CUST-05516,Male,0,Yes,Yes,37,Yes,No,Fiber optic,No,No,No,Yes,Yes,No,Month-to-month,Yes,Credit card (automatic),105.61,3700.4,No
CUST-05517,Male,0,Yes,No,61,Yes,No,DSL,Yes,No,No,No,Yes,Yes,One year,Yes,Mailed check,38.85,2356.42,No
CUST-05518,Female,0,Yes,No,47,Yes,Yes,No,No internet service,No internet service,No internet service,No internet service,No internet service,No internet service,One year,No,Credit card (automatic),72.0,3283.89,No
CUST-05519,Female,1,No,No,20,Yes,No,DSL,Yes,No,Yes,No,Yes,No,Two year,No,Bank transfer (automatic),36.83,650.39,No
CUST-05520,Female,0,No,Yes,70,Yes,No,DSL,Yes,No,No,No,Yes,No,Month-to-month,No,Electronic check,79.0,5805.73,No
CUST-05521,Male,0,Yes,No,49,Yes,Yes,DSL,Yes,Yes,Yes,Yes,Yes,No,Month-to-month,No,Electronic check,42.39,2086.4,No
CUST-05522,Female,0,Yes,Yes,15,Yes,No,DSL,No,No,Yes,No,No,Yes,Month-to-month,No,Electronic check,51.67,762.1,No
CUST-05523,Male,0,No,No,18,Yes,No,Fiber optic,No,Yes,Yes,No,Yes,No,Two year,Yes,Bank transfer (automatic),74.33,1359.65,No
CUST-05524,Female,0,No,Yes,38,Yes,No,No,No internet service,No internet service,No internet service,No internet service,No internet service,No internet service,Month-to-month,No,Electronic check,30.46,1198.71,No
CUST-05525,Female,0,No,No,22,Yes,Yes,DSL,No,No,No,No,No,Yes,Month-to-month,Yes,Credit card (automatic),54.15,1150.27,No
CUST-05526,Male,0,No,No,60,Yes,No,Fiber optic,No,Yes,Yes,No,Yes,Yes,Month-to-month,No,Credit card (automatic),52.68,3058.66,No
CUST-05527,Male,0,No,No,66,Yes,No,Fiber optic,Yes,No,Yes,No,Yes,Yes,Month-to-month,No,Credit card (automatic),77.71,4383.62,Yes
CUST-05528,Female,1,No,No,26,Yes,Yes,No,No internet service,No internet service,No internet service,No internet service,No internet service,No internet service,Two year,No,Credit card (automatic),76.38,1852.79,No
CUST-05529,Female,1,No,Yes,64,Yes,Yes,DSL,No,Yes,No,No,No,No,Month-to-month,Yes,Credit card (automatic),57.78,3519.47,Yes
CUST-05530,Male,0,Yes,No,58,Yes,Yes,DSL,Yes,Yes,No,No,No,Yes,Month-to-month,No,Electronic check,106.29,5528.87,No
CUST-05531,Female,0,No,No,3,Yes,Yes,DSL,No,No,No,Yes,Yes,Yes,Two year,Yes,Electronic check,83.57,231.13,No
CUST-05532,Female,0,Yes,No,30,Yes,Yes,Fiber optic,No,No,No,No,No,Yes,Month-to-month,No,Bank transfer (automatic),100.06,2771.44,No
CUST-05533,Male,1,Yes,Yes,19,Yes,No,Fiber optic,Yes,No,No,No,Yes,Yes,Month-to-month,Yes,Mailed check,76.21,1337.32,Yes
CUST-05534,Female,0,Yes,No,10,Yes,Yes,Fiber optic,No,Yes,Yes,Yes,Yes,No,One year,No,Bank transfer (automatic),56.88,592.21,No
CUST-05535,Male,0,No,Yes,46,Yes,No,DSL,Yes,Yes,No,No,No,No,Two year,Yes,Bank transfer (automatic),56.75,2525.67,No
CUST-05536,Female,1,No,No,19,Yes,Yes,Fiber optic,Yes,No,Yes,Yes,No,No,Two year,Yes,Credit card (automatic),39.13,678.62,No
CUST-05537,Male,0,No,Yes,58,Yes,No,DSL,No,No,Yes,No,No,Yes,One year,Yes,Electronic check,103.01,5442.49,No
CUST-05538,Female,0,Yes,No,6,Yes,Yes,Fiber optic,No,No,Yes,No,Yes,Yes,Two year,No,Credit card (automatic),103.97,635.91,No
CUST-05539,Male,0,No,No,51,Yes,No,DSL,Yes,No,Yes,No,Yes,No,Month-to-month,Yes,Electronic check,29.13,1453.46,No
CUST-05540,Female,1,Yes,Yes,14,Yes,Yes,Fiber optic,Yes,Yes,No,Yes,Yes,No,Month-to-month,No,Credit card (automatic),102.79,1468.14,No
CUST-05541,Male,0,No,No,58,No,No phone service,Fiber optic,No,Yes,Yes,Yes,No,No,Month-to-month,Yes,Electronic check,101.72,5774.28,No
CUST-05542,Female,0,Yes,No,8,Yes,No,Fiber optic,Yes,No,No,No,No,No,Month-to-month,No,Electronic check,79.48,656.79,Yes
CUST-05543,Female,0,No,Yes,2,Yes,Yes,No,No internet service,No internet service,No internet service,No internet service,No internet service,No internet service,One year,No,Bank transfer (automatic),94.13,175.17,No
CUST-05544,Female,0,No,Yes,18,Yes,No,Fiber optic,Yes,No,No,No,No,No,Two year,No,Credit card (automatic),111.95,2052.37,No
CUST-05545,Female,0,No,No,57,Yes,No,DSL,No,No,Yes,No,Yes,No,One year,Yes,Mailed check,67.54,3407.76,No
CUST-05546,Female,0,No,No,35,No,No phone service,DSL,No,No,Yes,No,No,No,Two year,No,Electronic check,97.25,3348.92,No
CUST-05547,Female,1,No,No,66,Yes,No,No,No internet service,No internet service,No internet service,No internet service,No internet service,No internet service,One year,Yes,Credit card (automatic),115.81,7053.03,No
CUST-05548,Female,0,Yes,No,56,Yes,No,No,No internet service,No internet service,No internet service,No internet service,No internet service,No internet service,Two year,Yes,Mailed check,56.94,3045.14,No
CUST-05549,Female,1,No,No,43,Yes,Yes,No,No internet service,No internet service,No internet service,No internet service,No internet service,No internet service,One year,No,Mailed check,63.58,2726.58,No
CUST-05550,Female,0,Yes,Yes,72,Yes,No,Fiber optic,No,No,No,No,No,No,Two year,Yes,Electronic check,84.75,5875.56,No
CUST-05551,Male,0,Yes,No,8,Yes,Yes,DSL,No,No,No,Yes,Yes,Yes,Month-to-month,Yes,Electronic check,68.86,548.68,No
CUST-05552,Male,0,Yes,No,5,Yes,No,No,No internet service,No internet service,No internet service,No internet service,No internet service,No internet service,Two year,Yes,Bank transfer (automatic),44.58,191.09,No
CUST-05553,Female,0,No,No,13,Yes,No,DSL,Yes,Yes,Yes,No,No,No,Two year,No,Mailed check,80.1,968.35,No
CUST-05554,Male,0,Yes,No,7,Yes,No,Fiber optic,Yes,No,No,Yes,No,Yes,Two year,No,Electronic check,95.51,695.87,No
CUST-05555,Female,0,Yes,No,21,Yes,No,Fiber optic,No,Yes,Yes,No,Yes,Yes,One year,Yes,Credit card (automatic),18.58,391.1,No
CUST-05556,Female,0,No,Yes,37,Yes,Yes,Fiber optic,No,No,Yes,No,No,No,Two year,Yes,Electronic check,38.47,1347.41,No
CUST-05557,Male,0,No,No,45,Yes,Yes,Fiber optic,No,No,Yes,No,Yes,Yes,Month-to-month,No,Electronic check,119.38,5327.61,No
CUST-05558,Female,1,Yes,No,52,Yes,No,Fiber optic,Yes,No,Yes,No,No,No,Month-to-month,Yes,Credit card (automatic),105.63,4698.47,No
CUST-05559,Female,0,No,No,48,Yes,No,Fiber optic,No,No,No,Yes,No,No,Month-to-month,Yes,Electronic check,119.52,5212.14,No
CUST-05560,Male,0,Yes,Yes,62,Yes,Yes,Fiber optic,No,No,No,No,Yes,No,Month-to-month,Yes,Electronic check,83.26,5320.14,No
CUST-05561,Male,0,No,No,51,Yes,Yes,DSL,No,No,No,Yes,Yes,No,Month-to-month,Yes,Mailed check,69.62,3370.53,No
CUST-05562,Female,0,No,No,4,Yes,Yes,Fiber optic,Yes,No,No,Yes,No,No,Two year,No,Electronic check,21.27,88.53,Yes
CUST-05563,Male,0,No,Yes,56,Yes,No,No,No internet service,No internet service,No internet service,No internet service,No internet service,No internet service,Two year,No,Credit card (automatic),53.15,2687.69,No
CUST-05564,Male,0,No,Yes,34,Yes,No,Fiber optic,Yes,No,No,Yes,No,Yes,Two year,No,Electronic check,60.26,2083.43,No
CUST-05565,Female,0,Yes,No,45,No,No phone service,Fiber optic,No,No,Yes,No,Yes,No,Month-to-month,No,Credit card (automatic),31.49,1210.04,No
CUST-05566,Male,1,Yes,Yes,16,Yes,Yes,Fiber optic,No,No,No,No,No,No,Month-to-month,No,Mailed check,58.29,793.48,No
CUST-05567,Male,0,No,No,9,Yes,No,DSL,No,No,Yes,No,Yes,Yes,Two year,No,Credit card (automatic),41.0,323.75,No
CUST-05568,Female,0,Yes,No,16,Yes,Yes,Fiber optic,No,Yes,Yes,No,Yes,No,Two year,Yes,Bank transfer (automatic),63.11,911.11,No
CUST-05569,Male,0,No,No,31,Yes,Yes,DSL,No,No,Yes,No,Yes,Yes,Month-to-month,Yes,Bank transfer (automatic),78.36,2085.49,No
CUST-05570,Male,0,Yes,No,13,Yes,No,Fiber optic,Yes,Yes,Yes,No,No,Yes,Month-to-month,Yes,Mailed check,86.0,997.57,No
CUST-05571,Female,0,Yes,No,5,Yes,Yes,Fiber optic,No,No,No,No,Yes,Yes,Two year,No,Mailed check,73.1,374.49,No
CUST-05572,Female,0,No,No,47,Yes,No,DSL,Yes,No,Yes,Yes,No,Yes,Two year,Yes,Mailed check,21.7,1053.65,No
CUST-05573,Female,1,Yes,No,39,Yes,Yes,Fiber optic,No,No,No,No,Yes,No,Two year,Yes,Bank transfer (automatic),111.58,3801.93,No
CUST-05574,Male,0,Yes,No,18,No,No phone service,No,No internet service,No internet service,No internet service,No internet service,No internet service,No internet service,Month-to-month,Yes,Mailed check,102.25,1680.52,Yes
CUST-05575,Female,0,Yes,No,20,Yes,No,Fiber optic,No,Yes,No,Yes,No,No,One year,Yes,Electronic check,79.46,1544.63,No
CUST-05576,Female,1,No,No,2,Yes,Yes,No,No internet service,No internet service,No internet service,No internet service,No internet service,No internet service,Two year,No,Credit card (automatic),105.09,206.44,No
CUST-05577,Male,0,Yes,No,40,Yes,Yes,No,No internet service,No internet service,No internet service,No internet service,No internet service,No internet service,Month-to-month,Yes,Mailed check,106.69,3651.18,No
CUST-05578,Female,0,Yes,No,30,Yes,No,No,No internet service,No internet service,No internet service,No internet service,No internet service,No internet service,Month-to-month,No,Mailed check,41.23,1277.0,No
CUST-05579,Female,0,Yes,No,10,No,No phone service,No,No internet service,No internet service,No internet service,No internet service,No internet service,No internet service,Month-to-month,No,Electronic check,45.16,422.44,Yes
CUST-05580,Female,0,Yes,No,64,Yes,Yes,Fiber optic,No,No,No,No,Yes,Yes,Month-to-month,No,Mailed check,25.2,1513.2,Yes
CUST-05581,Female,0,Yes,No,42,Yes,No,Fiber optic,No,No,Yes,No,Yes,No,Two year,Yes,Credit card (automatic),74.39,2709.17,No
CUST-05582,Male,0,No,No,53,Yes,No,No,No internet service,No internet service,No internet service,No internet service,No internet service,No internet service,Two year,Yes,Bank transfer (automatic),91.06,4609.1,No
CUST-05583,Female,0,No,No,53,Yes,Yes,Fiber optic,No,No,No,Yes,Yes,No,Month-to-month,No,Electronic check,29.38,1506.55,No
CUST-05584,Female,0,Yes,Yes,40,No,No phone service,DSL,Yes,No,Yes,Yes,Yes,No,One year,No,Mailed check,65.87,2480.43,No
CUST-05585,Male,1,No,No,16,Yes,Yes,DSL,Yes,Yes,No,No,No,Yes,Month-to-month,Yes,Credit card (automatic),101.13,1662.63,Yes
CUST-05586,Female,0,No,No,48,Yes,No,Fiber optic,Yes,No,Yes,Yes,Yes,No,Month-to-month,No,Electronic check,85.78,3589.39,Yes
CUST-05587,Male,0,Yes,Yes,61,Yes,No,Fiber optic,No,No,No,No,No,No,Month-to-month,Yes,Credit card (automatic),75.43,4081.06,Yes
CUST-05588,Male,0,Yes,No,38,Yes,Yes,DSL,Yes,No,Yes,Yes,Yes,Yes,Month-to-month,No,Mailed check,71.9,2527.39,No
CUST-05589,Male,0,No,Yes,44,Yes,Yes,No,No internet service,No internet service,No internet service,No internet service,No internet service,No internet service,Month-to-month,Yes,Mailed check,55.78,2385.2,Yes
CUST-05590,Female,0,No,No,15,Yes,Yes,Fiber optic,Yes,No,No,No,No,No,One year,Yes,Credit card (automatic),62.53,876.79,Yes
CUST-05591,Male,0,Yes,No,61,No,No phone service,Fiber optic,No,Yes,No,No,Yes,No,Month-to-month,No,Bank transfer (automatic),47.68,2967.18,Yes
CUST-05592,Male,0,Yes,Yes,7,Yes,No,DSL,No,No,Yes,No,No,Yes,One year,Yes,Electronic check,86.75,541.99,No
CUST-05593,Male,0,Yes,Yes,30,Yes,No,DSL,Yes,No,No,No,Yes,No,One year,Yes,Electronic check,83.64,2253.18,No
CUST-05594,Female,0,Yes,No,36,Yes,Yes,DSL,Yes,Yes,No,No,Yes,Yes,Two year,Yes,Credit card (automatic),38.58,1428.23,No
CUST-05595,Female,0,No,Yes,11,Yes,Yes,Fiber optic,No,No,No,Yes,No,No,Month-to-month,No,Bank transfer (automatic),45.33,470.52,Yes
CUST-05596,Female,0,No,Yes,70,Yes,No,Fiber optic,No,No,No,Yes,Yes,No,Two year,Yes,Electronic check,118.61,8140.08,No
CUST-05597,Female,0,No,Yes,29,No,No phone service,Fiber optic,No,Yes,No,No,No,Yes,Two year,Yes,Mailed check,28.66,768.92,No
CUST-05598,Female,0,Yes,Yes,6,Yes,Yes,DSL,Yes,Yes,Yes,No,No,Yes,One year,No,Mailed check,88.74,492.54,No
CUST-05599,Female,0,Yes,Yes,51,Yes,Yes,No,No internet service,No internet service,No internet service,No internet service,No internet service,No internet service,Month-to-month,Yes,Bank transfer (automatic),70.67,3167.94,No
CUST-05600,Female,0,Yes,No,38,Yes,No,DSL,No,No,No,Yes,No,Yes,Two year,Yes,Electronic check,25.97,1013.96,No
CUST-05601,Male,0,No,No,22,Yes,Yes,DSL,Yes,Yes,Yes,Yes,No,No,Two year,Yes,Mailed check,24.06,537.41,No
CUST-05602,Male,1,No,Yes,54,Yes,Yes,No,No internet service,No internet service,No internet service,No internet service,No internet service,No internet service,Two year,No,Electronic check,99.77,5156.84,No
CUST-05603,Male,1,Yes,Yes,40,No,No phone service,DSL,No,Yes,Yes,No,No,Yes,Month-to-month,Yes,Electronic check,80.98,2778.49,No
CUST-05604,Male,1,Yes,No,7,Yes,Yes,Fiber optic,Yes,Yes,Yes,No,No,No,Two year,No,Credit card (automatic),22.56,141.34,No
CUST-05605,Female,0,No,Yes,40,Yes,No,DSL,No,No,No,No,No,No,Month-to-month,Yes,Mailed check,47.38,1683.47,Yes
CUST-05606,Male,0,No,No,24,Yes,No,DSL,No,No,Yes,No,No,Yes,One year,Yes,Mailed check,44.39,1019.95,No
CUST-05607,Male,0,Yes,Yes,41,Yes,No,Fiber optic,Yes,Yes,Yes,Yes,No,No,One year,No,Electronic check,75.25,2719.81,No
CUST-05608,Male,1,Yes,Yes,51,Yes,No,DSL,No,No,Yes,No,No,Yes,Two year,No,Credit card (automatic),42.62,2035.68,No
CUST-05609,Male,0,Yes,Yes,39,Yes,Yes,DSL,Yes,Yes,Yes,No,Yes,Yes,Two year,Yes,Mailed check,99.06,3434.28,No
CUST-05610,Female,0,No,Yes,43,Yes,No,Fiber optic,No,No,No,No,Yes,No,One year,No,Mailed check,42.29,1649.8,No
CUST-05611,Female,0,No,No,69,Yes,Yes,DSL,No,Yes,No,No,No,No,Month-to-month,No,Credit card (automatic),63.99,4019.18,No
CUST-05612,Female,0,No,Yes,59,Yes,Yes,No,No internet service,No internet service,No internet service,No internet service,No internet service,No internet service,Two year,Yes,Bank transfer (automatic),61.05,3225.45,No
CUST-05613,Male,0,No,No,25,Yes,Yes,No,No internet service,No internet service,No internet service,No internet service,No internet service,No internet service,One year,No,Mailed check,25.29,570.68,No
CUST-05614,Female,0,No,No,25,Yes,Yes,Fiber optic,Yes,No,No,No,No,No,Two year,Yes,Mailed check,57.74,1271.5,No
CUST-05615,Male,0,Yes,No,24,Yes,No,DSL,No,Yes,No,Yes,Yes,No,Two year,No,Mailed check,59.63,1437.77,No
CUST-05616,Female,0,Yes,Yes,62,No,No phone service,Fiber optic,No,Yes,No,Yes,Yes,Yes,Month-to-month,Yes,Mailed check,32.85,2127.42,No
CUST-05617,Female,0,Yes,Yes,43,No,No phone service,Fiber optic,No,No,Yes,Yes,No,No,One year,No,Bank transfer (automatic),108.27,4685.3,No
CUST-05618,Female,0,Yes,No,59,Yes,No,DSL,No,No,Yes,No,Yes,No,Two year,Yes,Credit card (automatic),56.09,3055.47,No
CUST-05619,Female,1,No,Yes,54,Yes,No,DSL,No,Yes,Yes,Yes,No,Yes,Month-to-month,Yes,Bank transfer (automatic),104.51,5650.72,No
CUST-05620,Female,0,No,No,26,Yes,Yes,No,No internet service,No internet service,No internet service,No internet service,No internet service,No internet service,Two year,Yes,Bank transfer (automatic),77.39,1735.63,No
CUST-05621,Male,0,No,No,54,Yes,No,Fiber optic,No,No,No,No,No,No,Month-to-month,Yes,Electronic check,18.99,944.17,Yes
CUST-05622,Female,0,Yes,No,61,Yes,Yes,Fiber optic,Yes,Yes,Yes,No,No,No,Month-to-month,No,Electronic check,87.62,4967.32,No
CUST-05623,Male,0,Yes,Yes,44,Yes,Yes,DSL,Yes,Yes,Yes,No,No,No,Two year,Yes,Electronic check,59.23,2221.85,No
CUST-05624,Male,0,Yes,No,9,Yes,Yes,Fiber optic,No,Yes,No,No,Yes,No,Two year,Yes,Electronic check,92.65,867.22,Yes
CUST-05625,Male,0,No,No,42,Yes,No,DSL,Yes,No,Yes,Yes,No,No,Month-to-month,Yes,Credit card (automatic),88.32,3497.62,No
CUST-05626,Male,0,Yes,No,29,No,No phone service,No,No internet service,No internet service,No internet service,No internet service,No internet service,No internet service,Two year,No,Credit card (automatic),93.37,2836.54,No
CUST-05627,Male,0,Yes,Yes,58,Yes,Yes,DSL,Yes,No,No,Yes,Yes,Yes,One year,No,Credit card (automatic),88.57,4653.28,No
CUST-05628,Female,0,Yes,No,63,Yes,Yes,No,No internet service,No internet service,No internet service,No internet service,No internet service,No internet service,One year,Yes,Electronic check,20.09,1323.62,No
CUST-05629,Female,0,No,No,49,Yes,No,Fiber optic,Yes,No,Yes,Yes,No,Yes,Month-to-month,Yes,Bank transfer (automatic),116.43,5548.96,Yes
CUST-05630,Female,0,No,No,11,No,No phone service,Fiber optic,Yes,No,No,Yes,Yes,Yes,Month-to-month,No,Mailed check,65.28,670.14,Yes
CUST-05631,Female,0,No,No,54,No,No phone service,No,No internet service,No internet service,No internet service,No internet service,No internet service,No internet service,Month-to-month,No,Bank transfer (automatic),108.91,5978.15,No
CUST-05632,Male,0,No,No,30,Yes,Yes,DSL,Yes,No,No,Yes,No,Yes,Month-to-month,Yes,Bank transfer (automatic),34.81,1000.8,No
CUST-05633,Female,0,No,Yes,66,Yes,Yes,DSL,Yes,Yes,Yes,Yes,No,No,Two year,Yes,Electronic check,54.43,3647.53,No
CUST-05634,Female,0,Yes,No,65,Yes,No,No,No internet service,No internet service,No internet service,No internet service,No internet service,No internet service,Two year,Yes,Electronic check,117.34,7254.58,No
CUST-05635,Male,0,Yes,No,58,Yes,Yes,Fiber optic,No,Yes,No,No,Yes,Yes,Month-to-month,Yes,Electronic check,107.26,5808.69,No
CUST-05636,Male,0,No,Yes,57,Yes,No,Fiber optic,Yes,No,No,No,Yes,No,One year,Yes,Mailed check,99.35,5502.32,No
CUST-05637,Female,0,No,No,37,Yes,Yes,DSL,No,No,Yes,Yes,No,Yes,One year,No,Bank transfer (automatic),47.6,1763.44,No
CUST-05638,Female,0,Yes,No,54,Yes,No,Fiber optic,Yes,No,Yes,Yes,Yes,No,Two year,No,Electronic check,89.93,4173.53,No
CUST-05639,Male,0,Yes,Yes,69,Yes,Yes,DSL,Yes,No,Yes,Yes,Yes,No,Month-to-month,No,Electronic check,42.6,2735.41,Yes
CUST-05640,Female,0,No,Yes,24,Yes,No,Fiber optic,No,Yes,No,Yes,No,No,One year,Yes,Mailed check,86.48,1834.24,No
CUST-05641,Female,1,Yes,No,63,Yes,No,DSL,No,No,Yes,No,No,No,Month-to-month,No,Electronic check,116.65,7642.67,No
CUST-05642,Female,0,No,No,51,Yes,Yes,Fiber optic,Yes,No,No,Yes,Yes,No,Month-to-month,No,Mailed check,53.69,2859.79,Yes
CUST-05643,Female,0,Yes,No,15,Yes,Yes,DSL,Yes,No,Yes,No,No,No,One year,Yes,Electronic check,67.81,1049.66,Yes
CUST-05644,Male,0,Yes,Yes,47,Yes,Yes,Fiber optic,Yes,No,No,Yes,No,Yes,Two year,No,Electronic check,58.76,2630.82,No
CUST-05645,Male,0,Yes,Yes,46,Yes,No,DSL,No,No,Yes,Yes,Yes,No,Month-to-month,Yes,Electronic check,28.17,1297.35,No
CUST-05646,Male,0,No,No,30,Yes,No,Fiber optic,Yes,No,Yes,No,No,Yes,Month-to-month,Yes,Mailed check,115.0,3568.76,No
CUST-05647,Female,0,No,No,20,Yes,No,Fiber optic,Yes,Yes,Yes,No,Yes,No,Two year,Yes,Electronic check,57.47,1177.35,Yes
CUST-05648,Female,0,Yes,Yes,57,Yes,No,DSL,No,Yes,Yes,No,No,No,Month-to-month,Yes,Electronic check,115.99,6328.07,No
CUST-05649,Female,0,No,No,49,Yes,Yes,No,No internet service,No internet service,No internet service,No internet service,No internet service,No internet service,One year,No,Electronic check,91.46,3942.77,No
CUST-05650,Female,0,Yes,No,56,Yes,No,Fiber optic,Yes,No,Yes,No,No,No,Month-to-month,No,Credit card (automatic),40.57,2344.52,Yes
CUST-05651,Female,0,Yes,Yes,56,Yes,Yes,Fiber optic,Yes,No,No,No,No,Yes,Month-to-month,Yes,Credit card (automatic),79.96,4540.96,No
CUST-05652,Male,0,No,Yes,25,No,No phone service,DSL,Yes,No,No,No,No,No,One year,No,Credit card (automatic),27.28,634.44,No
CUST-05653,Female,0,Yes,Yes,9,No,No phone service,Fiber optic,Yes,Yes,Yes,Yes,Yes,No,Month-to-month,Yes,Mailed check,37.96,322.11,Yes
CUST-05654,Female,0,No,No,22,No,No phone service,DSL,No,No,No,No,No,Yes,Month-to-month,Yes,Credit card (automatic),28.85,665.06,Yes
CUST-05655,Male,0,No,Yes,37,Yes,No,No,No internet service,No internet service,No internet service,No internet service,No internet service,No internet service,Month-to-month,No,Credit card (automatic),24.61,883.51,No
CUST-05656,Female,0,No,No,28,Yes,Yes,DSL,Yes,No,No,No,No,No,Two year,No,Credit card (automatic),81.11,2007.38,No
CUST-05657,Male,1,No,No,14,Yes,No,DSL,No,No,No,Yes,No,Yes,Month-to-month,Yes,Electronic check,45.49,562.17,No
CUST-05658,Male,0,No,No,30,Yes,No,DSL,No,Yes,No,Yes,No,Yes,Month-to-month,No,Credit card (automatic),95.22,2465.22,Yes
CUST-05659,Male,0,Yes,Yes,39,Yes,No,No,No internet service,No internet service,No internet service,No internet service,No internet service,No internet service,Month-to-month,Yes,Electronic check,52.25,1971.64,No
CUST-05660,Male,0,Yes,No,57,Yes,Yes,Fiber optic,No,Yes,Yes,No,Yes,Yes,Month-to-month,Yes,Mailed check,106.79,5206.67,No
CUST-05661,Male,0,Yes,No,5,Yes,No,DSL,No,No,No,No,Yes,No,Month-to-month,Yes,Bank transfer (automatic),63.04,319.42,Yes
CUST-05662,Female,0,No,No,12,Yes,Yes,No,No internet service,No internet service,No internet service,No internet service,No internet service,No internet service,Two year,No,Bank transfer (automatic),53.84,590.3,No
CUST-05663,Male,0,Yes,No,35,Yes,No,DSL,Yes,No,Yes,Yes,Yes,Yes,Month-to-month,Yes,Credit card (automatic),22.15,712.06,No
CUST-05664,Male,0,Yes,No,41,Yes,No,Fiber optic,No,Yes,Yes,Yes,No,No,Two year,No,Credit card (automatic),92.5,3800.72,No
CUST-05665,Female,1,No,No,63,Yes,Yes,Fiber optic,Yes,Yes,No,Yes,No,Yes,Month-to-month,No,Bank transfer (automatic),117.59,6453.54,Yes
CUST-05666,Female,0,No,Yes,42,Yes,Yes,No,No internet service,No internet service,No internet service,No internet service,No internet service,No internet service,Two year,No,Electronic check,44.57,1788.95,No
CUST-05667,Male,0,No,No,65,No,No phone service,Fiber optic,No,No,Yes,No,No,No,Month-to-month,No,Mailed check,84.75,5090.01,No
CUST-05668,Female,1,No,No,65,Yes,No,Fiber optic,Yes,No,Yes,Yes,Yes,No,Month-to-month,Yes,Mailed check,86.81,4910.07,No
CUST-05669,Female,0,Yes,No,43,Yes,Yes,Fiber optic,Yes,No,No,Yes,Yes,No,Month-to-month,Yes,Credit card (automatic),62.94,2461.42,No
CUST-05670,Male,0,No,Yes,60,Yes,No,Fiber optic,Yes,No,Yes,No,Yes,No,Month-to-month,No,Mailed check,52.99,3102.38,No
CUST-05671,Male,0,Yes,Yes,20,Yes,No,DSL,No,Yes,No,No,No,Yes,Month-to-month,Yes,Credit card (automatic),23.32,458.3,Yes
CUST-05672,Female,1,Yes,No,63,Yes,Yes,Fiber optic,No,Yes,Yes,No,Yes,No,Month-to-month,Yes,Credit card (automatic),114.85,6332.88,No
CUST-05673,Male,0,No,Yes,24,No,No phone service,Fiber optic,No,No,No,No,Yes,Yes,Month-to-month,Yes,Electronic check,70.02,1743.88,Yes
CUST-05674,Male,0,No,No,72,Yes,No,Fiber optic,No,No,Yes,Yes,No,Yes,Month-to-month,Yes,Electronic check,49.21,3141.61,No
CUST-05675,Female,0,No,No,35,Yes,No,DSL,Yes,Yes,No,No,Yes,No,Month-to-month,No,Electronic check,107.92,3711.61,No
CUST-05676,Male,0,No,No,41,Yes,No,DSL,No,No,Yes,Yes,No,No,Month-to-month,Yes,Bank transfer (automatic),32.07,1203.22,No
CUST-05677,Male,0,No,Yes,16,Yes,Yes,Fiber optic,No,Yes,No,Yes,Yes,No,One year,Yes,Credit card (automatic),89.43,1417.35,Yes
CUST-05678,Male,0,Yes,Yes,6,Yes,No,Fiber optic,No,No,No,No,No,Yes,One year,Yes,Bank transfer (automatic),29.96,182.03,No
CUST-05679,Male,0,No,No,20,Yes,No,No,No internet service,No internet service,No internet service,No internet service,No internet service,No internet service,Month-to-month,Yes,Credit card (automatic),92.47,1601.85,Yes
CUST-05680,Male,1,No,No,56,Yes,Yes,Fiber optic,Yes,Yes,Yes,No,No,No,Month-to-month,No,Credit card (automatic),79.47,4492.16,No
CUST-05681,Female,0,No,No,8,Yes,Yes,Fiber optic,Yes,No,No,Yes,No,Yes,Month-to-month,Yes,Electronic check,76.16,532.64,Yes
CUST-05682,Female,1,Yes,No,6,Yes,No,DSL,Yes,Yes,Yes,Yes,No,Yes,Two year,Yes,Electronic check,75.42,431.61,No
CUST-05683,Male,0,Yes,No,8,Yes,Yes,DSL,No,No,No,No,No,Yes,One year,No,Electronic check,62.61,459.61,Yes
CUST-05684,Female,0,No,Yes,62,Yes,Yes,Fiber optic,No,Yes,Yes,Yes,No,No,Two year,No,Credit card (automatic),109.37,6180.26,Yes
CUST-05685,Male,0,Yes,No,14,Yes,No,DSL,No,No,No,No,Yes,Yes,Two year,No,Bank transfer (automatic),21.77,268.34,No
CUST-05686,Male,0,No,Yes,3,Yes,Yes,No,No internet service,No internet service,No internet service,No internet service,No internet service,No internet service,One year,Yes,Electronic check,107.45,317.62,No
CUST-05687,Male,1,Yes,Yes,2,Yes,No,No,No internet service,No internet service,No internet service,No internet service,No internet service,No internet service,Month-to-month,Yes,Electronic check,61.38,111.78,Yes
CUST-05688,Male,0,Yes,No,22,Yes,No,Fiber optic,No,Yes,Yes,No,No,No,Two year,No,Credit card (automatic),51.55,1078.64,No
CUST-05689,Male,0,No,No,70,Yes,No,Fiber optic,Yes,Yes,No,No,No,No,Month-to-month,No,Mailed check,78.78,4704.1,No
CUST-05690,Female,0,Yes,No,71,Yes,Yes,Fiber optic,Yes,Yes,Yes,Yes,Yes,Yes,Two year,Yes,Bank transfer (automatic),40.09,2763.43,No
CUST-05691,Female,0,No,No,6,Yes,No,Fiber optic,No,No,No,Yes,Yes,No,Month-to-month,Yes,Electronic check,63.44,375.1,Yes
CUST-05692,Male,0,Yes,Yes,50,Yes,No,Fiber optic,No,Yes,Yes,No,No,No,Two year,Yes,Bank transfer (automatic),81.97,3534.82,No
CUST-05693,Female,0,Yes,No,44,Yes,No,DSL,No,Yes,No,Yes,No,Yes,One year,Yes,Credit card (automatic),56.13,2362.3,No
CUST-05694,Male,0,Yes,No,8,Yes,Yes,No,No internet service,No internet service,No internet service,No internet service,No internet service,No internet service,Month-to-month,Yes,Credit card (automatic),50.45,400.71,No
CUST-05695,Female,0,No,Yes,24,Yes,Yes,Fiber optic,No,No,No,Yes,Yes,No,Month-to-month,Yes,Mailed check,78.15,1647.37,Yes
CUST-05696,Male,0,Yes,No,27,Yes,No,DSL,No,No,No,No,Yes,No,Month-to-month,No,Bank transfer (automatic),81.79,1896.42,Yes
CUST-05697,Female,0,No,No,53,Yes,No,DSL,No,Yes,No,No,No,Yes,Month-to-month,No,Bank transfer (automatic),49.92,2351.29,Yes
CUST-05698,Male,0,No,No,51,Yes,Yes,Fiber optic,Yes,No,Yes,No,Yes,No,Month-to-month,Yes,Mailed check,84.16,3950.21,Yes
CUST-05699,Male,0,No,No,28,Yes,No,DSL,Yes,No,Yes,No,Yes,Yes,Two year,Yes,Electronic check,104.02,2724.16,No
CUST-05700,Female,0,No,No,59,Yes,Yes,DSL,No,No,Yes,Yes,No,Yes,Month-to-month,No,Electronic check,29.55,1507.33,No
CUST-05701,Female,0,Yes,No,69,Yes,No,DSL,No,Yes,Yes,Yes,No,Yes,Two year,No,Electronic check,113.77,8210.14,No
CUST-05702,Male,0,Yes,No,25,Yes,Yes,No,No internet service,No internet service,No internet service,No internet service,No internet service,No internet service,Month-to-month,No,Credit card (automatic),24.87,614.22,No
CUST-05703,Female,0,No,No,44,Yes,No,DSL,Yes,Yes,No,Yes,No,Yes,One year,Yes,Credit card (automatic),71.48,2757.48,No
CUST-05704,Male,0,Yes,No,47,Yes,No,Fiber optic,No,Yes,Yes,Yes,Yes,Yes,Month-to-month,No,Mailed check,110.08,5222.86,Yes
CUST-05705,Female,0,No,No,13,Yes,Yes,DSL,No,Yes,Yes,Yes,No,No,Two year,Yes,Credit card (automatic),44.09,523.87,No
CUST-05706,Female,0,No,Yes,53,Yes,Yes,Fiber optic,No,No,No,Yes,No,Yes,Month-to-month,No,Bank transfer (automatic),89.06,4366.3,Yes
CUST-05707,Male,0,Yes,No,53,Yes,Yes,Fiber optic,No,No,No,No,Yes,No,Month-to-month,No,Credit card (automatic),22.28,1020.83,No
CUST-05708,Female,0,No,No,37,Yes,No,No,No internet service,No internet service,No internet service,No internet service,No internet service,No internet service,One year,Yes,Electronic check,67.01,2317.16,No
CUST-05709,Female,0,No,Yes,63,Yes,Yes,Fiber optic,Yes,Yes,Yes,No,Yes,Yes,Month-to-month,No,Bank transfer (automatic),81.85,4463.29,Yes
CUST-05710,Male,0,Yes,No,66,Yes,Yes,Fiber optic,Yes,No,Yes,Yes,No,Yes,One year,Yes,Bank transfer (automatic),73.03,4752.75,No
CUST-05711,Female,0,No,Yes,40,Yes,Yes,Fiber optic,Yes,Yes,Yes,Yes,No,Yes,One year,Yes,Credit card (automatic),36.14,1328.03,No
CUST-05712,Male,0,Yes,Yes,61,Yes,Yes,Fiber optic,No,No,No,Yes,No,No,Two year,Yes,Credit card (automatic),20.19,1119.84,No
CUST-05713,Male,0,No,No,6,Yes,Yes,DSL,Yes,No,No,No,No,Yes,Two year,Yes,Electronic check,63.73,374.61,No
CUST-05714,Male,0,No,No,25,Yes,Yes,Fiber optic,No,No,No,Yes,Yes,Yes,Two year,Yes,Bank transfer (automatic),36.41,898.98,No
CUST-05715,Male,0,No,No,46,Yes,No,DSL,No,Yes,No,Yes,Yes,No,Month-to-month,Yes,Credit card (automatic),55.28,2486.31,No
CUST-05716,Male,0,No,Yes,31,Yes,Yes,No,No internet service,No internet service,No internet service,No internet service,No internet service,No internet service,Month-to-month,Yes,Mailed check,103.74,3240.83,No
CUST-05717,Female,0,No,No,63,Yes,Yes,Fiber optic,No,No,No,No,No,Yes,Month-to-month,Yes,Mailed check,73.98,4556.61,No
CUST-05718,Male,0,No,Yes,68,Yes,Yes,Fiber optic,Yes,No,Yes,Yes,No,Yes,Month-to-month,No,Mailed check,26.34,1861.01,Yes
CUST-05719,Male,0,No,No,39,Yes,No,Fiber optic,Yes,No,Yes,Yes,No,No,One year,Yes,Electronic check,91.17,3424.94,No
CUST-05720,Female,0,No,No,36,Yes,Yes,Fiber optic,Yes,No,No,No,No,No,Two year,Yes,Credit card (automatic),63.9,2362.46,Yes
CUST-05721,Female,1,No,No,7,Yes,No,Fiber optic,Yes,No,No,Yes,No,Yes,Month-to-month,No,Mailed check,22.14,161.53,No
CUST-05722,Female,0,No,Yes,66,Yes,Yes,Fiber optic,No,No,No,Yes,Yes,No,Month-to-month,Yes,Electronic check,91.61,5337.27,Yes
CUST-05723,Male,0,No,No,55,Yes,No,DSL,No,Yes,No,No,No,Yes,Two year,Yes,Credit card (automatic),108.35,5871.99,No
CUST-05724,Male,0,No,No,72,Yes,Yes,DSL,No,Yes,Yes,Yes,Yes,No,Month-to-month,Yes,Credit card (automatic),94.15,6651.56,No
CUST-05725,Male,0,No,Yes,42,Yes,No,DSL,No,No,Yes,Yes,Yes,No,Month-to-month,No,Mailed check,117.77,5064.55,No
CUST-05726,Female,0,Yes,Yes,27,Yes,No,DSL,No,Yes,No,Yes,No,Yes,One year,Yes,Bank transfer (automatic),34.05,843.41,No
CUST-05727,Male,0,No,No,2,Yes,Yes,No,No internet service,No internet service,No internet service,No internet service,No internet service,No internet service,Month-to-month,Yes,Electronic check,75.59,140.42,Yes
CUST-05728,Female,0,No,No,70,Yes,No,Fiber optic,No,Yes,No,Yes,Yes,No,Month-to-month,No,Credit card (automatic),27.42,1649.59,No
CUST-05729,Male,0,No,No,4,Yes,Yes,DSL,No,No,Yes,No,No,Yes,Month-to-month,Yes,Electronic check,117.52,471.61,No
CUST-05730,Female,0,Yes,Yes,21,Yes,No,DSL,No,Yes,Yes,Yes,No,Yes,Month-to-month,No,Credit card (automatic),39.94,757.59,No
CUST-05731,Male,0,No,No,1,Yes,No,Fiber optic,No,No,Yes,No,Yes,No,Month-to-month,Yes,Credit card (automatic),114.08,118.16,Yes
CUST-05732,Male,1,Yes,No,38,Yes,No,Fiber optic,Yes,No,Yes,No,No,No,One year,Yes,Electronic check,64.72,2416.59,Yes
CUST-05733,Male,0,Yes,No,60,No,No phone service,Fiber optic,No,No,Yes,No,No,No,Month-to-month,No,Credit card (automatic),98.94,5440.86,No
CUST-05734,Female,0,No,No,14,Yes,Yes,Fiber optic,No,No,No,No,No,Yes,One year,Yes,Credit card (automatic),115.37,1637.26,Yes
CUST-05735,Female,0,No,No,17,Yes,Yes,No,No internet service,No internet service,No internet service,No internet service,No internet service,No internet service,One year,Yes,Credit card (automatic),41.75,719.31,No
CUST-05736,Male,0,Yes,No,47,Yes,Yes,DSL,Yes,Yes,No,No,Yes,No,One year,Yes,Bank transfer (automatic),101.21,4197.04,No
CUST-05737,Male,1,No,No,56,Yes,No,Fiber optic,Yes,Yes,No,Yes,No,No,Two year,No,Bank transfer (automatic),108.72,5834.87,No
CUST-05738,Male,0,Yes,No,53,Yes,No,No,No internet service,No internet service,No internet service,No internet service,No internet service,No internet service,Month-to-month,Yes,Electronic check,74.26,3353.4,Yes
CUST-05739,Female,0,Yes,Yes,18,No,No phone service,DSL,Yes,No,Yes,No,No,No,One year,No,Mailed check,86.78,1435.23,Yes
CUST-05740,Male,0,Yes,No,69,Yes,Yes,Fiber optic,Yes,Yes,Yes,Yes,No,No,Two year,No,Mailed check,63.22,4313.67,No
CUST-05741,Male,0,No,Yes,48,Yes,Yes,DSL,Yes,No,Yes,No,No,No,One year,Yes,Electronic check,61.38,2698.81,No
CUST-05742,Male,0,Yes,No,9,Yes,No,Fiber optic,Yes,Yes,Yes,Yes,No,No,Month-to-month,Yes,Electronic check,34.26,270.35,Yes
CUST-05743,Male,0,Yes,No,54,Yes,No,DSL,Yes,No,Yes,No,No,Yes,Two year,Yes,Bank transfer (automatic),88.27,4601.96,No
CUST-05744,Female,0,No,No,35,Yes,Yes,No,No internet service,No internet service,No internet service,No internet service,No internet service,No internet service,Month-to-month,Yes,Electronic check,35.02,1277.55,Yes
CUST-05745,Female,0,Yes,Yes,46,Yes,Yes,No,No internet service,No internet service,No internet service,No internet service,No internet service,No internet service,Month-to-month,No,Electronic check,36.56,1568.39,No
CUST-05746,Male,0,No,Yes,1,Yes,Yes,No,No internet service,No internet service,No internet service,No internet service,No internet service,No internet service,Two year,Yes,Bank transfer (automatic),69.28,71.61,No
CUST-05747,Male,1,No,Yes,41,Yes,No,Fiber optic,No,Yes,No,No,Yes,No,Month-to-month,No,Credit card (automatic),64.73,2736.49,No
CUST-05748,Female,0,No,Yes,32,No,No phone service,No,No internet service,No internet service,No internet service,No internet service,No internet service,No internet service,Month-to-month,Yes,Electronic check,84.24,2651.74,No
CUST-05749,Female,0,Yes,No,40,Yes,Yes,Fiber optic,Yes,No,No,Yes,Yes,No,Month-to-month,No,Credit card (automatic),71.26,2462.96,No
CUST-05750,Male,0,No,No,11,Yes,Yes,Fiber optic,Yes,Yes,No,Yes,No,No,Two year,Yes,Credit card (automatic),50.15,541.04,No
CUST-05751,Female,0,No,Yes,62,Yes,No,DSL,No,No,No,No,No,No,Two year,Yes,Bank transfer (automatic),23.9,1434.69,No
CUST-05752,Female,0,Yes,Yes,46,Yes,Yes,Fiber optic,No,Yes,No,Yes,Yes,Yes,Two year,No,Electronic check,78.06,3469.68,No
CUST-05753,Male,0,Yes,No,48,Yes,Yes,Fiber optic,No,No,No,No,No,No,Month-to-month,No,Credit card (automatic),67.87,2989.6,Yes
CUST-05754,Female,0,No,No,43,Yes,Yes,DSL,Yes,Yes,No,No,Yes,Yes,Month-to-month,No,Electronic check,26.25,1128.87,No
CUST-05755,Female,1,Yes,No,51,Yes,No,Fiber optic,Yes,Yes,Yes,Yes,No,Yes,Month-to-month,No,Bank transfer (automatic),89.3,4675.4,No
CUST-05756,Male,0,No,Yes,61,Yes,Yes,No,No internet service,No internet service,No internet service,No internet service,No internet service,No internet service,Month-to-month,No,Bank transfer (automatic),44.0,2643.63,No
CUST-05757,Male,0,No,No,42,Yes,No,DSL,Yes,No,Yes,Yes,Yes,Yes,One year,Yes,Credit card (automatic),21.5,794.27,No
CUST-05758,Female,1,Yes,No,26,Yes,Yes,DSL,Yes,No,Yes,No,No,Yes,Two year,Yes,Credit card (automatic),19.13,500.82,No
CUST-05759,Male,1,Yes,Yes,11,Yes,No,No,No internet service,No internet service,No internet service,No internet service,No internet service,No internet service,Month-to-month,Yes,Electronic check,73.05,708.17,No
CUST-05760,Female,0,No,Yes,25,Yes,No,DSL,Yes,Yes,No,Yes,No,Yes,Month-to-month,Yes,Electronic check,112.69,2845.34,No
CUST-05761,Male,0,Yes,No,40,Yes,Yes,No,No internet service,No internet service,No internet service,No internet service,No internet service,No internet service,Two year,No,Mailed check,104.47,4059.93,No
CUST-05762,Female,0,No,No,25,Yes,No,Fiber optic,No,Yes,Yes,No,No,No,Month-to-month,No,Credit card (automatic),28.37,651.48,No
CUST-05763,Male,1,Yes,Yes,52,Yes,No,Fiber optic,Yes,Yes,No,Yes,No,Yes,Month-to-month,No,Bank transfer (automatic),50.46,2527.66,No
CUST-05764,Female,1,No,No,3,Yes,Yes,DSL,No,Yes,No,No,Yes,Yes,One year,No,Credit card (automatic),49.94,152.02,No
CUST-05765,Female,0,No,Yes,39,Yes,Yes,DSL,No,No,Yes,Yes,Yes,No,One year,No,Electronic check,104.97,3898.7,No
CUST-05766,Female,0,Yes,No,35,Yes,No,Fiber optic,Yes,Yes,No,No,No,Yes,Two year,Yes,Electronic check,99.62,3295.99,Yes
CUST-05767,Male,0,Yes,No,40,Yes,Yes,Fiber optic,Yes,No,Yes,Yes,Yes,No,One year,No,Electronic check,116.49,4158.48,No
CUST-05768,Male,0,No,No,22,Yes,Yes,Fiber optic,Yes,Yes,Yes,No,Yes,No,One year,No,Electronic check,71.1,1444.03,Yes
CUST-05769,Female,0,No,No,62,Yes,Yes,Fiber optic,No,Yes,No,No,Yes,No,Month-to-month,No,Credit card (automatic),19.42,1148.61,Yes
CUST-05770,Female,1,Yes,No,19,Yes,Yes,Fiber optic,Yes,No,No,Yes,No,No,One year,No,Credit card (automatic),110.02,1824.6,No
CUST-05771,Male,0,No,Yes,14,Yes,Yes,Fiber optic,Yes,No,Yes,No,No,Yes,Two year,Yes,Credit card (automatic),21.64,300.69,Yes
CUST-05772,Male,0,Yes,No,50,Yes,Yes,No,No internet service,No internet service,No internet service,No internet service,No internet service,No internet service,Two year,No,Mailed check,102.83,5290.5,No
CUST-05773,Male,0,No,No,62,No,No phone service,Fiber optic,No,Yes,No,No,Yes,Yes,One year,No,Mailed check,70.91,4431.92,Yes
CUST-05774,Male,0,No,No,43,Yes,No,No,No internet service,No internet service,No internet service,No internet service,No internet service,No internet service,One year,Yes,Electronic check,116.5,4745.37,Yes
CUST-05775,Male,0,Yes,No,55,Yes,Yes,DSL,No,Yes,No,No,Yes,Yes,Month-to-month,Yes,Mailed check,42.76,2002.91,No
CUST-05776,Male,0,Yes,No,40,Yes,Yes,Fiber optic,Yes,No,No,Yes,Yes,No,Month-to-month,Yes,Electronic check,70.29,2646.38,Yes
CUST-05777,Female,0,Yes,No,12,Yes,Yes,Fiber optic,Yes,No,No,Yes,No,No,Two year,Yes,Bank transfer (automatic),19.38,203.43,No
CUST-05778,Male,0,No,Yes,65,Yes,Yes,No,No internet service,No internet service,No internet service,No internet service,No internet service,No internet service,One year,No,Electronic check,79.29,5145.63,No
CUST-05779,Female,0,Yes,No,34,Yes,Yes,Fiber optic,Yes,Yes,Yes,Yes,Yes,No,Month-to-month,Yes,Mailed check,24.89,740.81,No
CUST-05780,Male,0,Yes,No,23,Yes,Yes,DSL,No,No,No,No,No,No,One year,Yes,Credit card (automatic),24.67,496.28,No
CUST-05781,Male,0,No,No,71,Yes,No,Fiber optic,Yes,Yes,No,No,No,Yes,Month-to-month,Yes,Credit card (automatic),92.33,6244.72,Yes
CUST-05782,Female,0,Yes,No,7,Yes,Yes,DSL,Yes,No,No,No,Yes,No,Two year,Yes,Bank transfer (automatic),36.89,231.94,No
CUST-05783,Female,0,No,No,65,No,No phone service,DSL,Yes,Yes,Yes,Yes,Yes,No,Month-to-month,Yes,Electronic check,117.74,6874.74,Yes
CUST-05784,Male,0,Yes,No,18,Yes,No,Fiber optic,Yes,No,No,No,No,No,Month-to-month,No,Electronic check,58.43,1095.83,Yes
CUST-05785,Female,0,Yes,No,8,No,No phone service,No,No internet service,No internet service,No internet service,No internet service,No internet service,No internet service,Month-to-month,No,Electronic check,67.31,489.37,No
CUST-05786,Female,0,Yes,No,42,Yes,No,DSL,Yes,No,No,No,No,No,One year,No,Mailed check,50.1,2175.45,No
CUST-05787,Female,1,No,No,1,Yes,Yes,DSL,Yes,No,No,No,No,Yes,Two year,Yes,Mailed check,46.4,41.6,No
CUST-05788,Female,0,No,No,15,Yes,Yes,No,No internet service,No internet service,No internet service,No internet service,No internet service,No internet service,One year,No,Electronic check,107.17,1655.27,No
CUST-05789,Male,0,No,Yes,28,Yes,Yes,DSL,No,Yes,Yes,No,No,No,Month-to-month,No,Credit card (automatic),109.1,2720.89,No
CUST-05790,Female,0,Yes,No,36,Yes,No,No,No internet service,No internet service,No internet service,No internet service,No internet service,No internet service,Month-to-month,No,Bank transfer (automatic),39.29,1251.71,Yes
CUST-05791,Male,0,Yes,No,46,Yes,Yes,DSL,Yes,Yes,No,Yes,No,No,One year,Yes,Mailed check,22.02,917.22,No
CUST-05792,Male,0,No,No,21,Yes,No,Fiber optic,No,Yes,No,Yes,No,Yes,One year,Yes,Credit card (automatic),46.31,908.65,No
CUST-05793,Male,1,Yes,No,49,Yes,No,DSL,No,No,No,Yes,Yes,No,Month-to-month,Yes,Mailed check,102.13,4462.56,No
CUST-05794,Male,0,Yes,Yes,39,Yes,Yes,No,No internet service,No internet service,No internet service,No internet service,No internet service,No internet service,Two year,Yes,Credit card (automatic),68.79,2611.1,No
CUST-05795,Female,0,Yes,No,38,Yes,No,No,No internet service,No internet service,No internet service,No internet service,No internet service,No internet service,Month-to-month,Yes,Mailed check,98.45,3530.26,Yes
CUST-05796,Female,0,No,No,9,Yes,Yes,No,No internet service,No internet service,No internet service,No internet service,No internet service,No internet service,One year,Yes,Bank transfer (automatic),102.98,887.69,No
CUST-05797,Male,1,No,No,20,No,No phone service,DSL,No,No,Yes,No,No,Yes,Two year,No,Electronic check,101.57,1996.73,No
CUST-05798,Male,0,Yes,Yes,8,Yes,No,No,No internet service,No internet service,No internet service,No internet service,No internet service,No internet service,One year,No,Electronic check,77.44,583.83,No
CUST-05799,Male,0,Yes,No,14,Yes,Yes,No,No internet service,No internet service,No internet service,No internet service,No internet service,No internet service,One year,No,Bank transfer (automatic),35.4,430.62,No
CUST-05800,Male,0,No,No,62,Yes,No,Fiber optic,Yes,No,No,No,No,No,One year,No,Mailed check,82.43,4705.33,No
CUST-05801,Female,0,No,No,35,Yes,Yes,Fiber optic,No,No,Yes,No,Yes,Yes,Month-to-month,Yes,Electronic check,48.95,1633.69,Yes
CUST-05802,Male,1,Yes,No,55,Yes,Yes,No,No internet service,No internet service,No internet service,No internet service,No internet service,No internet service,Two year,Yes,Electronic check,95.95,4674.52,No
CUST-05803,Female,0,No,No,45,Yes,Yes,Fiber optic,Yes,Yes,No,No,No,No,Month-to-month,No,Bank transfer (automatic),38.88,1659.59,No
CUST-05804,Male,0,Yes,No,21,Yes,No,DSL,Yes,No,No,No,Yes,Yes,Month-to-month,No,Bank transfer (automatic),83.92,1541.41,No
CUST-05805,Male,1,Yes,No,53,Yes,Yes,No,No internet service,No internet service,No internet service,No internet service,No internet service,No internet service,Two year,No,Bank transfer (automatic),26.74,1304.51,No
CUST-05806,Male,1,Yes,Yes,54,Yes,Yes,Fiber optic,Yes,Yes,No,Yes,Yes,No,One year,Yes,Bank transfer (automatic),99.8,5484.99,Yes
CUST-05807,Male,0,Yes,Yes,43,Yes,Yes,No,No internet service,No internet service,No internet service,No internet service,No internet service,No internet service,One year,Yes,Credit card (automatic),50.1,1851.39,No
CUST-05808,Female,1,Yes,No,6,No,No phone service,Fiber optic,No,Yes,Yes,Yes,No,No,Two year,No,Credit card (automatic),117.21,602.9,Yes
CUST-05809,Female,0,No,No,55,No,No phone service,DSL,Yes,No,No,No,Yes,Yes,Month-to-month,Yes,Mailed check,64.93,3320.6,Yes
CUST-05810,Female,0,Yes,No,44,Yes,Yes,Fiber optic,Yes,Yes,Yes,No,No,No,Month-to-month,No,Bank transfer (automatic),44.23,2010.17,No
CUST-05811,Male,1,Yes,No,68,Yes,Yes,Fiber optic,No,No,Yes,Yes,No,Yes,Month-to-month,No,Bank transfer (automatic),30.81,2038.29,Yes
CUST-05812,Male,0,Yes,No,4,Yes,Yes,DSL,Yes,No,Yes,Yes,Yes,No,Two year,Yes,Electronic check,118.66,468.68,Yes
CUST-05813,Female,0,No,No,63,Yes,Yes,Fiber optic,No,No,Yes,Yes,No,Yes,Month-to-month,Yes,Bank transfer (automatic),58.77,3559.27,No
CUST-05814,Female,0,No,No,58,No,No phone service,DSL,No,No,No,No,No,Yes,Month-to-month,Yes,Credit card (automatic),86.05,5016.0,No
CUST-05815,Male,0,Yes,Yes,54,Yes,No,Fiber optic,No,No,Yes,Yes,No,No,Month-to-month,Yes,Electronic check,50.74,2552.34,No
CUST-05816,Male,0,Yes,No,38,Yes,Yes,No,No internet service,No internet service,No internet service,No internet service,No internet service,No internet service,One year,No,Mailed check,41.04,1559.22,No
CUST-05817,Female,0,Yes,Yes,60,Yes,No,Fiber optic,Yes,Yes,No,Yes,Yes,Yes,One year,Yes,Electronic check,76.28,4745.4,No
CUST-05818,Male,0,Yes,No,52,Yes,Yes,Fiber optic,No,No,No,Yes,No,No,Month-to-month,Yes,Credit card (automatic),58.36,2788.9,No
CUST-05819,Male,0,Yes,No,29,Yes,No,Fiber optic,Yes,Yes,No,No,Yes,Yes,Month-to-month,No,Electronic check,67.07,1813.03,No
CUST-05820,Female,0,No,Yes,40,Yes,Yes,Fiber optic,No,Yes,No,No,No,Yes,Month-to-month,Yes,Bank transfer (automatic),89.95,3184.26,No
CUST-05821,Male,1,No,No,71,Yes,No,Fiber optic,Yes,Yes,Yes,No,No,No,Month-to-month,No,Bank transfer (automatic),46.81,2903.24,Yes
CUST-05822,Female,0,No,No,8,Yes,No,Fiber optic,No,Yes,Yes,No,No,No,One year,Yes,Electronic check,33.73,269.82,Yes
CUST-05823,Male,0,Yes,No,35,Yes,Yes,No,No internet service,No internet service,No internet service,No internet service,No internet service,No internet service,One year,No,Bank transfer (automatic),72.83,2466.52,No
CUST-05824,Female,0,Yes,No,16,Yes,No,Fiber optic,No,Yes,No,No,Yes,Yes,Month-to-month,No,Electronic check,29.84,474.18,Yes
CUST-05825,Male,0,No,No,18,Yes,Yes,No,No internet service,No internet service,No internet service,No internet service,No internet service,No internet service,Month-to-month,Yes,Bank transfer (automatic),86.94,1382.8,No
CUST-05826,Female,1,No,No,59,Yes,Yes,No,No internet service,No internet service,No internet service,No internet service,No internet service,No internet service,Two year,Yes,Electronic check,78.31,4626.91,No
CUST-05827,Female,0,Yes,No,34,No,No phone service,DSL,No,Yes,Yes,Yes,No,No,Month-to-month,Yes,Mailed check,41.9,1300.36,No
CUST-05828,Female,0,No,No,4,Yes,No,Fiber optic,No,No,No,No,No,No,Month-to-month,Yes,Electronic check,45.48,177.18,No
CUST-05829,Female,0,Yes,No,69,Yes,No,No,No internet service,No internet service,No internet service,No internet service,No internet service,No internet service,One year,No,Bank transfer (automatic),36.99,2602.09,No
CUST-05830,Male,0,Yes,No,65,No,No phone service,No,No internet service,No internet service,No internet service,No internet service,No internet service,No internet service,Two year,Yes,Bank transfer (automatic),108.95,6891.11,No
CUST-05831,Male,0,Yes,No,61,Yes,No,Fiber optic,No,Yes,Yes,No,No,Yes,Month-to-month,Yes,Mailed check,50.47,2722.36,Yes
CUST-05832,Female,0,No,No,46,Yes,No,Fiber optic,Yes,No,Yes,Yes,Yes,No,Month-to-month,No,Electronic check,110.89,4845.96,Yes
CUST-05833,Male,0,Yes,Yes,21,No,No phone service,Fiber optic,No,No,No,No,Yes,Yes,Month-to-month,Yes,Bank transfer (automatic),20.29,383.74,Yes
CUST-05834,Male,0,No,No,38,Yes,Yes,DSL,Yes,Yes,Yes,Yes,No,No,Month-to-month,Yes,Electronic check,58.05,2118.91,Yes
CUST-05835,Male,0,Yes,No,60,Yes,Yes,No,No internet service,No internet service,No internet service,No internet service,No internet service,No internet service,One year,Yes,Mailed check,110.31,5730.43,No
CUST-05836,Male,0,Yes,No,36,Yes,No,No,No internet service,No internet service,No internet service,No internet service,No internet service,No internet service,Month-to-month,Yes,Credit card (automatic),91.09,3431.68,Yes
CUST-05837,Male,0,No,No,6,Yes,No,Fiber optic,No,Yes,No,Yes,Yes,Yes,Month-to-month,Yes,Credit card (automatic),24.18,141.32,Yes
CUST-05838,Female,0,Yes,Yes,39,Yes,No,DSL,No,Yes,Yes,No,No,No,Month-to-month,Yes,Electronic check,68.48,2473.96,No
CUST-05839,Female,0,Yes,No,29,Yes,Yes,No,No internet service,No internet service,No internet service,No internet service,No internet service,No internet service,One year,Yes,Electronic check,31.0,826.16,No
CUST-05840,Female,0,Yes,No,27,Yes,No,Fiber optic,No,Yes,Yes,Yes,Yes,No,One year,Yes,Mailed check,32.47,847.05,No
CUST-05841,Female,0,No,No,69,Yes,No,DSL,No,No,No,Yes,Yes,No,One year,Yes,Electronic check,63.27,4297.63,No
CUST-05842,Male,0,No,Yes,9,Yes,Yes,DSL,No,No,No,No,Yes,Yes,Two year,Yes,Mailed check,107.28,865.96,No
CUST-05843,Male,0,Yes,Yes,24,Yes,Yes,DSL,Yes,Yes,Yes,No,No,No,One year,Yes,Mailed check,55.15,1270.91,No
CUST-05844,Female,0,Yes,No,63,Yes,No,Fiber optic,No,Yes,Yes,No,Yes,Yes,Two year,No,Credit card (automatic),87.83,5651.48,No
CUST-05845,Male,0,No,Yes,19,No,No phone service,DSL,No,Yes,No,No,No,No,Month-to-month,Yes,Electronic check,41.18,791.86,Yes
CUST-05846,Male,0,Yes,No,30,Yes,Yes,DSL,No,Yes,No,Yes,No,No,Two year,Yes,Credit card (automatic),59.13,1573.27,No
CUST-05847,Female,0,Yes,Yes,58,Yes,No,No,No internet service,No internet service,No internet service,No internet service,No internet service,No internet service,Month-to-month,No,Credit card (automatic),29.77,1600.0,No
CUST-05848,Male,0,Yes,No,40,No,No phone service,No,No internet service,No internet service,No internet service,No internet service,No internet service,No internet service,Two year,Yes,Bank transfer (automatic),31.74,1279.96,No
CUST-05849,Female,0,No,No,68,Yes,No,DSL,Yes,Yes,No,No,No,Yes,Two year,No,Mailed check,84.64,5248.04,No
CUST-05850,Female,0,Yes,No,32,Yes,No,DSL,Yes,No,Yes,No,No,No,One year,No,Electronic check,19.19,616.39,Yes
CUST-05851,Male,1,No,No,65,Yes,No,Fiber optic,Yes,No,Yes,Yes,No,No,One year,Yes,Bank transfer (automatic),90.8,5853.94,No
CUST-05852,Male,0,No,No,34,Yes,Yes,DSL,No,No,No,No,No,No,One year,No,Bank transfer (automatic),106.15,3199.64,No
CUST-05853,Female,0,No,Yes,31,Yes,No,DSL,Yes,Yes,No,No,No,No,Month-to-month,No,Bank transfer (automatic),43.9,1346.44,Yes
CUST-05854,Female,0,No,No,59,No,No phone service,DSL,No,Yes,No,No,Yes,Yes,Month-to-month,No,Electronic check,107.14,6431.56,No
CUST-05855,Male,0,Yes,No,26,No,No phone service,No,No internet service,No internet service,No internet service,No internet service,No internet service,No internet service,One year,Yes,Bank transfer (automatic),92.7,2485.96,Yes
CUST-05856,Female,0,No,Yes,22,Yes,Yes,No,No internet service,No internet service,No internet service,No internet service,No internet service,No internet service,Month-to-month,Yes,Electronic check,102.02,2017.71,No
CUST-05857,Female,1,No,Yes,34,Yes,No,No,No internet service,No internet service,No internet service,No internet service,No internet service,No internet service,Month-to-month,Yes,Electronic check,98.26,3505.81,Yes
CUST-05858,Female,0,No,Yes,13,Yes,Yes,Fiber optic,No,No,Yes,No,Yes,Yes,Month-to-month,No,Mailed check,18.15,223.69,No
CUST-05859,Male,0,Yes,No,55,Yes,Yes,Fiber optic,Yes,No,Yes,No,No,No,Two year,No,Bank transfer (automatic),87.21,4318.34,No
CUST-05860,Female,0,Yes,No,8,No,No phone service,Fiber optic,No,No,No,No,No,Yes,One year,Yes,Mailed check,63.84,507.85,Yes
CUST-05861,Male,1,No,Yes,62,Yes,Yes,Fiber optic,No,Yes,Yes,No,No,No,Two year,Yes,Bank transfer (automatic),118.82,7312.22,Yes
CUST-05862,Female,0,Yes,Yes,22,Yes,No,Fiber optic,No,Yes,Yes,Yes,No,No,Month-to-month,Yes,Bank transfer (automatic),77.2,1652.27,No
CUST-05863,Male,0,Yes,No,56,Yes,No,Fiber optic,No,No,No,No,No,No,Month-to-month,Yes,Bank transfer (automatic),79.59,3917.57,Yes
CUST-05864,Female,0,No,No,21,Yes,No,DSL,Yes,Yes,No,No,No,No,Month-to-month,Yes,Electronic check,119.96,2157.39,Yes
CUST-05865,Male,1,No,No,49,Yes,Yes,DSL,Yes,No,Yes,Yes,No,Yes,Month-to-month,No,Bank transfer (automatic),45.34,2215.14,No
CUST-05866,Male,0,Yes,No,6,Yes,No,No,No internet service,No internet service,No internet service,No internet service,No internet service,No internet service,One year,No,Credit card (automatic),96.63,533.29,No
CUST-05867,Male,0,No,No,35,Yes,No,DSL,Yes,Yes,Yes,No,Yes,No,Month-to-month,Yes,Electronic check,23.65,719.76,No
CUST-05868,Female,0,No,No,27,Yes,No,DSL,No,Yes,No,Yes,No,No,Month-to-month,No,Credit card (automatic),68.15,1906.72,No
CUST-05869,Female,0,Yes,No,40,Yes,Yes,Fiber optic,Yes,No,No,Yes,No,No,Two year,Yes,Electronic check,82.22,3404.75,No
CUST-05870,Female,0,No,Yes,14,Yes,No,DSL,Yes,Yes,No,No,No,No,Month-to-month,Yes,Bank transfer (automatic),39.09,535.47,Yes
CUST-05871,Male,0,No,No,52,Yes,No,DSL,Yes,Yes,No,Yes,Yes,No,Month-to-month,No,Bank transfer (automatic),66.4,3102.51,No
CUST-05872,Female,0,No,No,40,Yes,No,DSL,No,No,No,Yes,Yes,No,Month-to-month,Yes,Electronic check,64.57,2704.01,Yes
CUST-05873,Male,0,No,No,43,Yes,No,Fiber optic,Yes,Yes,No,No,No,Yes,One year,No,Mailed check,46.69,1803.31,No
CUST-05874,Female,0,No,No,58,Yes,Yes,DSL,Yes,Yes,Yes,Yes,No,No,Month-to-month,Yes,Credit card (automatic),80.04,3955.84,No
CUST-05875,Male,0,Yes,No,3,Yes,No,Fiber optic,No,No,Yes,No,No,No,Two year,Yes,Credit card (automatic),87.06,268.99,No
CUST-05876,Male,0,Yes,No,15,Yes,No,DSL,No,Yes,No,No,Yes,No,Month-to-month,Yes,Mailed check,26.93,359.2,No
CUST-05877,Male,0,Yes,No,45,Yes,No,DSL,Yes,No,No,No,Yes,Yes,Month-to-month,Yes,Mailed check,33.81,1484.86,No
CUST-05878,Female,0,No,No,11,Yes,Yes,No,No internet service,No internet service,No internet service,No internet service,No internet service,No internet service,Month-to-month,Yes,Electronic check,115.62,1141.67,No
CUST-05879,Female,0,No,No,39,Yes,No,Fiber optic,No,No,Yes,Yes,Yes,No,Month-to-month,Yes,Mailed check,22.02,806.72,Yes
CUST-05880,Female,0,Yes,No,19,Yes,No,Fiber optic,No,Yes,No,No,Yes,Yes,Month-to-month,Yes,Bank transfer (automatic),29.08,514.18,No
CUST-05881,Male,1,Yes,Yes,20,Yes,No,DSL,No,Yes,No,Yes,No,No,Month-to-month,Yes,Mailed check,100.88,1866.26,Yes
CUST-05882,Male,0,Yes,No,71,Yes,No,DSL,No,No,No,Yes,Yes,Yes,Month-to-month,No,Bank transfer (automatic),100.52,6520.04,No
CUST-05883,Female,0,Yes,No,56,Yes,No,No,No internet service,No internet service,No internet service,No internet service,No internet service,No internet service,Two year,No,Credit card (automatic),115.33,5509.37,No
CUST-05884,Female,0,Yes,No,4,Yes,No,DSL,No,Yes,No,No,No,No,Month-to-month,Yes,Electronic check,106.34,379.81,No
CUST-05885,Female,0,Yes,Yes,9,Yes,Yes,No,No internet service,No internet service,No internet service,No internet service,No internet service,No internet service,Month-to-month,No,Bank transfer (automatic),40.08,378.33,Yes
CUST-05886,Male,0,No,No,25,Yes,Yes,Fiber optic,No,Yes,Yes,Yes,No,Yes,Month-to-month,No,Mailed check,87.41,1860.85,Yes
CUST-05887,Male,0,Yes,Yes,47,Yes,No,Fiber optic,No,No,No,Yes,No,No,Month-to-month,Yes,Electronic check,38.19,1551.5,No
CUST-05888,Male,0,No,No,49,No,No phone service,Fiber optic,No,No,Yes,No,Yes,Yes,Two year,Yes,Electronic check,102.08,4283.95,No
CUST-05889,Male,0,No,No,27,Yes,Yes,Fiber optic,No,Yes,No,Yes,No,Yes,Month-to-month,Yes,Electronic check,71.26,1833.23,Yes
CUST-05890,Male,0,No,No,28,Yes,Yes,DSL,No,Yes,Yes,No,Yes,No,One year,No,Credit card (automatic),65.31,1567.86,No
CUST-05891,Female,0,Yes,Yes,62,Yes,No,Fiber optic,Yes,No,No,No,No,No,Two year,Yes,Bank transfer (automatic),69.08,4100.08,No
CUST-05892,Male,0,No,No,16,Yes,No,No,No internet service,No internet service,No internet service,No internet service,No internet service,No internet service,Month-to-month,Yes,Credit card (automatic),20.48,299.92,No
CUST-05893,Male,0,No,Yes,46,Yes,Yes,DSL,No,Yes,No,Yes,No,No,One year,No,Bank transfer (automatic),91.06,4295.74,No
CUST-05894,Male,1,Yes,No,46,Yes,No,Fiber optic,Yes,Yes,Yes,Yes,No,No,One year,No,Mailed check,35.06,1486.63,No
CUST-05895,Male,0,Yes,No,40,Yes,Yes,Fiber optic,No,No,Yes,Yes,No,Yes,One year,Yes,Mailed check,31.97,1296.67,No
CUST-05896,Male,0,Yes,No,34,Yes,No,Fiber optic,Yes,No,No,No,Yes,Yes,Two year,Yes,Electronic check,48.71,1641.08,No
CUST-05897,Female,0,No,No,10,Yes,Yes,DSL,No,Yes,Yes,Yes,Yes,No,Two year,No,Credit card (automatic),67.94,709.23,No
CUST-05898,Male,0,No,No,1,Yes,No,No,No internet service,No internet service,No internet service,No internet service,No internet service,No internet service,Month-to-month,Yes,Mailed check,69.95,65.65,Yes
CUST-05899,Male,0,Yes,No,66,Yes,No,Fiber optic,Yes,No,No,No,No,Yes,Month-to-month,Yes,Electronic check,85.02,5841.08,No
CUST-05900,Male,0,Yes,No,17,Yes,Yes,No,No internet service,No internet service,No internet service,No internet service,No internet service,No internet service,Month-to-month,Yes,Bank transfer (automatic),24.7,411.22,No
CUST-05901,Female,0,No,No,47,Yes,No,No,No internet service,No internet service,No internet service,No internet service,No internet service,No internet service,Month-to-month,No,Electronic check,52.53,2287.55,No
CUST-05902,Female,0,No,No,24,Yes,No,DSL,No,Yes,No,Yes,No,Yes,Month-to-month,No,Electronic check,42.95,977.18,No
CUST-05903,Female,1,No,Yes,50,Yes,Yes,DSL,No,No,No,No,Yes,Yes,Two year,Yes,Credit card (automatic),59.1,2943.35,No
CUST-05904,Male,0,No,No,29,Yes,No,No,No internet service,No internet service,No internet service,No internet service,No internet service,No internet service,One year,Yes,Mailed check,69.93,2082.73,No
CUST-05905,Female,1,No,No,72,Yes,Yes,Fiber optic,Yes,Yes,No,Yes,Yes,Yes,Two year,Yes,Electronic check,104.64,7015.55,No
CUST-05906,Male,0,No,No,13,Yes,Yes,DSL,Yes,Yes,Yes,Yes,No,No,Two year,Yes,Bank transfer (automatic),105.76,1427.93,No
CUST-05907,Male,0,Yes,No,64,Yes,Yes,No,No internet service,No internet service,No internet service,No internet service,No internet service,No internet service,Two year,Yes,Credit card (automatic),72.56,4391.53,No
CUST-05908,Female,0,Yes,No,28,Yes,Yes,Fiber optic,No,No,Yes,No,Yes,No,Month-to-month,Yes,Mailed check,98.17,2759.96,Yes
CUST-05909,Male,0,No,No,5,No,No phone service,DSL,No,No,Yes,Yes,Yes,No,One year,Yes,Electronic check,59.19,305.28,No
CUST-05910,Male,1,Yes,No,9,No,No phone service,Fiber optic,No,No,No,No,No,Yes,Month-to-month,No,Electronic check,118.77,955.6,Yes
CUST-05911,Male,0,Yes,No,14,Yes,Yes,No,No internet service,No internet service,No internet service,No internet service,No internet service,No internet service,One year,No,Credit card (automatic),30.87,384.72,No
CUST-05912,Female,0,No,No,10,Yes,No,DSL,No,No,Yes,Yes,Yes,Yes,Two year,Yes,Mailed check,32.59,321.46,No
CUST-05913,Male,1,No,No,33,Yes,No,Fiber optic,No,Yes,Yes,No,Yes,No,Month-to-month,No,Credit card (automatic),47.91,1543.76,No
CUST-05914,Male,0,No,No,40,No,No phone service,DSL,Yes,Yes,No,No,No,No,Month-to-month,Yes,Bank transfer (automatic),28.62,1162.75,No
CUST-05915,Female,0,No,No,6,Yes,No,No,No internet service,No internet service,No internet service,No internet service,No internet service,No internet service,Month-to-month,No,Mailed check,18.56,106.72,No
CUST-05916,Male,0,No,No,17,Yes,Yes,Fiber optic,Yes,Yes,Yes,Yes,No,Yes,Two year,Yes,Bank transfer (automatic),51.33,868.53,No
CUST-05917,Male,0,Yes,No,36,Yes,No,Fiber optic,No,No,Yes,Yes,Yes,Yes,Month-to-month,No,Electronic check,22.73,723.37,No
CUST-05918,Female,0,No,No,70,Yes,Yes,Fiber optic,No,Yes,No,Yes,No,No,Month-to-month,Yes,Electronic check,77.4,5196.22,Yes
CUST-05919,Male,0,Yes,No,61,Yes,Yes,Fiber optic,Yes,No,Yes,No,No,No,One year,Yes,Electronic check,103.21,5364.31,Yes
CUST-05920,Male,0,Yes,No,49,No,No phone service,Fiber optic,Yes,No,Yes,Yes,No,No,Month-to-month,No,Credit card (automatic),36.59,1768.5,Yes
CUST-05921,Male,0,Yes,No,69,Yes,No,No,No internet service,No internet service,No internet service,No internet service,No internet service,No internet service,Two year,No,Bank transfer (automatic),79.29,5712.38,No
CUST-05922,Male,0,No,No,71,Yes,No,Fiber optic,No,No,No,Yes,Yes,No,Month-to-month,No,Credit card (automatic),42.66,2680.81,No
CUST-05923,Male,1,Yes,No,24,Yes,Yes,No,No internet service,No internet service,No internet service,No internet service,No internet service,No internet service,One year,Yes,Bank transfer (automatic),72.02,1516.45,No
CUST-05924,Female,0,No,No,51,Yes,Yes,Fiber optic,No,Yes,No,No,No,Yes,Two year,No,Mailed check,72.52,3494.04,No
CUST-05925,Female,0,Yes,Yes,42,Yes,No,DSL,No,No,Yes,Yes,No,No,Month-to-month,No,Credit card (automatic),23.26,917.6,No
CUST-05926,Female,0,Yes,No,19,Yes,No,No,No internet service,No internet service,No internet service,No internet service,No internet service,No internet service,Month-to-month,Yes,Bank transfer (automatic),112.85,2012.42,Yes
CUST-05927,Female,0,No,Yes,62,Yes,Yes,DSL,Yes,Yes,Yes,No,No,No,One year,Yes,Credit card (automatic),36.12,2033.61,No
CUST-05928,Male,0,No,No,67,Yes,Yes,Fiber optic,Yes,Yes,No,No,No,No,One year,Yes,Electronic check,76.76,4513.65,No
CUST-05929,Male,0,Yes,No,30,Yes,No,Fiber optic,Yes,No,No,No,Yes,No,Month-to-month,No,Mailed check,64.73,2009.04,No
CUST-05930,Male,1,No,No,38,Yes,No,No,No internet service,No internet service,No internet service,No internet service,No internet service,No internet service,Month-to-month,No,Mailed check,100.04,3496.35,No
CUST-05931,Male,0,No,No,6,Yes,No,DSL,Yes,Yes,No,No,No,No,Month-to-month,No,Electronic check,56.43,315.37,No
CUST-05932,Male,0,No,No,22,Yes,Yes,No,No internet service,No internet service,No internet service,No internet service,No internet service,No internet service,One year,Yes,Bank transfer (automatic),92.42,1899.62,No
CUST-05933,Female,0,No,Yes,11,Yes,Yes,No,No internet service,No internet service,No internet service,No internet service,No internet service,No internet service,Month-to-month,No,Credit card (automatic),96.98,934.04,No
CUST-05934,Female,0,Yes,No,72,Yes,No,DSL,Yes,No,Yes,Yes,No,Yes,Two year,Yes,Credit card (automatic),34.85,2232.17,No
CUST-05935,Male,0,No,No,29,Yes,Yes,No,No internet service,No internet service,No internet service,No internet service,No internet service,No internet service,Month-to-month,Yes,Credit card (automatic),86.64,2142.12,No
CUST-05936,Male,0,Yes,No,8,Yes,Yes,DSL,No,No,Yes,No,Yes,Yes,Two year,No,Electronic check,62.55,475.11,No
CUST-05937,Male,0,Yes,No,35,Yes,Yes,DSL,No,No,No,No,Yes,No,Month-to-month,No,Mailed check,115.41,3881.23,No
CUST-05938,Female,1,No,No,72,Yes,No,No,No internet service,No internet service,No internet service,No internet service,No internet service,No internet service,Two year,Yes,Electronic check,118.78,7634.54,No
CUST-05939,Male,0,Yes,No,72,Yes,No,Fiber optic,No,Yes,Yes,Yes,No,Yes,Two year,Yes,Mailed check,89.45,6019.19,No
CUST-05940,Male,0,Yes,No,45,Yes,No,Fiber optic,No,Yes,No,No,No,No,Month-to-month,No,Mailed check,75.5,3357.43,No
CUST-05941,Male,0,No,Yes,33,No,No phone service,Fiber optic,No,No,No,No,Yes,Yes,Month-to-month,Yes,Credit card (automatic),50.39,1499.67,Yes
CUST-05942,Female,0,No,No,5,Yes,Yes,DSL,No,No,No,No,No,No,Month-to-month,Yes,Electronic check,44.79,206.8,No
CUST-05943,Male,0,No,Yes,62,Yes,No,Fiber optic,No,No,No,Yes,No,No,Month-to-month,Yes,Bank transfer (automatic),66.87,4107.88,No
CUST-05944,Female,0,No,No,37,Yes,No,DSL,Yes,No,Yes,Yes,Yes,No,One year,Yes,Bank transfer (automatic),72.6,2603.89,No
CUST-05945,Female,0,Yes,No,17,Yes,Yes,DSL,Yes,Yes,No,Yes,No,Yes,Month-to-month,Yes,Bank transfer (automatic),73.64,1190.83,No
CUST-05946,Female,0,No,Yes,22,Yes,No,No,No internet service,No internet service,No internet service,No internet service,No internet service,No internet service,One year,No,Credit card (automatic),100.47,2262.59,No
CUST-05947,Female,0,No,No,32,Yes,Yes,No,No internet service,No internet service,No internet service,No internet service,No internet service,No internet service,Month-to-month,Yes,Credit card (automatic),104.0,2875.64,No
CUST-05948,Female,0,Yes,No,14,Yes,No,Fiber optic,Yes,Yes,Yes,No,No,No,Month-to-month,No,Electronic check,54.07,723.08,No
CUST-05949,Female,0,Yes,Yes,20,Yes,No,DSL,No,No,No,Yes,No,No,Two year,Yes,Credit card (automatic),70.16,1389.1,No
CUST-05950,Male,0,Yes,Yes,22,Yes,No,Fiber optic,Yes,Yes,Yes,Yes,Yes,No,Month-to-month,Yes,Electronic check,95.25,1896.91,No
CUST-05951,Male,0,No,Yes,30,Yes,Yes,No,No internet service,No internet service,No internet service,No internet service,No internet service,No internet service,One year,No,Electronic check,106.93,2911.26,No
CUST-05952,Male,0,Yes,Yes,54,Yes,No,DSL,No,No,No,No,Yes,No,Month-to-month,Yes,Credit card (automatic),33.3,1707.78,No
CUST-05953,Female,0,No,Yes,33,Yes,No,DSL,Yes,No,No,No,Yes,No,One year,No,Credit card (automatic),94.19,2853.97,No
CUST-05954,Male,0,Yes,No,5,Yes,No,No,No internet service,No internet service,No internet service,No internet service,No internet service,No internet service,Two year,No,Mailed check,111.77,522.4,No
CUST-05955,Female,0,Yes,No,18,Yes,Yes,Fiber optic,No,No,No,Yes,No,No,One year,Yes,Electronic check,43.59,775.36,No
CUST-05956,Female,0,Yes,No,63,Yes,Yes,DSL,Yes,Yes,No,No,No,No,Month-to-month,Yes,Credit card (automatic),67.87,3953.32,No
CUST-05957,Female,0,Yes,No,46,Yes,No,DSL,No,Yes,No,No,Yes,No,Month-to-month,Yes,Credit card (automatic),18.3,720.16,No
CUST-05958,Male,0,Yes,No,7,Yes,No,No,No internet service,No internet service,No internet service,No internet service,No internet service,No internet service,Two year,Yes,Electronic check,101.89,619.54,Yes
CUST-05959,Female,0,Yes,No,29,Yes,No,Fiber optic,No,Yes,No,No,Yes,Yes,Month-to-month,Yes,Credit card (automatic),103.95,2867.28,No
CUST-05960,Female,0,Yes,No,57,Yes,No,DSL,No,No,No,No,Yes,Yes,Two year,Yes,Bank transfer (automatic),111.21,6573.67,Yes
CUST-05961,Male,0,No,No,47,Yes,No,No,No internet service,No internet service,No internet service,No internet service,No internet service,No internet service,Two year,No,Mailed check,92.49,3943.07,No
CUST-05962,Male,0,No,No,9,Yes,Yes,No,No internet service,No internet service,No internet service,No internet service,No internet service,No internet service,One year,No,Mailed check,52.57,404.42,No
CUST-05963,Female,0,No,No,59,Yes,Yes,DSL,No,Yes,No,No,Yes,No,Two year,No,Electronic check,36.45,2178.03,No
CUST-05964,Female,0,No,No,71,Yes,Yes,Fiber optic,Yes,Yes,No,No,No,Yes,One year,No,Bank transfer (automatic),52.48,3742.36,No
CUST-05965,Male,0,No,Yes,71,Yes,No,DSL,No,No,No,No,No,No,Month-to-month,No,Bank transfer (automatic),41.21,2996.76,No
CUST-05966,Male,0,No,No,43,Yes,Yes,Fiber optic,Yes,Yes,Yes,Yes,No,Yes,Month-to-month,No,Bank transfer (automatic),29.05,1178.24,No
CUST-05967,Male,0,Yes,No,59,Yes,No,DSL,No,No,No,No,No,Yes,One year,Yes,Mailed check,65.53,3344.85,No
CUST-05968,Female,0,No,No,6,Yes,Yes,DSL,No,Yes,No,Yes,No,No,One year,Yes,Electronic check,38.84,204.97,Yes
CUST-05969,Male,0,No,Yes,53,Yes,No,Fiber optic,Yes,No,No,No,Yes,No,Month-to-month,Yes,Credit card (automatic),24.64,1360.87,No
CUST-05970,Male,0,No,Yes,64,Yes,Yes,Fiber optic,Yes,No,Yes,Yes,Yes,Yes,Month-to-month,Yes,Mailed check,74.73,4884.15,No
CUST-05971,Male,0,No,No,4,Yes,No,Fiber optic,Yes,No,No,Yes,Yes,Yes,One year,Yes,Bank transfer (automatic),76.08,295.6,No
CUST-05972,Female,0,Yes,Yes,1,Yes,Yes,DSL,No,Yes,No,No,Yes,Yes,One year,Yes,Electronic check,69.81,60.06,No
CUST-05973,Male,0,No,No,70,Yes,Yes,No,No internet service,No internet service,No internet service,No internet service,No internet service,No internet service,Two year,No,Electronic check,35.93,2171.36,No
CUST-05974,Male,0,Yes,No,31,Yes,No,DSL,No,No,Yes,No,No,Yes,Two year,Yes,Mailed check,60.64,1666.72,No
CUST-05975,Male,0,Yes,No,65,Yes,No,Fiber optic,Yes,No,Yes,Yes,Yes,Yes,Two year,No,Mailed check,89.7,5724.1,No
CUST-05976,Male,0,Yes,Yes,69,Yes,No,DSL,Yes,Yes,No,No,No,No,One year,Yes,Electronic check,91.47,6592.67,No
CUST-05977,Male,0,Yes,No,19,Yes,No,Fiber optic,No,Yes,No,No,Yes,No,Month-to-month,Yes,Electronic check,79.34,1456.01,No
CUST-05978,Female,0,Yes,Yes,69,Yes,No,DSL,No,Yes,Yes,Yes,No,No,Month-to-month,Yes,Electronic check,102.96,7229.29,No
CUST-05979,Female,0,Yes,No,69,Yes,Yes,DSL,No,Yes,No,Yes,Yes,No,Two year,No,Electronic check,80.96,5604.02,No
CUST-05980,Female,0,No,No,49,Yes,Yes,Fiber optic,No,No,No,No,Yes,Yes,Two year,Yes,Credit card (automatic),24.03,1062.57,No
CUST-05981,Male,1,Yes,No,31,Yes,Yes,DSL,No,Yes,Yes,No,No,No,Two year,No,Electronic check,96.53,2892.5,No
CUST-05982,Female,1,No,No,60,Yes,No,Fiber optic,Yes,No,No,No,No,No,Two year,No,Mailed check,57.31,3409.29,No
CUST-05983,Female,0,No,No,71,Yes,Yes,DSL,Yes,No,No,Yes,Yes,Yes,Two year,Yes,Credit card (automatic),40.52,2630.79,No
CUST-05984,Female,1,No,No,55,Yes,Yes,DSL,Yes,Yes,Yes,No,No,No,Two year,No,Electronic check,21.56,1152.77,No
CUST-05985,Male,0,Yes,Yes,38,Yes,Yes,Fiber optic,No,Yes,No,No,No,Yes,Two year,No,Bank transfer (automatic),51.05,1699.12,No
CUST-05986,Male,0,No,No,33,Yes,Yes,DSL,Yes,Yes,No,No,Yes,Yes,Two year,Yes,Mailed check,80.36,2678.81,No
CUST-05987,Female,0,Yes,Yes,6,Yes,No,DSL,No,No,Yes,No,No,Yes,One year,Yes,Electronic check,105.01,574.72,No
CUST-05988,Female,0,Yes,No,13,Yes,No,DSL,No,No,No,Yes,Yes,No,Month-to-month,Yes,Electronic check,49.91,591.05,No
CUST-05989,Male,0,No,No,20,Yes,Yes,DSL,No,No,No,Yes,Yes,Yes,One year,No,Credit card (automatic),69.76,1389.48,No
CUST-05990,Male,1,No,Yes,37,Yes,Yes,DSL,Yes,No,No,No,No,Yes,Month-to-month,No,Electronic check,33.99,1266.3,No
CUST-05991,Female,0,No,No,45,Yes,Yes,DSL,No,Yes,Yes,Yes,Yes,No,Two year,Yes,Mailed check,63.96,2866.71,No
CUST-05992,Male,0,Yes,Yes,59,Yes,Yes,DSL,Yes,No,Yes,Yes,No,No,Month-to-month,Yes,Mailed check,46.97,2539.9,No
CUST-05993,Female,0,Yes,Yes,52,Yes,Yes,No,No internet service,No internet service,No internet service,No internet service,No internet service,No internet service,Month-to-month,No,Credit card (automatic),32.88,1768.06,No
CUST-05994,Male,0,Yes,No,18,No,No phone service,DSL,Yes,Yes,Yes,No,Yes,No,One year,Yes,Electronic check,67.99,1185.91,No
CUST-05995,Female,0,No,No,25,No,No phone service,No,No internet service,No internet service,No internet service,No internet service,No internet service,No internet service,Two year,Yes,Credit card (automatic),115.03,2651.14,No
CUST-05996,Female,0,Yes,Yes,1,Yes,Yes,No,No internet service,No internet service,No internet service,No internet service,No internet service,No internet service,Month-to-month,No,Electronic check,80.32,73.84,Yes
CUST-05997,Male,0,No,No,41,Yes,Yes,DSL,No,Yes,Yes,No,No,No,Month-to-month,Yes,Electronic check,91.23,3238.39,Yes
CUST-05998,Female,0,Yes,No,18,Yes,Yes,DSL,No,Yes,No,No,No,No,One year,Yes,Mailed check,40.51,644.19,No
CUST-05999,Female,0,Yes,No,1,Yes,Yes,DSL,Yes,No,Yes,No,Yes,Yes,One year,No,Electronic check,61.65,60.46,No
CUST-06000,Female,0,Yes,No,39,Yes,Yes,Fiber optic,No,No,Yes,Yes,No,Yes,Two year,Yes,Electronic check,107.08,3812.44,No
CUST-06001,Male,1,Yes,Yes,31,Yes,Yes,Fiber optic,No,No,Yes,Yes,Yes,No,Two year,Yes,Credit card (automatic),61.96,1731.73,Yes
CUST-06002,Male,0,No,Yes,71,No,No phone service,Fiber optic,No,Yes,No,No,No,No,Month-to-month,Yes,Bank transfer (automatic),49.44,2987.28,No
CUST-06003,Male,0,No,Yes,38,Yes,Yes,Fiber optic,No,Yes,Yes,No,No,Yes,Month-to-month,Yes,Electronic check,34.14,1321.67,No
CUST-06004,Female,0,Yes,Yes,8,Yes,Yes,DSL,No,Yes,Yes,Yes,Yes,No,Two year,Yes,Mailed check,77.35,559.62,No
CUST-06005,Male,0,Yes,Yes,34,Yes,Yes,No,No internet service,No internet service,No internet service,No internet service,No internet service,No internet service,One year,Yes,Bank transfer (automatic),25.23,781.84,No
CUST-06006,Female,1,No,No,27,Yes,No,DSL,No,No,Yes,Yes,No,No,Month-to-month,Yes,Electronic check,37.16,1052.27,No
CUST-06007,Female,0,No,No,41,Yes,Yes,No,No internet service,No internet service,No internet service,No internet service,No internet service,No internet service,Two year,No,Credit card (automatic),38.63,1497.87,No
CUST-06008,Male,0,No,No,7,Yes,Yes,Fiber optic,Yes,No,No,No,Yes,No,Two year,Yes,Credit card (automatic),21.89,146.7,No
CUST-06009,Male,0,Yes,No,32,Yes,No,DSL,Yes,Yes,Yes,No,No,No,One year,No,Mailed check,27.56,760.03,No
CUST-06010,Female,1,Yes,Yes,16,Yes,Yes,No,No internet service,No internet service,No internet service,No internet service,No internet service,No internet service,Month-to-month,No,Bank transfer (automatic),61.24,932.4,Yes
CUST-06011,Female,0,Yes,Yes,2,Yes,Yes,Fiber optic,No,No,Yes,Yes,No,No,Month-to-month,No,Mailed check,18.78,35.12,Yes
CUST-06012,Male,0,Yes,No,43,Yes,Yes,Fiber optic,No,No,No,No,No,Yes,Month-to-month,Yes,Credit card (automatic),65.2,2870.97,Yes
CUST-06013,Male,0,No,Yes,31,No,No phone service,Fiber optic,No,No,Yes,No,No,Yes,Month-to-month,Yes,Mailed check,116.85,3457.81,Yes
CUST-06014,Male,0,Yes,No,47,Yes,No,No,No internet service,No internet service,No internet service,No internet service,No internet service,No internet service,Two year,No,Electronic check,64.44,3100.88,No
CUST-06015,Female,0,No,No,33,Yes,Yes,No,No internet service,No internet service,No internet service,No internet service,No internet service,No internet service,Month-to-month,Yes,Electronic check,100.72,3326.96,No
CUST-06016,Female,0,Yes,No,17,Yes,Yes,Fiber optic,No,No,Yes,No,No,Yes,Month-to-month,No,Bank transfer (automatic),18.28,264.93,Yes
CUST-06017,Female,0,No,No,54,Yes,Yes,DSL,Yes,Yes,Yes,No,No,No,Month-to-month,No,Credit card (automatic),93.82,5292.28,Yes
CUST-06018,Female,0,Yes,Yes,54,Yes,Yes,Fiber optic,No,Yes,No,No,No,No,Month-to-month,Yes,Credit card (automatic),64.88,3029.3,No
CUST-06019,Female,0,Yes,No,51,Yes,Yes,No,No internet service,No internet service,No internet service,No internet service,No internet service,No internet service,Month-to-month,No,Credit card (automatic),47.84,2090.94,No
CUST-06020,Male,0,No,No,52,Yes,No,Fiber optic,No,No,Yes,Yes,Yes,Yes,Two year,Yes,Mailed check,18.39,872.15,No
CUST-06021,Male,0,Yes,No,7,Yes,No,No,No internet service,No internet service,No internet service,No internet service,No internet service,No internet service,Two year,No,Electronic check,77.89,509.71,Yes
CUST-06022,Female,0,Yes,No,54,Yes,Yes,Fiber optic,Yes,Yes,Yes,Yes,No,No,One year,Yes,Electronic check,97.19,4695.4,No
CUST-06023,Female,0,Yes,Yes,11,Yes,No,No,No internet service,No internet service,No internet service,No internet service,No internet service,No internet service,Month-to-month,No,Mailed check,35.34,369.08,No
CUST-06024,Male,0,No,No,62,Yes,No,DSL,No,No,No,No,Yes,Yes,One year,Yes,Bank transfer (automatic),98.25,6357.01,No
CUST-06025,Male,0,No,No,30,Yes,No,Fiber optic,Yes,Yes,No,No,No,Yes,Two year,Yes,Electronic check,106.76,3078.18,No
CUST-06026,Male,0,No,No,57,Yes,Yes,Fiber optic,Yes,Yes,No,Yes,Yes,No,Two year,Yes,Electronic check,94.93,4720.31,No
CUST-06027,Male,0,No,No,46,Yes,Yes,Fiber optic,Yes,No,No,No,Yes,Yes,One year,Yes,Electronic check,100.64,4779.33,Yes
CUST-06028,Female,0,No,Yes,70,Yes,No,DSL,No,Yes,No,No,No,Yes,Month-to-month,Yes,Bank transfer (automatic),85.88,5242.13,No
CUST-06029,Male,0,No,Yes,66,Yes,No,No,No internet service,No internet service,No internet service,No internet service,No internet service,No internet service,Two year,No,Electronic check,98.62,6128.13,No
CUST-06030,Female,0,No,No,55,Yes,Yes,No,No internet service,No internet service,No internet service,No internet service,No internet service,No internet service,One year,Yes,Bank transfer (automatic),106.42,5515.64,No
CUST-06031,Male,0,No,No,58,Yes,No,No,No internet service,No internet service,No internet service,No internet service,No internet service,No internet service,Month-to-month,No,Mailed check,71.65,4137.59,No
CUST-06032,Male,0,Yes,No,10,Yes,Yes,DSL,Yes,Yes,No,No,No,No,Month-to-month,No,Credit card (automatic),102.83,1013.84,No
CUST-06033,Male,1,No,No,4,Yes,Yes,DSL,Yes,No,No,Yes,No,Yes,Month-to-month,No,Credit card (automatic),98.57,383.75,No
CUST-06034,Female,0,No,No,62,Yes,No,Fiber optic,No,Yes,No,No,No,No,One year,Yes,Mailed check,37.85,2293.45,No
CUST-06035,Female,0,Yes,No,43,Yes,Yes,Fiber optic,No,No,No,No,No,Yes,Month-to-month,Yes,Credit card (automatic),47.3,2038.17,Yes
CUST-06036,Male,0,Yes,No,42,Yes,No,DSL,Yes,Yes,Yes,No,Yes,No,Month-to-month,No,Mailed check,107.48,3992.55,No
CUST-06037,Female,0,Yes,No,24,Yes,No,Fiber optic,Yes,No,Yes,Yes,Yes,No,One year,Yes,Electronic check,58.42,1465.56,No
CUST-06038,Female,0,Yes,Yes,5,Yes,No,Fiber optic,Yes,Yes,No,Yes,Yes,No,Two year,No,Electronic check,119.71,574.08,Yes
CUST-06039,Male,1,Yes,No,68,Yes,Yes,Fiber optic,Yes,No,Yes,No,No,Yes,Month-to-month,No,Bank transfer (automatic),85.31,5768.02,No
CUST-06040,Male,0,Yes,No,45,Yes,No,Fiber optic,No,No,Yes,Yes,No,No,Two year,No,Electronic check,22.75,988.72,No
CUST-06041,Female,0,Yes,Yes,59,Yes,Yes,Fiber optic,Yes,Yes,No,No,Yes,No,Month-to-month,Yes,Mailed check,57.45,3474.57,No
CUST-06042,Female,0,No,No,65,Yes,No,DSL,No,No,No,Yes,No,No,Two year,Yes,Electronic check,98.75,6209.81,No
CUST-06043,Female,0,Yes,No,63,Yes,Yes,DSL,Yes,Yes,Yes,No,Yes,Yes,Two year,Yes,Electronic check,55.65,3047.11,No
CUST-06044,Male,0,Yes,No,67,Yes,No,No,No internet service,No internet service,No internet service,No internet service,No internet service,No internet service,Month-to-month,No,Bank transfer (automatic),56.39,3871.61,No
CUST-06045,Male,0,Yes,No,49,Yes,No,DSL,Yes,No,No,No,Yes,Yes,Month-to-month,No,Electronic check,53.1,2264.87,No
CUST-06046,Female,0,No,No,32,Yes,Yes,No,No internet service,No internet service,No internet service,No internet service,No internet service,No internet service,One year,No,Electronic check,51.59,1575.47,No
CUST-06047,Male,1,Yes,No,50,Yes,Yes,DSL,No,Yes,No,No,No,Yes,One year,No,Electronic check,37.79,1682.35,No
CUST-06048,Male,0,Yes,No,58,Yes,No,Fiber optic,Yes,Yes,No,Yes,No,Yes,Two year,Yes,Electronic check,37.33,1892.75,No
CUST-06049,Female,0,No,Yes,52,Yes,Yes,DSL,No,Yes,Yes,No,Yes,No,Two year,No,Electronic check,98.99,4501.21,No
CUST-06050,Female,1,Yes,No,23,Yes,No,No,No internet service,No internet service,No internet service,No internet service,No internet service,No internet service,Month-to-month,No,Electronic check,80.79,1901.23,No
CUST-06051,Male,0,Yes,No,30,Yes,No,No,No internet service,No internet service,No internet service,No internet service,No internet service,No internet service,One year,No,Credit card (automatic),45.88,1265.13,No
CUST-06052,Male,0,Yes,No,70,Yes,Yes,DSL,No,Yes,No,No,No,Yes,One year,Yes,Credit card (automatic),97.83,6304.33,No
CUST-06053,Female,0,No,Yes,71,Yes,Yes,DSL,No,No,Yes,Yes,Yes,No,Two year,No,Mailed check,78.75,5518.85,No
CUST-06054,Male,0,No,No,30,Yes,No,Fiber optic,Yes,Yes,No,No,Yes,No,Two year,No,Credit card (automatic),66.65,2032.19,Yes
CUST-06055,Male,0,No,No,37,Yes,No,No,No internet service,No internet service,No internet service,No internet service,No internet service,No internet service,One year,Yes,Electronic check,81.07,3041.25,No
CUST-06056,Female,0,Yes,No,48,No,No phone service,Fiber optic,Yes,Yes,Yes,Yes,Yes,No,Month-to-month,No,Bank transfer (automatic),49.02,2304.82,No
CUST-06057,Female,0,No,No,32,Yes,No,No,No internet service,No internet service,No internet service,No internet service,No internet service,No internet service,One year,No,Credit card (automatic),93.6,2975.9,No
CUST-06058,Male,0,Yes,Yes,70,Yes,Yes,DSL,Yes,No,No,Yes,Yes,Yes,Month-to-month,No,Bank transfer (automatic),42.09,2867.24,No
CUST-06059,Male,1,Yes,No,35,Yes,No,Fiber optic,No,Yes,No,Yes,No,Yes,Month-to-month,Yes,Bank transfer (automatic),74.79,2660.5,No
CUST-06060,Male,0,Yes,No,68,Yes,Yes,Fiber optic,Yes,No,No,Yes,No,Yes,One year,Yes,Electronic check,104.1,6504.89,No
CUST-06061,Female,0,No,No,32,Yes,No,DSL,No,No,No,No,No,No,Month-to-month,No,Mailed check,71.32,2048.56,No
CUST-06062,Male,0,Yes,No,59,Yes,Yes,Fiber optic,Yes,No,No,No,Yes,No,One year,Yes,Electronic check,69.75,3659.82,Yes
CUST-06063,Male,0,No,No,35,Yes,No,No,No internet service,No internet service,No internet service,No internet service,No internet service,No internet service,Two year,No,Electronic check,84.08,2856.63,No
CUST-06064,Female,0,No,Yes,16,Yes,Yes,No,No internet service,No internet service,No internet service,No internet service,No internet service,No internet service,Two year,Yes,Electronic check,50.02,718.22,Yes
CUST-06065,Female,0,Yes,No,52,Yes,No,DSL,Yes,No,Yes,No,Yes,Yes,Month-to-month,Yes,Credit card (automatic),118.89,5415.64,No
CUST-06066,Male,0,Yes,No,66,Yes,Yes,DSL,No,No,Yes,Yes,Yes,Yes,Month-to-month,Yes,Electronic check,89.54,6163.16,No
CUST-06067,Female,0,Yes,Yes,6,No,No phone service,Fiber optic,Yes,No,Yes,No,No,No,One year,Yes,Mailed check,52.26,290.23,Yes
CUST-06068,Female,0,Yes,No,14,Yes,Yes,DSL,Yes,Yes,No,Yes,Yes,No,One year,Yes,Bank transfer (automatic),82.71,1191.31,No
CUST-06069,Male,0,Yes,No,29,Yes,No,No,No internet service,No internet service,No internet service,No internet service,No internet service,No internet service,Month-to-month,Yes,Mailed check,107.56,3090.8,No
CUST-06070,Female,0,No,No,26,Yes,Yes,DSL,No,No,Yes,Yes,No,Yes,Month-to-month,Yes,Bank transfer (automatic),103.93,2485.17,No
CUST-06071,Female,0,Yes,Yes,18,No,No phone service,Fiber optic,Yes,Yes,Yes,No,Yes,Yes,Two year,Yes,Credit card (automatic),114.37,1808.37,No
CUST-06072,Male,0,No,No,4,Yes,No,Fiber optic,Yes,No,Yes,Yes,No,No,Month-to-month,No,Bank transfer (automatic),33.71,137.31,Yes
CUST-06073,Female,0,Yes,No,57,Yes,No,Fiber optic,No,Yes,No,Yes,Yes,Yes,One year,Yes,Bank transfer (automatic),50.46,2957.67,No
CUST-06074,Male,0,No,No,53,Yes,No,DSL,No,No,No,Yes,Yes,Yes,One year,Yes,Electronic check,114.38,5374.37,No
CUST-06075,Male,1,No,No,25,Yes,Yes,DSL,No,No,No,Yes,No,No,Two year,Yes,Credit card (automatic),84.46,2060.18,No
CUST-06076,Female,0,No,Yes,47,Yes,Yes,Fiber optic,No,No,Yes,No,No,Yes,Two year,Yes,Mailed check,111.48,5043.47,No
CUST-06077,Female,0,No,No,52,Yes,Yes,Fiber optic,Yes,Yes,No,No,Yes,No,Month-to-month,Yes,Electronic check,43.99,2369.07,No
CUST-06078,Female,0,Yes,No,34,Yes,Yes,Fiber optic,Yes,No,No,Yes,No,Yes,Month-to-month,No,Credit card (automatic),93.69,3120.26,Yes
CUST-06079,Male,1,Yes,No,16,Yes,No,DSL,No,Yes,Yes,Yes,Yes,Yes,Month-to-month,No,Credit card (automatic),70.54,1020.45,No
CUST-06080,Female,0,No,No,36,Yes,Yes,DSL,No,Yes,No,No,Yes,No,Month-to-month,Yes,Bank transfer (automatic),84.38,3016.83,No
CUST-06081,Male,0,No,No,28,Yes,No,Fiber optic,Yes,No,No,No,No,Yes,One year,Yes,Credit card (automatic),75.76,2027.09,Yes
CUST-06082,Female,0,No,No,65,No,No phone service,No,No internet service,No internet service,No internet service,No internet service,No internet service,No internet service,Month-to-month,No,Electronic check,92.59,5533.62,Yes
CUST-06083,Female,0,Yes,No,72,Yes,No,DSL,No,Yes,Yes,No,Yes,Yes,Month-to-month,Yes,Bank transfer (automatic),38.97,2725.97,Yes
CUST-06084,Female,0,Yes,No,53,Yes,No,DSL,No,No,No,No,No,Yes,Month-to-month,Yes,Mailed check,117.51,6492.47,No
CUST-06085,Male,0,Yes,No,42,Yes,Yes,DSL,No,No,Yes,Yes,Yes,No,Month-to-month,Yes,Electronic check,70.05,2981.78,Yes
CUST-06086,Female,0,No,No,19,Yes,Yes,DSL,Yes,No,No,No,No,Yes,Month-to-month,No,Bank transfer (automatic),101.65,1928.42,No
CUST-06087,Female,0,No,No,44,Yes,Yes,DSL,No,Yes,No,Yes,Yes,No,Month-to-month,Yes,Bank transfer (automatic),20.07,764.1,Yes
CUST-06088,Male,0,No,Yes,30,Yes,No,Fiber optic,Yes,Yes,Yes,No,Yes,No,One year,Yes,Electronic check,33.46,877.49,Yes
CUST-06089,Male,1,No,No,44,Yes,No,No,No internet service,No internet service,No internet service,No internet service,No internet service,No internet service,Two year,No,Electronic check,51.98,2224.14,Yes
CUST-06090,Female,0,No,Yes,27,Yes,Yes,DSL,No,No,Yes,Yes,No,No,Month-to-month,No,Electronic check,90.37,2089.47,Yes
CUST-06091,Female,0,No,No,34,Yes,No,Fiber optic,No,No,No,Yes,Yes,No,Two year,Yes,Electronic check,49.5,1646.84,No
CUST-06092,Female,0,Yes,No,24,No,No phone service,Fiber optic,Yes,No,No,No,No,Yes,Month-to-month,No,Bank transfer (automatic),97.22,2124.19,Yes
CUST-06093,Male,1,No,Yes,56,Yes,Yes,No,No internet service,No internet service,No internet service,No internet service,No internet service,No internet service,Month-to-month,Yes,Mailed check,31.41,1551.74,No
CUST-06094,Male,1,Yes,No,7,Yes,Yes,No,No internet service,No internet service,No internet service,No internet service,No internet service,No internet service,Two year,Yes,Mailed check,63.28,380.61,No
CUST-06095,Male,0,No,No,68,Yes,Yes,No,No internet service,No internet service,No internet service,No internet service,No internet service,No internet service,Two year,Yes,Mailed check,50.55,3067.21,No
CUST-06096,Male,0,Yes,Yes,51,Yes,No,Fiber optic,No,No,No,Yes,Yes,No,Month-to-month,No,Credit card (automatic),28.03,1414.06,No
CUST-06097,Female,0,No,No,8,Yes,Yes,No,No internet service,No internet service,No internet service,No internet service,No internet service,No internet service,One year,Yes,Electronic check,91.98,691.62,No
CUST-06098,Male,1,No,No,56,Yes,No,Fiber optic,No,Yes,No,No,No,Yes,One year,No,Electronic check,107.55,5158.85,No
CUST-06099,Male,0,No,No,58,Yes,No,DSL,No,No,No,No,Yes,Yes,One year,No,Mailed check,107.24,5372.87,No
CUST-06100,Male,0,No,No,69,Yes,No,No,No internet service,No internet service,No internet service,No internet service,No internet service,No internet service,One year,Yes,Credit card (automatic),45.15,3011.71,No
CUST-06101,Female,0,No,Yes,8,Yes,No,Fiber optic,No,No,No,No,No,Yes,Month-to-month,No,Bank transfer (automatic),116.65,949.48,Yes
CUST-06102,Female,1,No,Yes,66,Yes,No,DSL,No,Yes,No,No,No,No,Month-to-month,No,Credit card (automatic),99.67,6375.72,Yes
CUST-06103,Male,0,Yes,No,24,Yes,Yes,No,No internet service,No internet service,No internet service,No internet service,No internet service,No internet service,Month-to-month,No,Bank transfer (automatic),42.39,943.12,No
CUST-06104,Male,0,No,No,42,No,No phone service,Fiber optic,Yes,No,No,Yes,Yes,Yes,Month-to-month,No,Electronic check,107.43,4229.12,No
CUST-06105,Female,0,Yes,No,54,Yes,Yes,DSL,Yes,No,Yes,Yes,No,No,Month-to-month,Yes,Electronic check,37.51,1883.73,No
CUST-06106,Female,0,No,No,16,Yes,Yes,Fiber optic,No,No,No,No,Yes,No,Month-to-month,Yes,Mailed check,33.12,545.48,Yes
CUST-06107,Female,0,No,No,4,Yes,Yes,Fiber optic,Yes,No,Yes,No,Yes,No,Month-to-month,Yes,Electronic check,107.76,379.55,Yes
CUST-06108,Female,1,No,No,59,Yes,Yes,Fiber optic,Yes,No,Yes,No,No,Yes,Month-to-month,Yes,Mailed check,112.3,6137.55,Yes
CUST-06109,Female,1,No,No,46,Yes,No,DSL,No,No,No,Yes,No,No,Month-to-month,Yes,Electronic check,64.15,2690.2,No
CUST-06110,Female,1,No,Yes,13,Yes,No,No,No internet service,No internet service,No internet service,No internet service,No internet service,No internet service,Month-to-month,No,Bank transfer (automatic),84.63,1064.81,No
CUST-06111,Female,0,No,Yes,37,Yes,Yes,No,No internet service,No internet service,No internet service,No internet service,No internet service,No internet service,Two year,Yes,Electronic check,50.67,1853.08,No
CUST-06112,Female,0,No,No,54,Yes,Yes,DSL,Yes,No,No,Yes,No,Yes,Month-to-month,No,Bank transfer (automatic),96.04,4944.89,No
CUST-06113,Male,1,No,No,49,Yes,Yes,DSL,No,No,Yes,Yes,Yes,No,Two year,Yes,Bank transfer (automatic),103.4,5311.28,No
CUST-06114,Male,0,No,Yes,58,No,No phone service,DSL,Yes,No,No,No,Yes,Yes,Month-to-month,Yes,Mailed check,38.48,2010.53,No
CUST-06115,Male,0,Yes,No,19,Yes,Yes,No,No internet service,No internet service,No internet service,No internet service,No internet service,No internet service,Month-to-month,No,Electronic check,88.69,1438.58,No
CUST-06116,Male,1,No,No,18,Yes,Yes,No,No internet service,No internet service,No internet service,No internet service,No internet service,No internet service,Two year,Yes,Bank transfer (automatic),108.45,1941.74,No
CUST-06117,Male,0,No,Yes,60,Yes,No,Fiber optic,Yes,Yes,No,No,No,No,Month-to-month,No,Credit card (automatic),96.3,5194.19,No
CUST-06118,Male,0,No,No,17,Yes,No,No,No internet service,No internet service,No internet service,No internet service,No internet service,No internet service,Month-to-month,No,Credit card (automatic),98.89,1755.32,No
CUST-06119,Female,0,No,Yes,11,Yes,No,Fiber optic,Yes,Yes,No,No,No,No,Month-to-month,Yes,Electronic check,41.48,461.17,No
CUST-06120,Female,0,Yes,No,15,Yes,No,Fiber optic,No,No,No,No,No,Yes,One year,No,Credit card (automatic),102.25,1495.75,Yes
CUST-06121,Male,0,Yes,Yes,72,Yes,Yes,Fiber optic,No,No,No,Yes,No,Yes,Month-to-month,Yes,Electronic check,69.82,4981.15,No
CUST-06122,Male,0,No,No,17,Yes,No,DSL,No,No,No,No,Yes,No,Month-to-month,Yes,Electronic check,19.22,329.99,No
CUST-06123,Female,0,No,Yes,5,Yes,No,DSL,Yes,Yes,Yes,No,No,Yes,Month-to-month,Yes,Mailed check,86.12,424.95,No
CUST-06124,Female,0,No,No,61,No,No phone service,Fiber optic,Yes,Yes,No,Yes,No,No,Two year,Yes,Mailed check,97.14,5408.94,No
CUST-06125,Female,0,Yes,No,4,Yes,No,DSL,No,No,Yes,No,No,Yes,One year,Yes,Bank transfer (automatic),97.74,371.91,Yes
CUST-06126,Male,0,No,No,56,Yes,Yes,DSL,No,No,No,Yes,No,No,Month-to-month,No,Mailed check,113.16,5784.67,No
CUST-06127,Female,1,No,No,48,Yes,Yes,DSL,No,Yes,No,Yes,Yes,Yes,Month-to-month,No,Electronic check,26.76,1272.33,No
CUST-06128,Male,0,Yes,No,48,Yes,Yes,Fiber optic,No,Yes,No,Yes,No,No,One year,Yes,Electronic check,37.16,1519.1,No
CUST-06129,Male,0,Yes,Yes,35,No,No phone service,No,No internet service,No internet service,No internet service,No internet service,No internet service,No internet service,Month-to-month,No,Bank transfer (automatic),112.47,3649.56,No
CUST-06130,Female,0,Yes,No,33,Yes,Yes,No,No internet service,No internet service,No internet service,No internet service,No internet service,No internet service,Month-to-month,Yes,Electronic check,94.56,2751.37,Yes
CUST-06131,Female,1,Yes,No,21,Yes,No,Fiber optic,No,No,No,No,No,No,Month-to-month,Yes,Bank transfer (automatic),60.54,1322.04,No
CUST-06132,Male,0,Yes,No,5,Yes,Yes,No,No internet service,No internet service,No internet service,No internet service,No internet service,No internet service,Month-to-month,No,Bank transfer (automatic),32.12,159.61,No
CUST-06133,Female,0,Yes,No,64,Yes,No,Fiber optic,No,No,No,Yes,Yes,No,One year,No,Bank transfer (automatic),103.4,6291.28,No
CUST-06134,Female,1,No,No,69,Yes,Yes,DSL,No,No,No,No,No,No,Two year,No,Bank transfer (automatic),49.7,3080.99,No
CUST-06135,Male,0,Yes,No,21,No,No phone service,Fiber optic,No,Yes,No,No,No,Yes,One year,Yes,Electronic check,103.07,1848.12,No
CUST-06136,Female,1,Yes,No,32,Yes,Yes,DSL,No,No,No,No,No,Yes,Two year,No,Mailed check,74.84,2397.62,No
CUST-06137,Male,1,Yes,No,18,Yes,No,Fiber optic,Yes,No,Yes,No,Yes,No,One year,Yes,Mailed check,72.77,1243.4,No
CUST-06138,Male,1,Yes,No,58,Yes,Yes,DSL,Yes,No,No,No,No,Yes,One year,Yes,Credit card (automatic),79.47,4000.4,No
CUST-06139,Female,0,No,No,24,Yes,No,Fiber optic,No,No,Yes,No,Yes,No,Two year,No,Electronic check,60.81,1408.38,No
CUST-06140,Male,0,Yes,No,5,No,No phone service,DSL,No,No,No,No,Yes,Yes,Month-to-month,Yes,Credit card (automatic),29.22,125.35,No
CUST-06141,Male,1,No,No,53,Yes,No,DSL,Yes,Yes,No,No,Yes,No,Month-to-month,Yes,Credit card (automatic),77.75,3859.65,No
CUST-06142,Female,0,No,No,55,Yes,Yes,No,No internet service,No internet service,No internet service,No internet service,No internet service,No internet service,Month-to-month,Yes,Bank transfer (automatic),61.01,3147.37,Yes
CUST-06143,Female,0,Yes,No,5,Yes,No,DSL,Yes,No,No,Yes,No,Yes,Two year,No,Bank transfer (automatic),64.83,331.52,No
CUST-06144,Female,0,No,No,69,Yes,Yes,Fiber optic,Yes,Yes,Yes,No,Yes,No,Month-to-month,Yes,Mailed check,79.23,5726.39,Yes
CUST-06145,Male,0,No,No,41,Yes,Yes,DSL,No,Yes,No,No,No,No,One year,No,Electronic check,32.49,1170.64,No
CUST-06146,Male,0,Yes,Yes,7,Yes,Yes,DSL,No,Yes,Yes,No,Yes,Yes,One year,Yes,Mailed check,42.42,294.09,No
CUST-06147,Female,0,No,Yes,1,Yes,Yes,Fiber optic,Yes,No,No,Yes,No,Yes,One year,No,Electronic check,47.31,48.46,Yes
CUST-06148,Male,0,No,No,52,Yes,Yes,Fiber optic,No,Yes,Yes,No,Yes,Yes,One year,No,Mailed check,56.47,2748.56,No
CUST-06149,Female,0,No,No,26,Yes,Yes,DSL,No,Yes,Yes,No,No,No,Month-to-month,No,Bank transfer (automatic),27.93,664.69,No
CUST-06150,Female,0,Yes,No,63,Yes,No,No,No internet service,No internet service,No internet service,No internet service,No internet service,No internet service,Two year,Yes,Mailed check,33.95,1826.58,No
CUST-06151,Male,0,No,No,12,No,No phone service,Fiber optic,Yes,No,Yes,Yes,No,No,Month-to-month,Yes,Electronic check,44.01,508.42,Yes
CUST-06152,Female,0,Yes,No,70,Yes,Yes,DSL,Yes,Yes,No,No,No,No,One year,Yes,Bank transfer (automatic),88.86,5511.67,No
CUST-06153,Male,0,Yes,No,19,Yes,No,DSL,Yes,No,Yes,Yes,Yes,No,One year,Yes,Credit card (automatic),86.4,1419.76,No
CUST-06154,Male,0,Yes,No,4,Yes,No,Fiber optic,Yes,Yes,Yes,Yes,Yes,Yes,Month-to-month,Yes,Bank transfer (automatic),18.93,64.42,No
CUST-06155,Female,0,No,Yes,5,Yes,Yes,Fiber optic,No,No,Yes,Yes,No,No,Month-to-month,No,Bank transfer (automatic),25.21,131.37,No
CUST-06156,Male,0,No,No,54,Yes,Yes,DSL,No,No,No,Yes,No,Yes,Two year,Yes,Mailed check,68.9,3800.98,No
CUST-06157,Female,0,Yes,No,70,No,No phone service,Fiber optic,Yes,Yes,Yes,Yes,No,Yes,Month-to-month,Yes,Bank transfer (automatic),61.36,4477.55,No
CUST-06158,Male,0,Yes,No,57,Yes,No,DSL,Yes,No,No,No,No,Yes,One year,Yes,Electronic check,48.02,2842.1,No
CUST-06159,Male,0,No,No,52,Yes,Yes,DSL,No,No,Yes,No,No,Yes,Month-to-month,Yes,Bank transfer (automatic),69.07,3502.05,No
CUST-06160,Male,0,No,No,18,Yes,No,DSL,No,No,No,Yes,No,Yes,Month-to-month,No,Electronic check,38.4,671.32,No
CUST-06161,Female,0,Yes,Yes,64,Yes,No,No,No internet service,No internet service,No internet service,No internet service,No internet service,No internet service,Two year,Yes,Bank transfer (automatic),31.79,2074.08,No
CUST-06162,Male,1,No,Yes,10,Yes,Yes,Fiber optic,No,Yes,No,No,No,No,Month-to-month,No,Mailed check,25.11,260.97,No
CUST-06163,Female,0,Yes,Yes,23,Yes,No,No,No internet service,No internet service,No internet service,No internet service,No internet service,No internet service,Two year,Yes,Electronic check,25.32,563.65,No
CUST-06164,Male,1,No,No,68,Yes,No,DSL,No,No,No,Yes,Yes,Yes,Month-to-month,No,Electronic check,38.16,2267.87,Yes
CUST-06165,Male,0,No,Yes,52,Yes,No,DSL,Yes,No,No,Yes,No,No,Month-to-month,Yes,Bank transfer (automatic),98.69,4497.17,No
CUST-06166,Female,0,Yes,Yes,47,Yes,No,DSL,No,No,No,No,Yes,Yes,One year,No,Electronic check,99.86,4608.87,No
CUST-06167,Female,0,No,No,70,Yes,No,Fiber optic,Yes,Yes,Yes,Yes,No,No,Month-to-month,No,Electronic check,111.07,6734.27,No
CUST-06168,Female,0,No,No,26,Yes,No,DSL,No,Yes,Yes,No,No,Yes,Two year,Yes,Bank transfer (automatic),85.45,2160.24,No
CUST-06169,Female,0,Yes,No,70,Yes,Yes,DSL,No,No,No,No,No,Yes,Month-to-month,Yes,Electronic check,56.34,4112.51,No
CUST-06170,Female,0,Yes,No,43,Yes,Yes,DSL,No,Yes,No,No,Yes,No,One year,Yes,Electronic check,31.11,1137.95,No
CUST-06171,Male,0,Yes,No,69,Yes,Yes,No,No internet service,No internet service,No internet service,No internet service,No internet service,No internet service,One year,No,Mailed check,40.35,2469.96,No
CUST-06172,Male,0,Yes,Yes,63,Yes,No,Fiber optic,No,No,No,No,Yes,No,One year,No,Credit card (automatic),62.84,4112.96,Yes
CUST-06173,Female,0,No,No,66,No,No phone service,DSL,Yes,Yes,No,Yes,No,Yes,Month-to-month,Yes,Electronic check,43.42,2716.04,No
CUST-06174,Male,0,Yes,No,63,Yes,Yes,Fiber optic,No,No,No,Yes,No,No,Two year,No,Credit card (automatic),50.14,2866.21,No
CUST-06175,Male,1,No,No,13,No,No phone service,Fiber optic,No,No,Yes,Yes,No,No,Two year,Yes,Mailed check,114.3,1336.96,No
CUST-06176,Male,0,Yes,No,51,Yes,Yes,DSL,Yes,Yes,No,No,No,No,Two year,Yes,Electronic check,57.37,2992.53,No
CUST-06177,Female,0,No,No,5,Yes,No,DSL,Yes,No,Yes,Yes,Yes,Yes,Two year,No,Credit card (automatic),33.61,157.28,No
CUST-06178,Male,0,Yes,No,47,Yes,No,No,No internet service,No internet service,No internet service,No internet service,No internet service,No internet service,Month-to-month,Yes,Electronic check,53.3,2447.82,Yes
CUST-06179,Male,0,Yes,No,36,Yes,No,DSL,No,No,No,No,Yes,No,One year,Yes,Mailed check,21.9,719.01,No
CUST-06180,Male,0,Yes,No,36,Yes,Yes,No,No internet service,No internet service,No internet service,No internet service,No internet service,No internet service,Two year,Yes,Bank transfer (automatic),80.9,2793.0,No
CUST-06181,Female,0,No,No,50,Yes,Yes,DSL,Yes,No,Yes,No,Yes,Yes,Two year,No,Bank transfer (automatic),91.5,4617.11,No
CUST-06182,Male,0,Yes,No,56,Yes,Yes,Fiber optic,No,Yes,Yes,No,Yes,Yes,Month-to-month,Yes,Electronic check,59.15,3039.83,Yes
CUST-06183,Male,1,Yes,No,19,Yes,Yes,DSL,Yes,No,No,Yes,No,No,Two year,Yes,Electronic check,74.23,1311.04,No
CUST-06184,Female,0,No,Yes,20,Yes,Yes,Fiber optic,Yes,No,No,No,Yes,Yes,Month-to-month,Yes,Credit card (automatic),107.13,2011.17,Yes
CUST-06185,Female,1,No,No,22,Yes,No,No,No internet service,No internet service,No internet service,No internet service,No internet service,No internet service,One year,Yes,Mailed check,38.98,831.65,No
CUST-06186,Male,1,No,Yes,31,Yes,No,Fiber optic,Yes,No,No,Yes,No,No,One year,Yes,Mailed check,34.79,982.34,Yes
CUST-06187,Male,1,Yes,No,62,Yes,No,DSL,No,Yes,Yes,No,No,No,Two year,No,Mailed check,44.38,2584.11,No
CUST-06188,Female,0,Yes,No,44,Yes,No,DSL,No,Yes,No,No,No,No,Two year,Yes,Electronic check,40.37,1704.47,No
CUST-06189,Female,0,No,No,68,Yes,Yes,No,No internet service,No internet service,No internet service,No internet service,No internet service,No internet service,Two year,No,Mailed check,107.29,6718.78,No
CUST-06190,Female,0,No,No,67,Yes,Yes,Fiber optic,Yes,No,No,No,Yes,No,Two year,No,Electronic check,22.67,1293.2,Yes
CUST-06191,Female,0,Yes,No,49,Yes,Yes,DSL,Yes,Yes,Yes,Yes,Yes,Yes,Month-to-month,Yes,Electronic check,26.6,1178.24,No
CUST-06192,Female,0,Yes,No,59,Yes,No,No,No internet service,No internet service,No internet service,No internet service,No internet service,No internet service,Month-to-month,Yes,Credit card (automatic),113.94,6811.12,Yes
CUST-06193,Female,0,No,No,4,Yes,Yes,Fiber optic,Yes,No,Yes,Yes,No,Yes,Month-to-month,Yes,Credit card (automatic),58.02,210.43,Yes
CUST-06194,Female,0,Yes,No,39,Yes,Yes,DSL,Yes,Yes,Yes,Yes,No,Yes,Month-to-month,No,Electronic check,68.54,2711.74,No
CUST-06195,Male,0,No,Yes,7,Yes,No,Fiber optic,Yes,No,Yes,No,Yes,No,Two year,Yes,Electronic check,77.17,503.35,Yes
CUST-06196,Female,0,Yes,No,71,Yes,No,Fiber optic,No,No,Yes,No,No,No,Month-to-month,Yes,Credit card (automatic),97.8,7105.27,No
CUST-06197,Female,0,No,No,49,Yes,Yes,No,No internet service,No internet service,No internet service,No internet service,No internet service,No internet service,Two year,Yes,Bank transfer (automatic),90.63,4108.17,No
CUST-06198,Male,0,No,Yes,15,Yes,Yes,Fiber optic,No,Yes,No,No,No,No,Two year,Yes,Electronic check,55.99,762.99,No
CUST-06199,Female,0,Yes,No,7,No,No phone service,No,No internet service,No internet service,No internet service,No internet service,No internet service,No internet service,Two year,No,Electronic check,99.78,626.88,No
CUST-06200,Female,0,Yes,Yes,47,No,No phone service,No,No internet service,No internet service,No internet service,No internet service,No internet service,No internet service,Two year,Yes,Bank transfer (automatic),94.15,4029.16,No
CUST-06201,Male,0,No,No,68,Yes,No,Fiber optic,No,No,No,Yes,Yes,No,One year,Yes,Bank transfer (automatic),107.65,6512.52,No
CUST-06202,Female,0,Yes,Yes,45,Yes,No,DSL,No,Yes,No,No,No,Yes,Month-to-month,No,Credit card (automatic),43.69,1966.26,No
CUST-06203,Male,0,No,No,19,Yes,No,No,No internet service,No internet service,No internet service,No internet service,No internet service,No internet service,Month-to-month,No,Bank transfer (automatic),27.68,550.31,No
CUST-06204,Male,0,No,No,47,Yes,No,Fiber optic,Yes,No,Yes,No,No,Yes,Month-to-month,No,Credit card (automatic),28.79,1257.66,No
CUST-06205,Male,0,No,No,53,Yes,No,No,No internet service,No internet service,No internet service,No internet service,No internet service,No internet service,Month-to-month,Yes,Mailed check,73.56,3573.71,No
CUST-06206,Male,0,Yes,No,27,Yes,Yes,DSL,Yes,No,No,No,No,Yes,One year,Yes,Electronic check,44.72,1180.29,No
CUST-06207,Female,0,Yes,No,5,Yes,Yes,No,No internet service,No internet service,No internet service,No internet service,No internet service,No internet service,One year,Yes,Electronic check,22.57,105.64,No
CUST-06208,Male,0,No,No,60,Yes,Yes,No,No internet service,No internet service,No internet service,No internet service,No internet service,No internet service,Month-to-month,No,Electronic check,103.35,5330.48,No
CUST-06209,Male,0,Yes,No,62,Yes,No,No,No internet service,No internet service,No internet service,No internet service,No internet service,No internet service,Two year,Yes,Electronic check,105.97,6037.11,No
CUST-06210,Female,0,No,No,59,Yes,No,DSL,No,No,No,Yes,Yes,Yes,Two year,No,Bank transfer (automatic),55.42,3302.58,No
CUST-06211,Male,1,No,Yes,61,Yes,Yes,Fiber optic,Yes,Yes,No,No,No,No,Month-to-month,No,Mailed check,31.39,1653.87,Yes
CUST-06212,Male,0,Yes,Yes,56,Yes,Yes,DSL,Yes,No,No,Yes,Yes,Yes,Month-to-month,Yes,Credit card (automatic),43.36,2189.56,No
CUST-06213,Male,0,Yes,No,47,Yes,No,DSL,No,No,No,Yes,Yes,Yes,Month-to-month,Yes,Electronic check,87.12,4278.77,No
CUST-06214,Male,0,Yes,No,48,Yes,No,DSL,No,No,Yes,Yes,No,No,Month-to-month,Yes,Mailed check,88.15,3836.09,No
CUST-06215,Female,0,No,Yes,10,No,No phone service,No,No internet service,No internet service,No internet service,No internet service,No internet service,No internet service,Two year,Yes,Bank transfer (automatic),89.59,914.09,No
CUST-06216,Male,0,Yes,Yes,32,Yes,Yes,Fiber optic,No,Yes,No,Yes,Yes,No,One year,No,Credit card (automatic),105.22,3467.47,No
CUST-06217,Female,0,Yes,No,65,Yes,No,DSL,No,Yes,Yes,Yes,No,Yes,One year,Yes,Bank transfer (automatic),108.16,6934.55,No
CUST-06218,Female,0,No,No,24,Yes,No,No,No internet service,No internet service,No internet service,No internet service,No internet service,No internet service,Month-to-month,No,Electronic check,118.92,2696.76,No
CUST-06219,Male,0,Yes,No,29,Yes,No,Fiber optic,No,Yes,Yes,No,No,No,One year,Yes,Mailed check,54.03,1631.28,Yes
CUST-06220,Male,0,Yes,No,7,Yes,No,No,No internet service,No internet service,No internet service,No internet service,No internet service,No internet service,Month-to-month,Yes,Credit card (automatic),111.09,810.84,Yes
CUST-06221,Male,0,Yes,Yes,17,Yes,Yes,No,No internet service,No internet service,No internet service,No internet service,No internet service,No internet service,One year,No,Credit card (automatic),83.48,1386.86,No
CUST-06222,Male,0,No,No,25,No,No phone service,Fiber optic,Yes,No,Yes,Yes,Yes,Yes,Month-to-month,No,Electronic check,30.48,761.32,No
CUST-06223,Female,0,Yes,No,36,Yes,No,DSL,No,No,Yes,Yes,Yes,No,Month-to-month,Yes,Electronic check,78.51,2900.22,Yes
CUST-06224,Female,0,No,No,61,Yes,No,No,No internet service,No internet service,No internet service,No internet service,No internet service,No internet service,Month-to-month,No,Bank transfer (automatic),56.66,3011.9,No
CUST-06225,Female,0,No,No,71,Yes,No,DSL,No,No,No,No,No,Yes,Month-to-month,Yes,Bank transfer (automatic),25.53,1745.63,No
CUST-06226,Male,0,No,No,35,Yes,No,Fiber optic,No,Yes,Yes,No,Yes,Yes,One year,Yes,Electronic check,43.21,1546.7,Yes
CUST-06227,Female,0,No,No,50,Yes,No,No,No internet service,No internet service,No internet service,No internet service,No internet service,No internet service,One year,Yes,Mailed check,90.72,4684.0,No
CUST-06228,Male,1,Yes,Yes,56,Yes,No,DSL,No,No,No,No,Yes,No,Two year,No,Mailed check,53.49,3145.0,No
CUST-06229,Male,1,Yes,Yes,65,Yes,No,Fiber optic,Yes,Yes,No,Yes,No,Yes,Two year,Yes,Electronic check,83.84,5430.94,No
CUST-06230,Male,0,Yes,Yes,41,Yes,No,Fiber optic,No,Yes,No,Yes,No,No,One year,Yes,Mailed check,110.7,4047.76,No
CUST-06231,Male,0,No,No,25,Yes,Yes,DSL,Yes,Yes,No,No,No,Yes,Month-to-month,Yes,Electronic check,78.22,1910.26,No
CUST-06232,Male,0,Yes,No,34,Yes,Yes,DSL,No,No,No,Yes,No,No,Month-to-month,Yes,Bank transfer (automatic),115.22,4105.14,No
CUST-06233,Female,0,Yes,No,8,Yes,No,No,No internet service,No internet service,No internet service,No internet service,No internet service,No internet service,One year,Yes,Electronic check,53.02,410.38,No
CUST-06234,Female,1,Yes,No,56,Yes,Yes,DSL,No,No,No,No,Yes,Yes,Month-to-month,Yes,Electronic check,107.38,5575.09,Yes
CUST-06235,Male,0,Yes,No,30,Yes,Yes,No,No internet service,No internet service,No internet service,No internet service,No internet service,No internet service,Month-to-month,No,Credit card (automatic),116.27,3154.18,Yes
CUST-06236,Female,0,No,Yes,68,Yes,Yes,Fiber optic,Yes,No,Yes,No,Yes,No,Month-to-month,Yes,Mailed check,70.84,4430.85,No
CUST-06237,Male,0,No,Yes,21,Yes,Yes,Fiber optic,Yes,No,Yes,Yes,No,Yes,Month-to-month,Yes,Bank transfer (automatic),55.09,1153.66,Yes
CUST-06238,Male,0,Yes,Yes,10,Yes,No,No,No internet service,No internet service,No internet service,No internet service,No internet service,No internet service,Two year,Yes,Bank transfer (automatic),53.8,479.94,No
CUST-06239,Male,1,No,No,33,Yes,No,Fiber optic,Yes,No,Yes,No,No,Yes,Month-to-month,Yes,Electronic check,61.27,1977.78,No
CUST-06240,Female,0,No,Yes,4,Yes,No,Fiber optic,Yes,Yes,Yes,No,No,No,Month-to-month,No,Electronic check,85.4,333.19,No
CUST-06241,Male,0,No,No,23,Yes,No,DSL,No,No,No,Yes,No,No,Month-to-month,No,Bank transfer (automatic),62.74,1302.78,No
CUST-06242,Male,0,No,No,69,Yes,Yes,Fiber optic,No,No,Yes,Yes,No,No,Month-to-month,Yes,Electronic check,95.82,6286.65,Yes
CUST-06243,Female,0,Yes,Yes,53,Yes,Yes,Fiber optic,Yes,No,No,Yes,Yes,Yes,Month-to-month,Yes,Mailed check,88.42,4795.4,No
CUST-06244,Female,0,Yes,Yes,5,Yes,Yes,DSL,No,No,No,Yes,No,Yes,Month-to-month,Yes,Credit card (automatic),51.17,258.17,Yes
CUST-06245,Female,0,No,No,18,Yes,Yes,Fiber optic,Yes,No,Yes,No,Yes,Yes,One year,Yes,Electronic check,100.19,1744.32,No
CUST-06246,Male,0,No,Yes,17,Yes,No,Fiber optic,Yes,No,Yes,No,Yes,No,One year,Yes,Mailed check,95.31,1593.45,Yes
CUST-06247,Male,0,No,Yes,58,Yes,No,No,No internet service,No internet service,No internet service,No internet service,No internet service,No internet service,Two year,No,Electronic check,81.04,4028.21,No
CUST-06248,Female,0,No,No,67,Yes,No,Fiber optic,No,Yes,Yes,Yes,Yes,No,Month-to-month,Yes,Bank transfer (automatic),37.06,2154.9,No
CUST-06249,Male,0,No,No,72,Yes,Yes,No,No internet service,No internet service,No internet service,No internet service,No internet service,No internet service,Month-to-month,No,Electronic check,69.63,4637.14,No
CUST-06250,Female,0,No,Yes,56,Yes,No,Fiber optic,No,Yes,No,Yes,No,No,Month-to-month,No,Mailed check,64.18,3330.76,Yes
CUST-06251,Female,0,No,No,40,Yes,No,No,No internet service,No internet service,No internet service,No internet service,No internet service,No internet service,One year,No,Mailed check,20.03,728.75,No
CUST-06252,Male,0,Yes,Yes,2,No,No phone service,Fiber optic,Yes,No,Yes,Yes,No,Yes,Month-to-month,Yes,Mailed check,119.13,233.52,No
CUST-06253,Male,0,No,No,21,Yes,Yes,Fiber optic,No,No,Yes,Yes,No,Yes,Month-to-month,Yes,Electronic check,90.24,1840.83,Yes
CUST-06254,Female,0,No,No,52,Yes,No,Fiber optic,No,No,No,Yes,No,Yes,Month-to-month,No,Bank transfer (automatic),55.73,2860.02,No
CUST-06255,Female,0,No,No,24,No,No phone service,Fiber optic,Yes,Yes,No,Yes,Yes,No,Month-to-month,No,Mailed check,76.86,1653.17,No
CUST-06256,Female,0,Yes,No,53,Yes,No,No,No internet service,No internet service,No internet service,No internet service,No internet service,No internet service,One year,Yes,Mailed check,108.85,4906.82,No
CUST-06257,Female,0,Yes,No,38,Yes,No,DSL,Yes,Yes,No,Yes,Yes,Yes,One year,No,Mailed check,21.87,867.16,No
CUST-06258,Male,0,No,No,20,Yes,Yes,DSL,No,Yes,Yes,No,No,Yes,One year,Yes,Bank transfer (automatic),44.39,891.81,No
CUST-06259,Female,0,No,Yes,50,Yes,No,No,No internet service,No internet service,No internet service,No internet service,No internet service,No internet service,Month-to-month,No,Mailed check,114.68,5397.99,No
CUST-06260,Female,1,No,No,39,Yes,Yes,Fiber optic,No,No,No,No,Yes,Yes,One year,Yes,Credit card (automatic),19.6,656.43,No
CUST-06261,Female,0,Yes,No,60,Yes,No,DSL,No,Yes,Yes,Yes,Yes,No,Month-to-month,No,Mailed check,77.27,4125.41,No
CUST-06262,Male,0,Yes,No,39,Yes,No,Fiber optic,No,Yes,No,Yes,No,Yes,Two year,Yes,Credit card (automatic),72.73,2441.04,No
CUST-06263,Male,0,Yes,No,71,Yes,No,Fiber optic,No,No,No,No,Yes,Yes,Month-to-month,Yes,Bank transfer (automatic),117.96,7918.21,Yes
CUST-06264,Female,0,No,No,33,Yes,No,Fiber optic,No,Yes,No,No,No,Yes,Two year,Yes,Credit card (automatic),61.86,1823.84,No
CUST-06265,Male,0,Yes,Yes,29,Yes,No,No,No internet service,No internet service,No internet service,No internet service,No internet service,No internet service,Month-to-month,Yes,Bank transfer (automatic),117.53,3264.24,No
CUST-06266,Male,0,No,No,10,Yes,Yes,Fiber optic,No,Yes,Yes,Yes,Yes,No,Month-to-month,Yes,Electronic check,19.19,165.5,Yes
CUST-06267,Male,0,Yes,Yes,67,No,No phone service,Fiber optic,Yes,Yes,No,Yes,No,Yes,Two year,No,Electronic check,52.63,3498.59,No
CUST-06268,Female,0,No,Yes,3,Yes,No,No,No internet service,No internet service,No internet service,No internet service,No internet service,No internet service,One year,Yes,Bank transfer (automatic),45.45,118.64,No
CUST-06269,Female,0,No,Yes,31,Yes,No,No,No internet service,No internet service,No internet service,No internet service,No internet service,No internet service,Month-to-month,No,Bank transfer (automatic),32.92,930.6,No
CUST-06270,Male,0,No,No,27,Yes,Yes,DSL,Yes,Yes,No,Yes,No,No,Month-to-month,Yes,Mailed check,119.57,3160.72,No
CUST-06271,Female,0,Yes,Yes,70,Yes,Yes,Fiber optic,Yes,Yes,No,No,Yes,Yes,One year,Yes,Mailed check,117.16,7147.49,No
CUST-06272,Female,0,No,No,27,Yes,No,Fiber optic,No,Yes,No,No,Yes,No,One year,No,Bank transfer (automatic),32.69,922.97,No
CUST-06273,Male,0,Yes,No,9,Yes,Yes,No,No internet service,No internet service,No internet service,No internet service,No internet service,No internet service,Month-to-month,Yes,Mailed check,71.37,570.55,No
CUST-06274,Male,0,Yes,Yes,6,Yes,No,No,No internet service,No internet service,No internet service,No internet service,No internet service,No internet service,Month-to-month,No,Electronic check,27.74,142.68,No
CUST-06275,Female,1,Yes,Yes,6,No,No phone service,Fiber optic,No,Yes,Yes,Yes,No,Yes,Month-to-month,No,Credit card (automatic),30.63,180.79,No
CUST-06276,Male,1,No,Yes,26,Yes,No,No,No internet service,No internet service,No internet service,No internet service,No internet service,No internet service,Two year,Yes,Bank transfer (automatic),90.33,2175.51,No
CUST-06277,Female,0,Yes,No,43,Yes,Yes,Fiber optic,No,No,No,No,Yes,Yes,Two year,No,Bank transfer (automatic),106.44,4775.88,No
CUST-06278,Female,0,No,Yes,19,Yes,Yes,No,No internet service,No internet service,No internet service,No internet service,No internet service,No internet service,Two year,No,Mailed check,79.68,1313.26,No
CUST-06279,Male,0,Yes,No,16,No,No phone service,No,No internet service,No internet service,No internet service,No internet service,No internet service,No internet service,Month-to-month,Yes,Credit card (automatic),29.48,434.42,No
CUST-06280,Female,0,Yes,No,23,Yes,Yes,No,No internet service,No internet service,No internet service,No internet service,No internet service,No internet service,Two year,Yes,Electronic check,102.23,2277.62,Yes
CUST-06281,Female,1,Yes,No,29,No,No phone service,No,No internet service,No internet service,No internet service,No internet service,No internet service,No internet service,Month-to-month,Yes,Bank transfer (automatic),106.05,2948.92,Yes
CUST-06282,Male,0,No,No,38,Yes,Yes,Fiber optic,Yes,No,No,No,Yes,Yes,Month-to-month,No,Credit card (automatic),75.13,2705.39,Yes
CUST-06283,Male,0,Yes,No,59,Yes,Yes,DSL,Yes,No,Yes,Yes,No,No,Month-to-month,Yes,Bank transfer (automatic),60.52,3309.22,No
CUST-06284,Male,0,No,No,48,Yes,Yes,Fiber optic,No,No,No,Yes,Yes,No,Month-to-month,Yes,Bank transfer (automatic),59.6,2909.27,No
CUST-06285,Female,0,No,No,20,Yes,No,No,No internet service,No internet service,No internet service,No internet service,No internet service,No internet service,Month-to-month,No,Credit card (automatic),85.42,1499.32,No
CUST-06286,Male,0,No,Yes,21,Yes,No,No,No internet service,No internet service,No internet service,No internet service,No internet service,No internet service,Month-to-month,Yes,Electronic check,111.34,2221.91,Yes
CUST-06287,Male,0,Yes,No,28,Yes,No,DSL,Yes,No,No,Yes,No,Yes,Month-to-month,Yes,Electronic check,110.59,2986.56,Yes
CUST-06288,Male,0,Yes,No,50,Yes,No,DSL,Yes,Yes,No,No,Yes,No,Month-to-month,Yes,Credit card (automatic),98.08,5036.17,No
CUST-06289,Male,0,No,Yes,33,Yes,No,Fiber optic,Yes,Yes,No,Yes,Yes,Yes,Two year,Yes,Bank transfer (automatic),54.1,1618.36,No
CUST-06290,Female,0,No,No,40,No,No phone service,Fiber optic,No,No,No,No,No,Yes,Month-to-month,Yes,Credit card (automatic),59.11,2139.2,No
CUST-06291,Female,0,Yes,No,54,Yes,Yes,DSL,No,No,No,No,Yes,No,One year,No,Mailed check,92.16,5036.24,No
CUST-06292,Male,0,No,No,10,Yes,Yes,No,No internet service,No internet service,No internet service,No internet service,No internet service,No internet service,Two year,Yes,Mailed check,88.65,802.61,No
CUST-06293,Female,0,Yes,No,34,Yes,Yes,DSL,No,No,Yes,Yes,No,Yes,One year,No,Bank transfer (automatic),111.66,3267.88,No
CUST-06294,Male,1,No,No,36,Yes,No,Fiber optic,No,Yes,No,Yes,Yes,No,One year,Yes,Electronic check,98.81,3395.18,Yes
CUST-06295,Male,0,Yes,Yes,7,Yes,Yes,DSL,No,No,Yes,No,No,No,Month-to-month,No,Electronic check,117.82,826.23,Yes
CUST-06296,Female,0,Yes,No,16,Yes,Yes,No,No internet service,No internet service,No internet service,No internet service,No internet service,No internet service,Month-to-month,Yes,Credit card (automatic),40.6,572.1,Yes
CUST-06297,Female,0,Yes,Yes,51,Yes,Yes,Fiber optic,No,Yes,No,No,No,No,One year,No,Credit card (automatic),112.11,5731.36,No
CUST-06298,Male,0,No,No,61,No,No phone service,Fiber optic,No,Yes,No,Yes,No,No,One year,No,Bank transfer (automatic),117.35,6592.15,No
CUST-06299,Male,0,No,No,31,No,No phone service,Fiber optic,No,No,Yes,Yes,No,Yes,Month-to-month,No,Mailed check,110.33,3556.01,Yes
CUST-06300,Female,0,Yes,Yes,32,Yes,Yes,DSL,Yes,No,No,No,No,Yes,Month-to-month,No,Bank transfer (automatic),32.4,899.32,Yes
CUST-06301,Male,1,No,No,45,Yes,Yes,No,No internet service,No internet service,No internet service,No internet service,No internet service,No internet service,Month-to-month,No,Electronic check,114.02,4684.82,Yes
CUST-06302,Female,0,No,Yes,27,Yes,No,No,No internet service,No internet service,No internet service,No internet service,No internet service,No internet service,Two year,No,Mailed check,95.29,2295.04,No
CUST-06303,Male,1,No,Yes,22,Yes,No,No,No internet service,No internet service,No internet service,No internet service,No internet service,No internet service,Month-to-month,Yes,Mailed check,54.9,1243.28,No
CUST-06304,Male,1,Yes,No,15,Yes,No,DSL,Yes,Yes,No,No,Yes,Yes,Month-to-month,Yes,Mailed check,64.45,875.73,Yes
CUST-06305,Female,1,No,Yes,8,Yes,Yes,DSL,No,Yes,No,No,No,Yes,Two year,Yes,Mailed check,24.63,177.95,Yes
CUST-06306,Female,0,Yes,No,68,Yes,Yes,Fiber optic,Yes,Yes,No,No,Yes,No,Month-to-month,Yes,Mailed check,60.07,4047.75,Yes
CUST-06307,Female,0,Yes,Yes,8,Yes,Yes,DSL,No,No,Yes,No,Yes,No,Month-to-month,No,Bank transfer (automatic),43.23,359.61,No
CUST-06308,Female,0,No,Yes,16,Yes,No,No,No internet service,No internet service,No internet service,No internet service,No internet service,No internet service,One year,Yes,Mailed check,91.38,1415.36,No
CUST-06309,Female,0,No,Yes,48,Yes,Yes,Fiber optic,Yes,No,No,Yes,No,Yes,Month-to-month,No,Bank transfer (automatic),75.62,3769.08,No
CUST-06310,Female,0,No,No,34,Yes,No,DSL,No,Yes,No,No,Yes,No,Month-to-month,Yes,Mailed check,113.27,3780.34,Yes
CUST-06311,Female,0,No,Yes,57,No,No phone service,DSL,No,No,No,No,Yes,No,Two year,Yes,Mailed check,81.14,4113.58,No
CUST-06312,Male,0,No,No,5,Yes,No,No,No internet service,No internet service,No internet service,No internet service,No internet service,No internet service,Month-to-month,No,Bank transfer (automatic),97.34,486.17,No
CUST-06313,Male,1,Yes,No,44,Yes,Yes,No,No internet service,No internet service,No internet service,No internet service,No internet service,No internet service,One year,Yes,Electronic check,100.89,4036.48,No
CUST-06314,Male,0,Yes,Yes,71,Yes,No,DSL,No,Yes,No,Yes,No,Yes,Month-to-month,Yes,Electronic check,24.87,1609.96,No
CUST-06315,Female,0,No,Yes,37,Yes,No,DSL,Yes,No,No,Yes,Yes,No,Month-to-month,Yes,Mailed check,101.72,3807.9,No
CUST-06316,Female,0,No,No,28,Yes,Yes,Fiber optic,No,No,Yes,No,Yes,Yes,Month-to-month,Yes,Credit card (automatic),34.71,876.4,No
CUST-06317,Female,0,No,No,68,Yes,No,DSL,Yes,No,Yes,No,No,No,Month-to-month,Yes,Electronic check,40.46,2521.96,Yes
CUST-06318,Male,0,No,No,38,Yes,No,No,No internet service,No internet service,No internet service,No internet service,No internet service,No internet service,One year,Yes,Bank transfer (automatic),69.18,2753.55,No
CUST-06319,Female,1,No,No,46,Yes,Yes,Fiber optic,Yes,Yes,Yes,No,No,No,Month-to-month,No,Electronic check,65.54,2665.14,Yes
CUST-06320,Female,0,No,No,26,Yes,Yes,No,No internet service,No internet service,No internet service,No internet service,No internet service,No internet service,Month-to-month,Yes,Electronic check,115.29,2926.87,Yes
CUST-06321,Male,0,Yes,No,53,Yes,No,No,No internet service,No internet service,No internet service,No internet service,No internet service,No internet service,One year,Yes,Credit card (automatic),63.52,3127.27,No
CUST-06322,Female,0,Yes,No,63,Yes,No,Fiber optic,No,Yes,No,No,Yes,No,Month-to-month,No,Credit card (automatic),60.9,3506.53,Yes
CUST-06323,Male,0,No,Yes,63,Yes,Yes,Fiber optic,Yes,Yes,No,Yes,No,Yes,Month-to-month,Yes,Electronic check,101.7,5616.49,Yes
CUST-06324,Male,0,No,Yes,38,Yes,No,No,No internet service,No internet service,No internet service,No internet service,No internet service,No internet service,Two year,Yes,Credit card (automatic),47.97,1743.58,No
CUST-06325,Female,0,No,No,15,Yes,No,Fiber optic,No,Yes,No,No,No,No,Month-to-month,No,Mailed check,99.51,1438.89,Yes
CUST-06326,Female,0,Yes,No,9,Yes,No,DSL,No,Yes,No,Yes,No,Yes,One year,No,Electronic check,43.04,382.55,No
CUST-06327,Female,0,No,Yes,22,Yes,No,Fiber optic,No,No,No,No,No,No,Month-to-month,Yes,Electronic check,59.33,1315.18,Yes
CUST-06328,Male,0,No,No,70,No,No phone service,Fiber optic,Yes,No,Yes,Yes,No,No,Two year,Yes,Bank transfer (automatic),111.15,7255.64,No
CUST-06329,Male,0,No,No,56,Yes,No,No,No internet service,No internet service,No internet service,No internet service,No internet service,No internet service,One year,Yes,Electronic check,66.23,3552.08,No
CUST-06330,Male,1,Yes,No,37,Yes,No,Fiber optic,Yes,No,Yes,No,Yes,Yes,Month-to-month,No,Bank transfer (automatic),112.96,3607.08,No
CUST-06331,Female,0,No,Yes,57,No,No phone service,DSL,No,No,Yes,Yes,No,Yes,Month-to-month,No,Electronic check,56.56,3009.35,Yes
CUST-06332,Female,0,No,No,60,Yes,No,DSL,No,No,Yes,No,No,Yes,One year,Yes,Electronic check,26.93,1416.07,No
CUST-06333,Female,0,No,Yes,12,Yes,No,No,No internet service,No internet service,No internet service,No internet service,No internet service,No internet service,Two year,Yes,Bank transfer (automatic),95.82,977.53,No
CUST-06334,Female,1,No,Yes,7,Yes,No,No,No internet service,No internet service,No internet service,No internet service,No internet service,No internet service,Month-to-month,No,Credit card (automatic),43.31,261.32,Yes
CUST-06335,Male,1,No,Yes,66,Yes,No,Fiber optic,Yes,Yes,No,No,Yes,No,Month-to-month,No,Bank transfer (automatic),94.35,5323.81,Yes
CUST-06336,Male,0,Yes,No,41,No,No phone service,DSL,No,No,No,No,No,No,Month-to-month,No,Electronic check,76.77,2922.38,Yes
CUST-06337,Male,0,Yes,No,24,Yes,Yes,DSL,No,No,No,Yes,No,Yes,One year,Yes,Credit card (automatic),117.41,2611.77,No
CUST-06338,Male,0,No,No,25,Yes,No,Fiber optic,No,Yes,Yes,No,No,Yes,Month-to-month,No,Electronic check,61.44,1366.73,Yes
CUST-06339,Female,0,Yes,No,62,Yes,Yes,No,No internet service,No internet service,No internet service,No internet service,No internet service,No internet service,Month-to-month,No,Bank transfer (automatic),109.27,6388.84,No
CUST-06340,Female,0,No,No,44,Yes,Yes,No,No internet service,No internet service,No internet service,No internet service,No internet service,No internet service,Month-to-month,Yes,Bank transfer (automatic),91.82,3498.32,Yes
CUST-06341,Female,0,Yes,Yes,2,No,No phone service,No,No internet service,No internet service,No internet service,No internet service,No internet service,No internet service,Month-to-month,Yes,Mailed check,32.81,59.61,No
CUST-06342,Male,0,Yes,Yes,42,Yes,No,Fiber optic,No,No,No,No,Yes,Yes,Month-to-month,No,Mailed check,90.65,3270.81,Yes
CUST-06343,Male,1,No,No,33,Yes,No,No,No internet service,No internet service,No internet service,No internet service,No internet service,No internet service,Two year,No,Electronic check,83.03,2332.67,No
CUST-06344,Female,0,Yes,No,17,Yes,Yes,DSL,No,Yes,Yes,No,Yes,No,Month-to-month,Yes,Credit card (automatic),117.74,1936.34,No
CUST-06345,Female,0,No,No,63,Yes,Yes,DSL,No,No,Yes,No,Yes,Yes,Month-to-month,Yes,Electronic check,64.62,4044.42,No
CUST-06346,Male,0,No,No,22,Yes,Yes,No,No internet service,No internet service,No internet service,No internet service,No internet service,No internet service,Month-to-month,Yes,Credit card (automatic),74.66,1481.09,No
CUST-06347,Female,0,Yes,No,1,Yes,Yes,DSL,No,No,Yes,No,No,No,Two year,Yes,Electronic check,90.38,89.35,No
CUST-06348,Male,0,No,No,70,Yes,Yes,Fiber optic,Yes,No,Yes,Yes,Yes,No,Month-to-month,Yes,Mailed check,80.02,5464.57,No
CUST-06349,Male,0,Yes,No,54,Yes,Yes,Fiber optic,No,Yes,Yes,Yes,Yes,Yes,Month-to-month,Yes,Bank transfer (automatic),80.78,4384.37,No
CUST-06350,Male,0,No,No,14,Yes,Yes,DSL,No,Yes,No,No,No,Yes,Two year,No,Credit card (automatic),64.08,799.41,No
CUST-06351,Female,0,Yes,No,53,Yes,No,DSL,No,No,No,Yes,No,No,Month-to-month,Yes,Bank transfer (automatic),96.65,4846.67,No
CUST-06352,Female,0,Yes,No,6,Yes,No,DSL,No,Yes,No,No,No,No,One year,No,Electronic check,18.97,101.55,No
CUST-06353,Male,0,No,No,64,Yes,No,Fiber optic,Yes,No,No,No,No,No,Month-to-month,No,Mailed check,34.05,2231.79,No
CUST-06354,Female,0,No,No,33,Yes,No,DSL,Yes,Yes,Yes,No,No,Yes,Month-to-month,Yes,Bank transfer (automatic),104.89,3389.0,Yes
CUST-06355,Male,0,Yes,No,72,Yes,Yes,Fiber optic,Yes,No,Yes,No,No,Yes,Month-to-month,Yes,Credit card (automatic),112.96,7051.84,No
CUST-06356,Male,0,No,No,44,Yes,No,Fiber optic,Yes,No,Yes,Yes,Yes,Yes,Month-to-month,Yes,Mailed check,93.35,3791.83,No
CUST-06357,Male,0,No,No,34,Yes,Yes,DSL,No,Yes,No,No,Yes,Yes,One year,Yes,Electronic check,34.04,992.63,No
CUST-06358,Male,0,No,No,34,Yes,No,DSL,No,No,No,Yes,No,Yes,Month-to-month,No,Electronic check,77.13,2745.56,Yes
CUST-06359,Female,0,Yes,No,24,Yes,No,Fiber optic,Yes,No,Yes,No,No,Yes,Month-to-month,Yes,Credit card (automatic),46.54,1133.34,No
CUST-06360,Male,0,No,No,2,Yes,Yes,DSL,No,No,Yes,No,Yes,No,Month-to-month,Yes,Electronic check,75.31,138.66,No
CUST-06361,Male,0,No,No,8,No,No phone service,Fiber optic,No,No,No,No,Yes,Yes,Month-to-month,Yes,Bank transfer (automatic),38.9,288.44,No
CUST-06362,Female,1,No,Yes,25,Yes,No,No,No internet service,No internet service,No internet service,No internet service,No internet service,No internet service,Month-to-month,Yes,Credit card (automatic),32.0,739.11,No
CUST-06363,Male,0,No,No,32,Yes,No,DSL,Yes,Yes,No,Yes,No,No,One year,No,Credit card (automatic),37.65,1182.52,No
CUST-06364,Male,0,Yes,No,56,Yes,No,No,No internet service,No internet service,No internet service,No internet service,No internet service,No internet service,Two year,Yes,Electronic check,109.08,5617.55,No
CUST-06365,Female,0,Yes,No,7,Yes,No,Fiber optic,No,No,Yes,Yes,No,No,Month-to-month,No,Credit card (automatic),23.91,149.37,Yes
CUST-06366,Female,0,Yes,No,48,No,No phone service,Fiber optic,Yes,No,No,No,No,Yes,Month-to-month,No,Credit card (automatic),21.56,935.12,Yes
CUST-06367,Female,0,Yes,No,54,Yes,Yes,No,No internet service,No internet service,No internet service,No internet service,No internet service,No internet service,Month-to-month,No,Bank transfer (automatic),37.44,2040.2,No
CUST-06368,Male,0,Yes,No,63,Yes,Yes,Fiber optic,No,Yes,Yes,No,No,Yes,Month-to-month,No,Bank transfer (automatic),75.85,4160.12,Yes
CUST-06369,Female,0,No,Yes,2,No,No phone service,DSL,Yes,No,No,No,Yes,No,Month-to-month,No,Mailed check,27.09,50.71,No
CUST-06370,Female,0,Yes,No,35,Yes,Yes,DSL,No,No,Yes,No,Yes,No,Month-to-month,Yes,Bank transfer (automatic),70.98,2308.3,No
CUST-06371,Male,1,Yes,No,22,Yes,Yes,No,No internet service,No internet service,No internet service,No internet service,No internet service,No internet service,Month-to-month,No,Bank transfer (automatic),91.44,1934.01,No
CUST-06372,Male,0,Yes,Yes,64,Yes,Yes,DSL,No,No,Yes,No,Yes,Yes,Month-to-month,Yes,Mailed check,73.09,4032.86,No
CUST-06373,Male,0,Yes,No,59,Yes,No,Fiber optic,No,No,Yes,No,Yes,Yes,Month-to-month,Yes,Mailed check,96.22,4863.53,Yes
CUST-06374,Male,0,Yes,No,49,Yes,Yes,Fiber optic,No,Yes,Yes,No,Yes,No,Month-to-month,Yes,Bank transfer (automatic),71.02,3441.44,No
CUST-06375,Male,1,No,No,52,Yes,No,DSL,Yes,No,Yes,Yes,Yes,No,Two year,No,Mailed check,27.27,1353.7,No
CUST-06376,Female,0,Yes,Yes,21,Yes,No,No,No internet service,No internet service,No internet service,No internet service,No internet service,No internet service,One year,Yes,Bank transfer (automatic),86.27,1583.85,Yes
CUST-06377,Female,0,No,Yes,12,Yes,No,Fiber optic,No,No,Yes,No,Yes,No,Month-to-month,No,Credit card (automatic),51.4,571.79,No
CUST-06378,Female,1,Yes,No,11,Yes,No,Fiber optic,Yes,Yes,No,No,Yes,No,Month-to-month,Yes,Electronic check,71.04,746.11,No
CUST-06379,Male,0,No,Yes,54,Yes,No,Fiber optic,No,Yes,Yes,No,No,No,One year,Yes,Credit card (automatic),119.47,5939.43,No
CUST-06380,Male,0,Yes,No,70,Yes,No,DSL,No,Yes,No,No,No,Yes,Month-to-month,No,Electronic check,46.02,2811.61,No
CUST-06381,Male,0,No,No,14,Yes,No,Fiber optic,No,No,Yes,Yes,No,Yes,Month-to-month,No,Bank transfer (automatic),101.75,1253.7,Yes
CUST-06382,Female,0,No,No,33,Yes,No,No,No internet service,No internet service,No internet service,No internet service,No internet service,No internet service,Month-to-month,No,Credit card (automatic),75.56,2241.81,Yes
CUST-06383,Female,1,No,Yes,26,Yes,Yes,Fiber optic,No,No,Yes,Yes,Yes,No,Month-to-month,Yes,Electronic check,111.4,2462.65,No
CUST-06384,Male,0,No,No,14,Yes,Yes,No,No internet service,No internet service,No internet service,No internet service,No internet service,No internet service,Two year,Yes,Credit card (automatic),110.88,1545.71,No
CUST-06385,Female,1,No,No,48,Yes,No,DSL,Yes,Yes,Yes,Yes,No,Yes,Month-to-month,Yes,Credit card (automatic),90.87,4306.43,No
CUST-06386,Male,1,No,No,65,Yes,No,No,No internet service,No internet service,No internet service,No internet service,No internet service,No internet service,One year,Yes,Credit card (automatic),49.06,3272.58,No
CUST-06387,Female,0,No,Yes,46,Yes,Yes,Fiber optic,Yes,No,Yes,No,No,Yes,Month-to-month,Yes,Mailed check,115.01,4617.98,Yes
CUST-06388,Female,0,No,Yes,55,Yes,No,No,No internet service,No internet service,No internet service,No internet service,No internet service,No internet service,Month-to-month,Yes,Electronic check,103.21,5524.04,No
CUST-06389,Female,0,No,No,68,No,No phone service,DSL,No,Yes,No,Yes,Yes,Yes,One year,No,Electronic check,116.6,7884.37,No
CUST-06390,Male,0,No,No,12,Yes,No,Fiber optic,No,No,Yes,Yes,No,Yes,One year,Yes,Electronic check,116.94,1363.19,No
CUST-06391,Female,0,Yes,No,54,Yes,No,No,No internet service,No internet service,No internet service,No internet service,No internet service,No internet service,One year,Yes,Bank transfer (automatic),62.9,3128.78,No
CUST-06392,Female,0,No,Yes,64,Yes,No,Fiber optic,No,No,No,Yes,No,No,Month-to-month,No,Bank transfer (automatic),27.98,1638.9,No
CUST-06393,Male,0,No,No,47,Yes,No,DSL,No,Yes,No,Yes,Yes,No,One year,Yes,Electronic check,69.59,2870.62,No
CUST-06394,Female,0,No,No,37,Yes,No,DSL,No,No,No,No,Yes,No,One year,Yes,Mailed check,30.4,1174.61,No
CUST-06395,Male,0,Yes,Yes,41,No,No phone service,Fiber optic,No,Yes,Yes,Yes,No,Yes,Month-to-month,Yes,Mailed check,68.03,2432.76,No
CUST-06396,Male,1,No,No,27,Yes,No,No,No internet service,No internet service,No internet service,No internet service,No internet service,No internet service,Month-to-month,No,Credit card (automatic),73.99,1970.74,No
CUST-06397,Male,0,No,No,42,Yes,No,Fiber optic,Yes,No,No,No,Yes,No,Month-to-month,Yes,Electronic check,76.85,3315.12,No
CUST-06398,Male,1,No,No,68,Yes,Yes,Fiber optic,Yes,Yes,No,No,No,Yes,Month-to-month,Yes,Credit card (automatic),18.92,1325.2,No
CUST-06399,Male,0,Yes,No,29,Yes,No,No,No internet service,No internet service,No internet service,No internet service,No internet service,No internet service,One year,Yes,Bank transfer (automatic),105.35,3161.7,No
CUST-06400,Female,0,Yes,No,36,No,No phone service,Fiber optic,No,No,No,No,Yes,No,Two year,No,Bank transfer (automatic),64.75,2288.95,Yes
CUST-06401,Male,0,Yes,No,57,Yes,Yes,Fiber optic,Yes,Yes,No,No,No,Yes,Month-to-month,Yes,Electronic check,90.18,4503.35,No
CUST-06402,Male,0,No,No,12,Yes,Yes,DSL,No,No,Yes,No,No,Yes,Month-to-month,Yes,Electronic check,29.21,334.39,No
CUST-06403,Male,0,Yes,No,45,Yes,No,Fiber optic,Yes,No,No,Yes,Yes,No,Month-to-month,No,Bank transfer (automatic),94.0,3966.36,No
CUST-06404,Male,0,No,No,20,Yes,Yes,Fiber optic,No,Yes,No,Yes,No,No,One year,No,Mailed check,63.02,1240.66,Yes
CUST-06405,Female,0,No,No,45,Yes,No,DSL,Yes,No,Yes,No,Yes,No,Two year,No,Bank transfer (automatic),93.56,3964.78,No
CUST-06406,Male,0,No,Yes,23,Yes,No,Fiber optic,No,Yes,No,No,Yes,No,Month-to-month,No,Credit card (automatic),112.41,2622.75,Yes
CUST-06407,Female,0,Yes,No,62,Yes,No,DSL,No,Yes,Yes,No,Yes,Yes,Two year,No,Electronic check,92.55,5350.23,No
CUST-06408,Male,0,Yes,No,34,Yes,Yes,DSL,Yes,Yes,Yes,Yes,Yes,No,Month-to-month,Yes,Electronic check,80.72,2746.55,No
CUST-06409,Female,0,No,Yes,21,Yes,Yes,Fiber optic,No,No,No,No,Yes,Yes,Month-to-month,No,Mailed check,90.07,1967.69,Yes
CUST-06410,Male,0,No,No,51,Yes,No,Fiber optic,No,Yes,No,Yes,No,Yes,Two year,No,Mailed check,93.5,4746.46,No
CUST-06411,Male,1,Yes,Yes,9,Yes,No,DSL,No,Yes,No,Yes,No,No,One year,No,Credit card (automatic),69.2,624.4,No
CUST-06412,Female,1,No,Yes,10,Yes,Yes,DSL,No,No,Yes,No,No,No,Two year,Yes,Electronic check,103.25,1024.43,No
CUST-06413,Male,1,No,Yes,52,Yes,No,Fiber optic,No,No,Yes,Yes,No,No,One year,Yes,Credit card (automatic),74.56,3947.3,No
CUST-06414,Female,0,Yes,No,45,No,No phone service,DSL,Yes,No,Yes,Yes,No,Yes,Month-to-month,No,Mailed check,82.54,3373.86,No
CUST-06415,Male,0,Yes,No,52,Yes,No,Fiber optic,Yes,No,No,No,Yes,No,Month-to-month,No,Electronic check,61.19,3335.95,No
CUST-06416,Female,0,No,No,30,Yes,Yes,No,No internet service,No internet service,No internet service,No internet service,No internet service,No internet service,One year,No,Bank transfer (automatic),115.2,3487.68,No
CUST-06417,Male,0,Yes,No,64,No,No phone service,Fiber optic,No,Yes,Yes,No,Yes,No,Month-to-month,Yes,Bank transfer (automatic),70.54,4521.7,No
CUST-06418,Male,0,Yes,No,2,Yes,Yes,DSL,Yes,No,No,No,No,Yes,One year,No,Electronic check,39.75,69.0,No
CUST-06419,Female,0,Yes,No,49,Yes,Yes,DSL,Yes,Yes,No,No,Yes,Yes,One year,No,Mailed check,50.49,2267.73,No
CUST-06420,Male,0,No,Yes,45,Yes,No,DSL,No,No,No,Yes,Yes,Yes,Month-to-month,Yes,Electronic check,33.07,1340.35,Yes
CUST-06421,Male,0,No,No,17,Yes,Yes,DSL,No,Yes,No,No,Yes,No,Two year,No,Electronic check,30.76,456.19,Yes
CUST-06422,Male,0,Yes,No,28,Yes,No,DSL,No,No,No,Yes,No,Yes,Month-to-month,No,Bank transfer (automatic),112.99,3267.48,Yes
CUST-06423,Male,0,Yes,Yes,45,Yes,Yes,DSL,No,Yes,No,No,No,Yes,One year,No,Mailed check,85.83,3754.27,No
CUST-06424,Male,0,Yes,Yes,17,Yes,Yes,No,No internet service,No internet service,No internet service,No internet service,No internet service,No internet service,Month-to-month,No,Electronic check,18.06,316.04,No
CUST-06425,Male,0,No,No,59,Yes,No,No,No internet service,No internet service,No internet service,No internet service,No internet service,No internet service,Two year,No,Credit card (automatic),100.87,5692.3,No
CUST-06426,Female,0,Yes,No,14,Yes,Yes,Fiber optic,Yes,Yes,No,No,Yes,No,Month-to-month,Yes,Bank transfer (automatic),72.14,1042.43,No
CUST-06427,Female,1,No,Yes,10,Yes,No,DSL,No,Yes,No,No,No,No,Month-to-month,Yes,Electronic check,29.17,301.97,Yes
CUST-06428,Female,0,Yes,Yes,18,Yes,No,No,No internet service,No internet service,No internet service,No internet service,No internet service,No internet service,One year,Yes,Bank transfer (automatic),64.24,1133.76,No
CUST-06429,Male,0,Yes,Yes,35,Yes,Yes,DSL,Yes,No,Yes,Yes,No,Yes,Month-to-month,Yes,Credit card (automatic),55.31,1839.44,No
CUST-06430,Female,1,Yes,No,48,Yes,No,DSL,Yes,No,Yes,Yes,No,Yes,Month-to-month,Yes,Mailed check,50.67,2175.14,Yes
CUST-06431,Male,0,No,No,58,Yes,No,DSL,No,Yes,No,Yes,Yes,No,Two year,No,Bank transfer (automatic),65.24,3908.1,No
CUST-06432,Male,0,No,Yes,18,Yes,Yes,Fiber optic,No,Yes,No,Yes,No,Yes,Two year,No,Electronic check,83.34,1509.02,No
CUST-06433,Male,0,No,Yes,52,Yes,No,Fiber optic,Yes,No,Yes,No,No,Yes,Month-to-month,No,Electronic check,72.75,3469.39,No
CUST-06434,Male,0,Yes,No,30,Yes,No,DSL,No,No,No,No,No,No,One year,Yes,Credit card (automatic),46.75,1379.31,No
CUST-06435,Female,0,Yes,Yes,37,Yes,Yes,DSL,No,Yes,No,No,Yes,No,Month-to-month,No,Electronic check,91.8,3302.24,No
CUST-06436,Male,0,No,No,40,Yes,No,No,No internet service,No internet service,No internet service,No internet service,No internet service,No internet service,Month-to-month,Yes,Mailed check,118.85,4143.19,No
CUST-06437,Female,0,No,Yes,6,Yes,Yes,Fiber optic,No,No,No,No,Yes,No,Month-to-month,No,Electronic check,116.53,724.51,Yes
CUST-06438,Male,0,No,Yes,35,Yes,No,DSL,Yes,Yes,No,No,No,No,Month-to-month,Yes,Bank transfer (automatic),119.66,3564.85,Yes
CUST-06439,Female,1,Yes,No,26,Yes,Yes,Fiber optic,Yes,No,No,No,No,Yes,One year,No,Electronic check,67.7,1787.71,No
CUST-06440,Female,0,Yes,No,30,Yes,No,DSL,Yes,Yes,Yes,No,No,No,One year,Yes,Electronic check,22.42,640.51,No
CUST-06441,Female,0,Yes,No,24,Yes,No,Fiber optic,No,No,No,No,No,No,Month-to-month,No,Bank transfer (automatic),92.3,2248.75,Yes
CUST-06442,Female,1,No,No,55,Yes,Yes,DSL,Yes,No,Yes,No,Yes,No,Month-to-month,No,Credit card (automatic),85.69,4529.79,Yes
CUST-06443,Female,0,No,No,9,Yes,No,Fiber optic,Yes,No,Yes,No,No,No,Month-to-month,Yes,Credit card (automatic),116.63,924.39,Yes
CUST-06444,Female,0,No,No,62,Yes,Yes,Fiber optic,No,No,Yes,No,No,No,One year,Yes,Electronic check,55.84,3270.76,Yes
CUST-06445,Male,0,Yes,No,18,Yes,No,No,No internet service,No internet service,No internet service,No internet service,No internet service,No internet service,Month-to-month,No,Electronic check,119.4,2204.57,No
CUST-06446,Female,0,No,No,51,Yes,Yes,DSL,No,No,No,Yes,No,No,Month-to-month,No,Bank transfer (automatic),24.7,1128.58,No
CUST-06447,Male,0,Yes,Yes,19,Yes,Yes,Fiber optic,No,Yes,No,No,Yes,Yes,Month-to-month,No,Electronic check,54.62,906.97,Yes
CUST-06448,Female,0,Yes,Yes,69,Yes,No,No,No internet service,No internet service,No internet service,No internet service,No internet service,No internet service,Month-to-month,Yes,Electronic check,93.5,6018.59,No
CUST-06449,Male,0,No,Yes,33,Yes,Yes,Fiber optic,No,No,No,No,No,Yes,One year,Yes,Electronic check,80.75,2697.26,No
CUST-06450,Female,0,No,No,38,Yes,Yes,No,No internet service,No internet service,No internet service,No internet service,No internet service,No internet service,Month-to-month,Yes,Credit card (automatic),38.99,1468.44,No
CUST-06451,Female,0,No,No,13,Yes,No,No,No internet service,No internet service,No internet service,No internet service,No internet service,No internet service,Month-to-month,No,Credit card (automatic),54.44,742.65,Yes
CUST-06452,Male,1,No,Yes,49,Yes,No,Fiber optic,No,No,Yes,No,No,No,One year,No,Mailed check,34.55,1737.06,No
CUST-06453,Female,0,Yes,No,53,Yes,Yes,DSL,No,Yes,Yes,No,Yes,No,Month-to-month,Yes,Credit card (automatic),119.44,5597.75,No
CUST-06454,Female,1,No,Yes,1,No,No phone service,Fiber optic,No,No,No,No,No,Yes,Month-to-month,No,Bank transfer (automatic),70.47,71.0,Yes
CUST-06455,Female,0,No,No,12,Yes,Yes,Fiber optic,No,Yes,No,No,No,No,One year,Yes,Mailed check,106.46,1269.38,No
CUST-06456,Male,0,Yes,No,24,Yes,No,Fiber optic,Yes,No,No,No,Yes,Yes,Month-to-month,Yes,Electronic check,58.18,1241.45,No
CUST-06457,Female,0,No,No,1,Yes,Yes,Fiber optic,Yes,No,Yes,Yes,No,No,Two year,Yes,Bank transfer (automatic),42.9,43.16,No
CUST-06458,Male,0,No,Yes,68,Yes,Yes,Fiber optic,No,No,No,Yes,No,Yes,Month-to-month,No,Bank transfer (automatic),67.77,4140.71,Yes
CUST-06459,Female,0,Yes,No,7,Yes,Yes,Fiber optic,Yes,Yes,Yes,Yes,No,No,Two year,No,Electronic check,96.48,635.58,No
CUST-06460,Female,0,Yes,No,69,Yes,No,Fiber optic,No,Yes,Yes,No,No,Yes,Two year,Yes,Mailed check,110.83,6924.44,No
CUST-06461,Male,0,Yes,No,39,Yes,Yes,DSL,No,No,Yes,No,No,No,Two year,Yes,Credit card (automatic),37.67,1381.35,No
CUST-06462,Female,0,No,Yes,32,Yes,Yes,No,No internet service,No internet service,No internet service,No internet service,No internet service,No internet service,Month-to-month,Yes,Bank transfer (automatic),31.05,904.57,No
CUST-06463,Female,1,No,Yes,49,Yes,No,No,No internet service,No internet service,No internet service,No internet service,No internet service,No internet service,Month-to-month,Yes,Credit card (automatic),34.43,1656.41,No
CUST-06464,Male,0,No,No,31,Yes,Yes,Fiber optic,No,Yes,No,Yes,No,No,Two year,Yes,Mailed check,48.95,1533.26,Yes
CUST-06465,Female,0,Yes,No,3,Yes,No,DSL,No,Yes,No,No,No,Yes,Two year,No,Credit card (automatic),79.07,202.51,No
CUST-06466,Male,0,No,No,47,Yes,Yes,DSL,No,No,No,Yes,No,No,One year,Yes,Electronic check,93.24,4077.78,No
CUST-06467,Male,0,No,No,15,Yes,No,DSL,No,No,No,No,Yes,No,One year,Yes,Bank transfer (automatic),55.2,727.89,No
CUST-06468,Male,0,Yes,No,51,Yes,No,DSL,No,No,No,No,Yes,No,Two year,Yes,Electronic check,111.74,4866.0,No
CUST-06469,Female,0,No,No,21,Yes,Yes,Fiber optic,No,Yes,No,No,Yes,Yes,Month-to-month,No,Electronic check,64.96,1427.77,Yes
CUST-06470,Male,0,No,Yes,41,Yes,Yes,DSL,Yes,No,No,Yes,No,Yes,Two year,No,Bank transfer (automatic),67.81,2737.81,No
CUST-06471,Male,1,Yes,Yes,3,Yes,No,DSL,No,No,No,Yes,Yes,No,Month-to-month,No,Mailed check,108.4,305.84,No
CUST-06472,Female,0,Yes,No,1,Yes,No,Fiber optic,No,Yes,Yes,No,No,No,Month-to-month,Yes,Bank transfer (automatic),24.37,22.82,No
CUST-06473,Male,1,No,Yes,21,Yes,Yes,No,No internet service,No internet service,No internet service,No internet service,No internet service,No internet service,One year,Yes,Credit card (automatic),80.09,1712.46,No
CUST-06474,Female,0,No,No,21,Yes,Yes,DSL,No,No,No,No,No,No,One year,Yes,Mailed check,75.14,1521.37,Yes
CUST-06475,Female,0,No,No,49,Yes,No,Fiber optic,No,Yes,No,No,No,Yes,One year,No,Mailed check,58.9,2885.53,No
CUST-06476,Female,0,No,No,65,Yes,Yes,No,No internet service,No internet service,No internet service,No internet service,No internet service,No internet service,Month-to-month,No,Bank transfer (automatic),62.05,4170.72,No
CUST-06477,Female,0,Yes,No,41,Yes,Yes,No,No internet service,No internet service,No internet service,No internet service,No internet service,No internet service,Month-to-month,Yes,Credit card (automatic),88.28,3716.17,No
CUST-06478,Male,0,Yes,No,67,Yes,Yes,Fiber optic,No,No,No,No,No,Yes,Two year,Yes,Electronic check,76.04,4427.26,No
CUST-06479,Male,0,No,Yes,42,Yes,Yes,DSL,No,No,No,No,No,Yes,Month-to-month,Yes,Electronic check,84.86,3375.92,Yes
CUST-06480,Male,0,Yes,No,69,Yes,No,DSL,Yes,No,No,No,No,No,One year,No,Credit card (automatic),62.9,4238.97,No
CUST-06481,Male,0,No,No,57,Yes,Yes,DSL,Yes,Yes,Yes,Yes,Yes,Yes,Two year,Yes,Credit card (automatic),59.06,3173.34,No
CUST-06482,Male,1,Yes,No,43,Yes,Yes,Fiber optic,Yes,No,No,No,Yes,Yes,Two year,Yes,Mailed check,70.96,2770.67,No
CUST-06483,Female,0,Yes,Yes,12,Yes,No,Fiber optic,No,Yes,No,No,Yes,No,Month-to-month,Yes,Electronic check,61.44,761.82,No
CUST-06484,Male,1,Yes,No,64,Yes,No,Fiber optic,No,No,No,No,No,No,Month-to-month,No,Credit card (automatic),104.21,6867.69,Yes
CUST-06485,Male,0,Yes,No,51,Yes,Yes,DSL,No,No,Yes,No,No,No,Month-to-month,No,Bank transfer (automatic),106.97,5555.69,Yes
CUST-06486,Male,1,No,No,60,Yes,Yes,Fiber optic,Yes,Yes,Yes,No,No,Yes,Month-to-month,No,Mailed check,25.53,1587.98,Yes
CUST-06487,Female,0,Yes,Yes,71,Yes,No,DSL,No,No,No,No,Yes,No,Two year,Yes,Credit card (automatic),24.03,1703.75,No
CUST-06488,Female,0,No,No,28,Yes,Yes,Fiber optic,No,No,No,Yes,Yes,Yes,Month-to-month,No,Electronic check,47.46,1233.15,No
CUST-06489,Male,0,No,No,71,Yes,No,Fiber optic,No,No,No,No,No,No,Month-to-month,Yes,Mailed check,26.78,1805.43,No
CUST-06490,Female,0,No,No,14,Yes,Yes,Fiber optic,No,No,No,No,Yes,No,One year,Yes,Bank transfer (automatic),73.06,1037.98,No
CUST-06491,Male,0,Yes,No,32,Yes,Yes,DSL,No,No,No,Yes,Yes,Yes,Month-to-month,No,Electronic check,20.17,666.17,No
CUST-06492,Male,0,No,No,8,Yes,Yes,DSL,Yes,No,Yes,Yes,Yes,Yes,Two year,Yes,Credit card (automatic),98.06,772.0,No
CUST-06493,Female,0,Yes,No,27,Yes,Yes,DSL,Yes,No,No,No,No,No,Month-to-month,Yes,Bank transfer (automatic),84.2,2196.62,No
CUST-06494,Female,0,No,No,50,Yes,Yes,Fiber optic,Yes,No,Yes,Yes,No,Yes,Month-to-month,Yes,Electronic check,39.6,2036.54,Yes
CUST-06495,Male,0,No,No,59,No,No phone service,DSL,Yes,Yes,Yes,Yes,Yes,No,Month-to-month,Yes,Electronic check,51.61,3045.0,No
CUST-06496,Male,0,Yes,No,57,Yes,No,Fiber optic,Yes,Yes,No,Yes,Yes,No,Month-to-month,No,Electronic check,49.17,2894.19,Yes
CUST-06497,Female,0,No,No,3,Yes,Yes,DSL,No,Yes,No,Yes,No,Yes,Two year,No,Credit card (automatic),112.1,345.24,No
CUST-06498,Male,1,Yes,No,27,Yes,Yes,DSL,Yes,Yes,Yes,Yes,No,No,One year,Yes,Electronic check,108.48,2682.23,No
CUST-06499,Female,0,Yes,No,34,Yes,Yes,Fiber optic,No,No,No,Yes,No,No,Month-to-month,Yes,Electronic check,75.56,2250.96,No
CUST-06500,Male,0,No,Yes,26,No,No phone service,Fiber optic,Yes,Yes,Yes,No,Yes,No,Two year,Yes,Bank transfer (automatic),55.13,1419.67,No
CUST-06501,Female,1,Yes,Yes,40,Yes,No,DSL,No,Yes,Yes,No,Yes,Yes,Month-to-month,Yes,Bank transfer (automatic),65.1,2699.71,No
CUST-06502,Male,0,No,No,32,Yes,No,Fiber optic,Yes,No,Yes,Yes,No,No,One year,Yes,Mailed check,75.93,2507.26,No
CUST-06503,Male,0,No,Yes,41,Yes,Yes,Fiber optic,No,No,Yes,No,Yes,Yes,One year,Yes,Bank transfer (automatic),68.24,2892.96,No
CUST-06504,Female,0,Yes,No,2,Yes,Yes,DSL,Yes,Yes,Yes,Yes,Yes,Yes,Two year,No,Credit card (automatic),24.38,49.94,No
CUST-06505,Male,0,Yes,No,72,Yes,No,DSL,No,No,Yes,No,No,No,Two year,Yes,Mailed check,65.2,4401.79,No
CUST-06506,Male,0,Yes,No,7,Yes,Yes,Fiber optic,No,Yes,Yes,Yes,Yes,Yes,One year,No,Electronic check,111.85,812.16,Yes
CUST-06507,Female,0,Yes,Yes,19,Yes,Yes,No,No internet service,No internet service,No internet service,No internet service,No internet service,No internet service,Month-to-month,Yes,Bank transfer (automatic),59.67,1108.14,No
CUST-06508,Male,0,Yes,Yes,33,No,No phone service,DSL,Yes,Yes,Yes,No,No,No,Two year,No,Credit card (automatic),89.51,3001.28,No
CUST-06509,Male,0,No,No,2,Yes,No,Fiber optic,No,Yes,No,No,No,Yes,Two year,Yes,Electronic check,119.7,217.81,No
CUST-06510,Male,0,No,No,67,Yes,Yes,No,No internet service,No internet service,No internet service,No internet service,No internet service,No internet service,One year,Yes,Bank transfer (automatic),74.35,4732.4,No
CUST-06511,Female,1,No,No,15,Yes,Yes,Fiber optic,Yes,No,No,Yes,No,Yes,Two year,Yes,Mailed check,67.31,881.93,No
CUST-06512,Female,0,Yes,No,21,Yes,No,DSL,No,No,No,No,Yes,Yes,Month-to-month,Yes,Mailed check,45.51,841.83,No
CUST-06513,Female,1,No,Yes,59,Yes,No,Fiber optic,Yes,No,Yes,No,No,Yes,Month-to-month,Yes,Electronic check,41.38,2469.37,Yes
CUST-06514,Male,1,No,Yes,39,Yes,Yes,DSL,No,Yes,Yes,Yes,Yes,Yes,Month-to-month,Yes,Bank transfer (automatic),74.68,3025.49,No
CUST-06515,Male,0,Yes,No,20,Yes,Yes,Fiber optic,Yes,No,No,Yes,Yes,No,Month-to-month,No,Electronic check,86.97,1662.06,No
CUST-06516,Male,0,Yes,No,1,Yes,No,DSL,Yes,Yes,No,No,No,No,Month-to-month,No,Electronic check,61.64,58.38,Yes
CUST-06517,Male,0,Yes,No,9,Yes,Yes,DSL,No,No,No,No,Yes,No,Two year,Yes,Mailed check,18.18,169.91,No
CUST-06518,Female,1,No,Yes,51,Yes,No,DSL,Yes,Yes,No,Yes,No,Yes,Two year,Yes,Electronic check,75.14,3894.38,No
CUST-06519,Male,0,No,Yes,38,Yes,No,Fiber optic,Yes,No,No,No,Yes,Yes,Month-to-month,Yes,Credit card (automatic),76.3,2570.43,No
CUST-06520,Male,1,No,No,15,No,No phone service,No,No internet service,No internet service,No internet service,No internet service,No internet service,No internet service,Two year,No,Electronic check,25.46,327.81,No
CUST-06521,Male,0,No,No,41,Yes,Yes,Fiber optic,Yes,No,No,Yes,Yes,No,Two year,No,Bank transfer (automatic),28.36,1209.32,No
CUST-06522,Female,0,No,Yes,47,Yes,No,DSL,No,Yes,Yes,Yes,Yes,Yes,Month-to-month,Yes,Credit card (automatic),49.07,2209.59,No
CUST-06523,Male,0,Yes,No,26,Yes,No,Fiber optic,No,No,No,No,No,Yes,Two year,Yes,Electronic check,79.0,2011.43,No
CUST-06524,Male,0,No,Yes,54,No,No phone service,Fiber optic,No,Yes,No,No,Yes,No,Month-to-month,No,Credit card (automatic),36.02,1859.85,No
CUST-06525,Male,0,No,No,70,Yes,No,Fiber optic,No,No,No,Yes,No,Yes,Month-to-month,No,Electronic check,53.12,3709.94,No
CUST-06526,Male,0,Yes,Yes,39,Yes,No,Fiber optic,No,Yes,Yes,Yes,Yes,Yes,One year,No,Mailed check,33.01,1325.38,No
CUST-06527,Male,0,No,No,17,Yes,Yes,No,No internet service,No internet service,No internet service,No internet service,No internet service,No internet service,Month-to-month,Yes,Electronic check,52.23,931.2,No
CUST-06528,Female,0,Yes,Yes,70,Yes,No,DSL,Yes,No,No,No,No,Yes,Month-to-month,No,Electronic check,92.3,5961.75,Yes
CUST-06529,Male,1,Yes,Yes,9,No,No phone service,DSL,Yes,Yes,Yes,Yes,No,Yes,Month-to-month,Yes,Electronic check,56.1,481.62,Yes
CUST-06530,Male,1,No,No,46,Yes,Yes,Fiber optic,No,No,Yes,Yes,No,No,Two year,Yes,Electronic check,101.38,4788.0,No
CUST-06531,Male,0,No,No,6,Yes,No,Fiber optic,Yes,Yes,No,Yes,No,No,Month-to-month,Yes,Credit card (automatic),112.6,633.13,Yes
CUST-06532,Male,0,Yes,No,68,Yes,No,No,No internet service,No internet service,No internet service,No internet service,No internet service,No internet service,Month-to-month,No,Bank transfer (automatic),49.34,3092.74,No
CUST-06533,Male,0,No,Yes,16,Yes,No,No,No internet service,No internet service,No internet service,No internet service,No internet service,No internet service,Two year,Yes,Electronic check,81.4,1359.43,No
CUST-06534,Male,0,No,No,29,Yes,No,No,No internet service,No internet service,No internet service,No internet service,No internet service,No internet service,Two year,Yes,Bank transfer (automatic),44.77,1293.64,No
CUST-06535,Male,0,No,No,41,Yes,No,DSL,No,No,Yes,Yes,Yes,No,Month-to-month,Yes,Mailed check,76.03,2965.73,No
CUST-06536,Male,0,Yes,No,68,Yes,Yes,Fiber optic,No,No,Yes,Yes,No,Yes,One year,Yes,Credit card (automatic),30.17,2070.4,Yes
CUST-06537,Male,0,Yes,Yes,62,Yes,Yes,Fiber optic,No,Yes,Yes,No,Yes,No,Month-to-month,No,Electronic check,79.44,4500.72,Yes
CUST-06538,Male,1,Yes,Yes,40,Yes,No,No,No internet service,No internet service,No internet service,No internet service,No internet service,No internet service,One year,No,Mailed check,35.61,1378.6,No
CUST-06539,Female,0,Yes,No,62,Yes,No,DSL,No,No,Yes,No,Yes,No,Two year,Yes,Electronic check,58.15,3576.99,No
CUST-06540,Female,0,Yes,No,24,Yes,Yes,DSL,Yes,Yes,No,Yes,No,No,Month-to-month,No,Bank transfer (automatic),42.15,1004.71,Yes
CUST-06541,Female,0,No,No,6,Yes,No,No,No internet service,No internet service,No internet service,No internet service,No internet service,No internet service,Month-to-month,No,Bank transfer (automatic),99.14,528.91,Yes
CUST-06542,Female,0,Yes,No,40,Yes,No,Fiber optic,No,No,Yes,No,No,No,Two year,Yes,Bank transfer (automatic),36.53,1532.72,No
CUST-06543,Male,0,Yes,No,70,Yes,No,No,No internet service,No internet service,No internet service,No internet service,No internet service,No internet service,One year,No,Bank transfer (automatic),116.26,8144.65,No
CUST-06544,Female,0,Yes,No,58,Yes,Yes,DSL,Yes,No,No,No,No,No,Month-to-month,Yes,Mailed check,30.14,1745.68,No
CUST-06545,Female,0,Yes,No,14,Yes,Yes,No,No internet service,No internet service,No internet service,No internet service,No internet service,No internet service,Month-to-month,No,Electronic check,60.21,815.27,Yes
CUST-06546,Male,1,Yes,No,45,Yes,Yes,Fiber optic,No,Yes,No,Yes,Yes,No,Month-to-month,No,Electronic check,96.36,3983.07,No
CUST-06547,Female,0,Yes,Yes,6,Yes,Yes,Fiber optic,No,Yes,No,No,Yes,No,One year,No,Bank transfer (automatic),29.95,170.31,No
CUST-06548,Female,1,No,Yes,23,Yes,No,Fiber optic,Yes,No,No,Yes,Yes,No,Month-to-month,No,Credit card (automatic),50.07,1076.95,No
CUST-06549,Male,0,Yes,Yes,62,Yes,No,Fiber optic,Yes,No,No,No,No,No,Month-to-month,Yes,Mailed check,64.19,3473.99,Yes
CUST-06550,Male,1,No,No,17,Yes,No,Fiber optic,No,No,Yes,No,No,No,Month-to-month,Yes,Electronic check,95.76,1684.82,Yes
CUST-06551,Male,0,No,No,70,Yes,Yes,DSL,No,No,No,No,Yes,No,Two year,Yes,Electronic check,98.31,6548.14,No
CUST-06552,Female,0,Yes,No,28,Yes,No,Fiber optic,Yes,No,No,No,No,No,Month-to-month,Yes,Mailed check,105.26,2530.6,No
CUST-06553,Female,0,Yes,No,13,Yes,Yes,Fiber optic,No,Yes,No,Yes,Yes,No,Month-to-month,Yes,Bank transfer (automatic),49.26,598.05,No
CUST-06554,Male,0,Yes,No,29,Yes,No,DSL,No,No,No,No,No,No,Month-to-month,Yes,Bank transfer (automatic),19.56,529.87,Yes
CUST-06555,Male,0,Yes,Yes,45,Yes,Yes,DSL,No,No,No,No,Yes,Yes,Month-to-month,No,Electronic check,91.39,3566.92,Yes
CUST-06556,Female,0,Yes,No,20,Yes,No,Fiber optic,Yes,Yes,Yes,Yes,Yes,No,One year,Yes,Bank transfer (automatic),35.65,633.98,No
CUST-06557,Male,0,No,No,58,Yes,No,DSL,No,Yes,No,No,Yes,No,Month-to-month,Yes,Mailed check,57.79,2901.18,No
CUST-06558,Female,0,Yes,Yes,54,Yes,No,DSL,No,Yes,Yes,Yes,No,No,Month-to-month,No,Electronic check,100.1,4767.9,No
CUST-06559,Male,1,No,Yes,64,Yes,No,No,No internet service,No internet service,No internet service,No internet service,No internet service,No internet service,Two year,Yes,Mailed check,80.27,4484.31,No
CUST-06560,Male,0,Yes,Yes,52,No,No phone service,DSL,No,No,No,No,No,Yes,One year,No,Credit card (automatic),107.1,5738.9,No
CUST-06561,Female,0,No,No,43,Yes,No,Fiber optic,Yes,Yes,Yes,Yes,Yes,No,One year,Yes,Bank transfer (automatic),84.6,3656.71,No
CUST-06562,Male,0,No,Yes,18,Yes,No,Fiber optic,No,No,Yes,Yes,Yes,No,Two year,Yes,Credit card (automatic),57.02,1051.58,No
CUST-06563,Male,0,Yes,No,54,Yes,No,Fiber optic,Yes,No,Yes,No,Yes,No,Month-to-month,Yes,Credit card (automatic),21.39,1013.81,Yes
CUST-06564,Male,0,Yes,No,60,Yes,No,Fiber optic,Yes,No,No,No,No,No,Two year,Yes,Electronic check,19.5,1151.11,No
CUST-06565,Female,0,No,No,71,Yes,Yes,No,No internet service,No internet service,No internet service,No internet service,No internet service,No internet service,Month-to-month,No,Credit card (automatic),43.67,3194.65,No
CUST-06566,Male,0,No,No,1,Yes,Yes,Fiber optic,Yes,No,No,No,Yes,No,Month-to-month,Yes,Bank transfer (automatic),83.96,87.37,Yes
CUST-06567,Male,0,Yes,No,37,Yes,Yes,Fiber optic,No,Yes,Yes,No,No,No,Two year,No,Credit card (automatic),90.84,2896.13,No
CUST-06568,Male,0,Yes,Yes,49,Yes,Yes,Fiber optic,No,Yes,No,No,No,No,Month-to-month,No,Electronic check,53.11,2409.35,Yes
CUST-06569,Male,0,Yes,Yes,35,No,No phone service,Fiber optic,Yes,No,No,Yes,Yes,Yes,Month-to-month,Yes,Mailed check,104.27,3367.31,No
CUST-06570,Male,0,Yes,Yes,67,Yes,Yes,DSL,No,Yes,Yes,No,Yes,No,Month-to-month,Yes,Mailed check,114.22,6791.18,No
CUST-06571,Male,0,No,No,35,Yes,No,No,No internet service,No internet service,No internet service,No internet service,No internet service,No internet service,Two year,No,Electronic check,48.42,1492.81,No
CUST-06572,Female,0,No,No,9,Yes,No,DSL,Yes,No,No,Yes,No,No,One year,No,Mailed check,53.89,448.25,No
CUST-06573,Female,1,Yes,No,37,Yes,Yes,Fiber optic,No,No,No,Yes,No,Yes,One year,No,Credit card (automatic),59.35,2179.18,No
CUST-06574,Male,1,Yes,No,60,No,No phone service,Fiber optic,Yes,No,No,No,No,Yes,Month-to-month,Yes,Credit card (automatic),46.34,2769.64,No
CUST-06575,Female,0,Yes,Yes,56,Yes,No,No,No internet service,No internet service,No internet service,No internet service,No internet service,No internet service,Month-to-month,Yes,Electronic check,83.96,4539.31,No
CUST-06576,Female,0,No,No,12,Yes,No,DSL,Yes,No,No,No,No,Yes,Month-to-month,No,Electronic check,110.72,1338.18,No
CUST-06577,Male,0,No,Yes,71,Yes,No,Fiber optic,No,Yes,Yes,No,Yes,Yes,Month-to-month,No,Credit card (automatic),61.6,4333.2,No
CUST-06578,Female,0,Yes,Yes,71,Yes,No,DSL,Yes,No,No,Yes,No,No,Month-to-month,Yes,Electronic check,36.37,2605.79,Yes
CUST-06579,Female,0,Yes,No,4,Yes,Yes,No,No internet service,No internet service,No internet service,No internet service,No internet service,No internet service,Two year,No,Mailed check,37.92,158.5,No
CUST-06580,Female,0,No,No,61,Yes,Yes,Fiber optic,Yes,No,No,No,Yes,No,One year,Yes,Credit card (automatic),91.63,5398.82,Yes
CUST-06581,Female,0,Yes,Yes,45,Yes,No,DSL,No,No,Yes,Yes,Yes,No,Month-to-month,Yes,Bank transfer (automatic),92.89,4193.81,Yes
CUST-06582,Female,0,Yes,No,50,No,No phone service,Fiber optic,Yes,Yes,Yes,Yes,No,No,Two year,No,Credit card (automatic),66.55,3382.95,No
CUST-06583,Female,0,Yes,No,50,Yes,Yes,DSL,Yes,No,No,Yes,Yes,No,Two year,Yes,Credit card (automatic),95.59,4935.24,No
CUST-06584,Female,0,Yes,Yes,48,Yes,No,DSL,Yes,Yes,No,Yes,Yes,No,One year,Yes,Bank transfer (automatic),70.1,3227.0,No
CUST-06585,Female,0,Yes,Yes,23,No,No phone service,Fiber optic,Yes,Yes,No,No,Yes,Yes,One year,No,Mailed check,49.1,1167.45,Yes
CUST-06586,Male,0,No,No,8,Yes,No,DSL,Yes,No,No,No,Yes,No,Month-to-month,Yes,Bank transfer (automatic),32.23,246.96,Yes
CUST-06587,Male,0,No,No,29,No,No phone service,No,No internet service,No internet service,No internet service,No internet service,No internet service,No internet service,Month-to-month,Yes,Credit card (automatic),70.65,2025.52,Yes
CUST-06588,Female,0,Yes,No,43,Yes,Yes,Fiber optic,No,No,Yes,Yes,No,No,Month-to-month,No,Electronic check,103.27,4083.7,Yes
CUST-06589,Female,0,Yes,Yes,53,Yes,No,Fiber optic,Yes,No,No,Yes,Yes,No,Month-to-month,Yes,Mailed check,112.42,6238.33,No
CUST-06590,Male,0,No,No,6,Yes,No,No,No internet service,No internet service,No internet service,No internet service,No internet service,No internet service,Month-to-month,No,Bank transfer (automatic),24.19,129.68,No
CUST-06591,Female,0,Yes,No,24,Yes,Yes,Fiber optic,No,Yes,No,No,No,No,Month-to-month,Yes,Electronic check,111.68,2416.59,No
CUST-06592,Female,0,Yes,No,14,Yes,No,Fiber optic,Yes,Yes,No,Yes,No,No,Two year,Yes,Bank transfer (automatic),36.15,455.66,No
CUST-06593,Male,0,Yes,Yes,52,Yes,No,DSL,No,Yes,Yes,Yes,No,Yes,Two year,Yes,Electronic check,79.67,3870.24,No
CUST-06594,Male,0,No,No,70,Yes,Yes,No,No internet service,No internet service,No internet service,No internet service,No internet service,No internet service,One year,Yes,Mailed check,62.56,4395.0,No
CUST-06595,Male,0,Yes,No,4,Yes,No,No,No internet service,No internet service,No internet service,No internet service,No internet service,No internet service,Month-to-month,Yes,Electronic check,89.49,374.73,Yes
CUST-06596,Female,0,Yes,No,58,No,No phone service,DSL,No,No,Yes,No,Yes,No,Two year,Yes,Credit card (automatic),72.04,4067.72,No
CUST-06597,Female,1,Yes,No,37,Yes,Yes,DSL,Yes,Yes,Yes,Yes,Yes,No,Two year,Yes,Electronic check,57.75,2080.15,No
CUST-06598,Male,1,Yes,No,48,No,No phone service,No,No internet service,No internet service,No internet service,No internet service,No internet service,No internet service,Month-to-month,No,Credit card (automatic),25.26,1158.56,No
CUST-06599,Male,0,No,No,39,Yes,No,Fiber optic,Yes,Yes,Yes,Yes,No,Yes,Month-to-month,Yes,Bank transfer (automatic),20.7,831.84,Yes
CUST-06600,Female,1,No,No,66,Yes,Yes,Fiber optic,No,No,No,No,No,No,Month-to-month,No,Electronic check,42.22,2553.43,No
CUST-06601,Male,0,Yes,No,13,Yes,Yes,Fiber optic,Yes,No,No,No,Yes,Yes,Two year,No,Bank transfer (automatic),94.07,1085.91,No
CUST-06602,Female,0,Yes,No,66,No,No phone service,Fiber optic,No,No,Yes,Yes,No,Yes,Month-to-month,No,Mailed check,81.03,4790.57,No
CUST-06603,Female,0,No,No,60,Yes,No,No,No internet service,No internet service,No internet service,No internet service,No internet service,No internet service,Month-to-month,Yes,Credit card (automatic),60.63,3717.84,Yes
CUST-06604,Male,1,Yes,No,41,Yes,No,No,No internet service,No internet service,No internet service,No internet service,No internet service,No internet service,Month-to-month,Yes,Bank transfer (automatic),72.61,2631.48,No
CUST-06605,Male,0,No,Yes,32,Yes,No,No,No internet service,No internet service,No internet service,No internet service,No internet service,No internet service,Month-to-month,No,Bank transfer (automatic),78.26,2378.87,No
CUST-06606,Female,0,No,No,52,Yes,Yes,No,No internet service,No internet service,No internet service,No internet service,No internet service,No internet service,Month-to-month,Yes,Bank transfer (automatic),25.19,1197.68,No
CUST-06607,Male,0,Yes,Yes,5,Yes,Yes,DSL,No,No,No,Yes,Yes,No,One year,No,Mailed check,50.92,225.75,Yes
CUST-06608,Male,0,No,No,67,No,No phone service,DSL,Yes,No,No,Yes,Yes,No,Two year,Yes,Mailed check,107.69,6958.62,No
CUST-06609,Male,0,Yes,Yes,66,No,No phone service,No,No internet service,No internet service,No internet service,No internet service,No internet service,No internet service,One year,No,Mailed check,92.81,6254.29,No
CUST-06610,Male,0,Yes,No,52,Yes,Yes,DSL,No,Yes,No,No,No,No,One year,Yes,Electronic check,26.81,1274.12,No
CUST-06611,Female,0,No,No,49,Yes,No,No,No internet service,No internet service,No internet service,No internet service,No internet service,No internet service,One year,No,Mailed check,46.16,1976.73,No
CUST-06612,Female,0,No,Yes,29,Yes,No,No,No internet service,No internet service,No internet service,No internet service,No internet service,No internet service,Month-to-month,Yes,Bank transfer (automatic),38.62,1091.53,No
CUST-06613,Female,0,No,No,38,Yes,Yes,Fiber optic,No,Yes,Yes,Yes,Yes,No,Two year,No,Electronic check,56.95,2159.67,No
CUST-06614,Female,0,No,Yes,70,Yes,Yes,Fiber optic,No,Yes,No,Yes,No,No,One year,No,Electronic check,118.2,7958.04,No
CUST-06615,Male,0,Yes,No,8,Yes,Yes,DSL,No,Yes,Yes,No,No,Yes,Two year,Yes,Credit card (automatic),76.86,537.09,No
CUST-06616,Male,0,Yes,No,59,Yes,No,DSL,No,No,Yes,Yes,No,No,Two year,No,Bank transfer (automatic),34.12,1713.0,No
CUST-06617,Female,0,Yes,No,55,Yes,Yes,Fiber optic,Yes,Yes,No,Yes,No,No,Two year,Yes,Electronic check,98.1,4679.23,No
CUST-06618,Female,0,No,No,2,No,No phone service,DSL,Yes,Yes,No,No,Yes,No,Two year,Yes,Bank transfer (automatic),77.79,160.95,Yes
CUST-06619,Male,0,Yes,No,26,Yes,Yes,No,No internet service,No internet service,No internet service,No internet service,No internet service,No internet service,Month-to-month,Yes,Bank transfer (automatic),105.91,2658.68,No
CUST-06620,Female,0,Yes,No,63,Yes,No,DSL,No,No,Yes,No,No,Yes,Two year,Yes,Mailed check,67.61,3938.13,No
CUST-06621,Female,1,No,No,17,Yes,Yes,No,No internet service,No internet service,No internet service,No internet service,No internet service,No internet service,Two year,No,Bank transfer (automatic),108.82,1640.18,No
CUST-06622,Male,1,Yes,No,59,No,No phone service,DSL,No,No,No,Yes,Yes,Yes,One year,Yes,Credit card (automatic),105.29,6148.71,No
CUST-06623,Female,0,Yes,No,16,Yes,No,Fiber optic,No,No,Yes,Yes,Yes,No,One year,No,Electronic check,24.47,392.64,No
CUST-06624,Male,0,Yes,Yes,58,Yes,Yes,Fiber optic,Yes,Yes,No,Yes,No,No,Two year,Yes,Mailed check,102.09,5989.35,No
CUST-06625,Male,1,Yes,Yes,64,Yes,No,DSL,No,No,Yes,No,No,No,Month-to-month,Yes,Bank transfer (automatic),30.02,1640.16,No
CUST-06626,Female,1,Yes,Yes,50,Yes,Yes,Fiber optic,No,Yes,No,No,Yes,No,Month-to-month,No,Electronic check,29.16,1463.82,No
CUST-06627,Male,1,Yes,No,26,Yes,No,No,No internet service,No internet service,No internet service,No internet service,No internet service,No internet service,Month-to-month,No,Bank transfer (automatic),34.34,787.45,No
CUST-06628,Female,1,Yes,No,17,No,No phone service,DSL,No,Yes,No,Yes,No,Yes,Two year,No,Bank transfer (automatic),111.87,1919.53,No
CUST-06629,Male,0,Yes,Yes,46,Yes,Yes,DSL,No,No,No,Yes,No,Yes,Month-to-month,Yes,Mailed check,68.49,2773.16,No
CUST-06630,Female,0,Yes,Yes,68,Yes,No,Fiber optic,No,Yes,No,No,No,Yes,Month-to-month,Yes,Bank transfer (automatic),50.77,3103.61,Yes
CUST-06631,Female,0,Yes,No,50,Yes,Yes,No,No internet service,No internet service,No internet service,No internet service,No internet service,No internet service,One year,No,Bank transfer (automatic),23.63,1188.09,No
CUST-06632,Female,0,Yes,Yes,43,Yes,No,DSL,No,Yes,Yes,No,No,Yes,One year,Yes,Electronic check,29.91,1255.04,No
CUST-06633,Male,0,Yes,No,48,No,No phone service,DSL,No,No,No,Yes,No,Yes,Two year,Yes,Electronic check,37.3,1534.31,No
CUST-06634,Male,0,Yes,No,68,Yes,Yes,DSL,Yes,Yes,No,No,Yes,No,Month-to-month,No,Credit card (automatic),36.95,2218.99,No
CUST-06635,Female,0,No,No,19,Yes,Yes,DSL,No,No,No,Yes,Yes,Yes,Month-to-month,Yes,Bank transfer (automatic),26.23,446.64,No
CUST-06636,Male,0,No,Yes,25,Yes,No,DSL,No,Yes,Yes,No,No,Yes,Two year,Yes,Bank transfer (automatic),26.21,667.47,No
CUST-06637,Female,0,Yes,No,72,Yes,No,Fiber optic,Yes,No,Yes,No,No,Yes,Two year,No,Mailed check,48.39,3389.33,No
CUST-06638,Female,0,Yes,No,18,Yes,No,Fiber optic,No,No,Yes,No,No,Yes,Month-to-month,No,Bank transfer (automatic),73.82,1178.44,No
CUST-06639,Male,0,No,Yes,51,Yes,No,Fiber optic,No,No,No,Yes,No,Yes,Month-to-month,No,Electronic check,76.56,3518.21,Yes
CUST-06640,Female,0,No,No,18,Yes,No,DSL,No,No,Yes,No,Yes,No,Month-to-month,No,Electronic check,47.39,802.68,No
CUST-06641,Male,0,No,No,58,Yes,Yes,Fiber optic,Yes,No,Yes,Yes,Yes,Yes,Month-to-month,No,Credit card (automatic),26.18,1316.11,Yes
CUST-06642,Female,0,Yes,Yes,64,Yes,Yes,DSL,Yes,Yes,No,No,Yes,No,Two year,Yes,Electronic check,80.08,4779.71,No
CUST-06643,Male,0,No,No,71,Yes,No,DSL,No,Yes,No,Yes,Yes,No,One year,Yes,Mailed check,84.93,6082.22,No
CUST-06644,Female,0,No,Yes,57,No,No phone service,Fiber optic,No,Yes,No,Yes,Yes,No,Month-to-month,Yes,Electronic check,89.22,4724.95,Yes
CUST-06645,Female,0,Yes,No,17,Yes,No,DSL,No,No,No,No,No,No,Month-to-month,Yes,Mailed check,112.64,1928.59,Yes
CUST-06646,Male,0,Yes,No,59,Yes,Yes,No,No internet service,No internet service,No internet service,No internet service,No internet service,No internet service,Month-to-month,No,Mailed check,21.71,1248.76,No
CUST-06647,Female,0,Yes,Yes,67,Yes,Yes,DSL,Yes,No,No,Yes,Yes,No,Two year,Yes,Bank transfer (automatic),39.46,2461.06,No
CUST-06648,Female,1,Yes,Yes,15,No,No phone service,Fiber optic,Yes,Yes,Yes,Yes,Yes,Yes,One year,No,Electronic check,76.33,1177.78,No
CUST-06649,Male,0,Yes,No,26,Yes,No,Fiber optic,Yes,Yes,Yes,Yes,Yes,No,Month-to-month,No,Mailed check,19.02,464.01,No
CUST-06650,Female,0,No,No,48,No,No phone service,Fiber optic,Yes,No,No,No,Yes,No,Month-to-month,Yes,Electronic check,23.16,1108.31,No
CUST-06651,Male,0,Yes,No,14,Yes,Yes,Fiber optic,No,No,No,No,Yes,No,One year,No,Electronic check,58.17,822.44,No
CUST-06652,Female,0,Yes,No,9,Yes,Yes,DSL,No,No,No,Yes,No,Yes,Month-to-month,No,Electronic check,76.64,712.65,Yes
CUST-06653,Male,0,No,No,7,Yes,Yes,DSL,Yes,Yes,No,Yes,No,No,Month-to-month,Yes,Credit card (automatic),87.64,555.52,Yes
CUST-06654,Female,1,Yes,Yes,55,Yes,No,DSL,Yes,No,No,Yes,Yes,No,One year,No,Mailed check,43.35,2122.52,No
CUST-06655,Female,0,Yes,No,12,Yes,No,Fiber optic,Yes,No,No,Yes,No,No,Month-to-month,Yes,Mailed check,81.3,916.69,Yes
CUST-06656,Female,0,Yes,No,17,Yes,Yes,Fiber optic,No,No,No,No,Yes,Yes,Two year,No,Bank transfer (automatic),55.66,969.91,Yes
CUST-06657,Male,0,Yes,No,8,Yes,Yes,Fiber optic,No,Yes,Yes,Yes,No,No,Two year,No,Credit card (automatic),74.72,547.49,No
CUST-06658,Male,0,Yes,Yes,42,Yes,No,DSL,Yes,No,Yes,No,Yes,No,One year,Yes,Electronic check,86.29,3278.69,Yes
CUST-06659,Male,0,No,No,37,Yes,No,No,No internet service,No internet service,No internet service,No internet service,No internet service,No internet service,One year,Yes,Electronic check,43.61,1383.04,No
CUST-06660,Male,0,Yes,No,20,Yes,Yes,DSL,No,No,Yes,No,No,Yes,Two year,No,Mailed check,54.56,1080.4,No
CUST-06661,Female,0,No,No,1,Yes,Yes,DSL,No,No,No,Yes,Yes,No,Month-to-month,Yes,Electronic check,74.41,73.66,Yes
CUST-06662,Female,0,Yes,No,9,Yes,Yes,No,No internet service,No internet service,No internet service,No internet service,No internet service,No internet service,Two year,No,Mailed check,41.61,380.81,No
CUST-06663,Male,1,No,No,24,Yes,No,DSL,Yes,No,No,No,Yes,Yes,One year,Yes,Bank transfer (automatic),113.88,2594.19,No
CUST-06664,Male,0,No,Yes,34,Yes,Yes,No,No internet service,No internet service,No internet service,No internet service,No internet service,No internet service,Month-to-month,No,Mailed check,91.81,3209.2,No
CUST-06665,Male,0,No,No,36,Yes,No,DSL,Yes,No,No,No,No,Yes,Month-to-month,Yes,Bank transfer (automatic),82.1,2563.1,No
CUST-06666,Female,0,Yes,Yes,4,Yes,Yes,DSL,No,No,No,Yes,No,Yes,One year,Yes,Electronic check,92.38,355.7,No
CUST-06667,Male,0,No,Yes,29,Yes,Yes,DSL,Yes,No,No,Yes,No,No,Two year,Yes,Mailed check,41.88,1148.17,No
CUST-06668,Male,0,No,No,16,No,No phone service,Fiber optic,No,Yes,No,No,No,No,Month-to-month,Yes,Bank transfer (automatic),18.67,307.53,Yes
CUST-06669,Female,0,No,No,8,Yes,Yes,Fiber optic,No,No,No,No,No,Yes,One year,Yes,Credit card (automatic),84.03,693.52,Yes
CUST-06670,Female,0,Yes,No,39,No,No phone service,DSL,No,No,No,Yes,No,No,Month-to-month,Yes,Electronic check,116.39,4744.76,No
CUST-06671,Male,0,Yes,No,58,Yes,Yes,DSL,No,Yes,Yes,Yes,Yes,Yes,Month-to-month,Yes,Electronic check,85.19,4547.96,No
CUST-06672,Female,0,Yes,No,12,Yes,Yes,DSL,Yes,No,Yes,No,No,No,Month-to-month,Yes,Electronic check,35.76,397.34,No
CUST-06673,Male,0,Yes,No,44,Yes,Yes,DSL,Yes,No,Yes,Yes,Yes,No,Two year,Yes,Electronic check,105.58,4127.74,No
CUST-06674,Female,0,No,Yes,4,Yes,No,No,No internet service,No internet service,No internet service,No internet service,No internet service,No internet service,Month-to-month,Yes,Credit card (automatic),77.05,307.75,No
CUST-06675,Male,0,No,No,25,Yes,Yes,Fiber optic,Yes,Yes,No,Yes,No,Yes,Month-to-month,Yes,Electronic check,80.99,2058.45,Yes
CUST-06676,Male,1,No,Yes,70,Yes,No,Fiber optic,Yes,No,Yes,No,No,No,Month-to-month,Yes,Electronic check,70.36,5025.84,No
CUST-06677,Male,0,Yes,No,67,No,No phone service,DSL,Yes,Yes,Yes,No,No,Yes,One year,Yes,Credit card (automatic),92.87,6521.46,No
CUST-06678,Male,0,Yes,No,39,No,No phone service,DSL,Yes,No,No,Yes,Yes,No,Month-to-month,No,Mailed check,115.84,4347.95,No
CUST-06679,Female,0,Yes,Yes,24,Yes,No,Fiber optic,No,No,Yes,Yes,Yes,No,Month-to-month,No,Bank transfer (automatic),56.22,1204.74,Yes
CUST-06680,Female,0,Yes,Yes,6,Yes,Yes,No,No internet service,No internet service,No internet service,No internet service,No internet service,No internet service,Month-to-month,Yes,Electronic check,77.25,449.71,Yes
CUST-06681,Female,0,No,No,72,Yes,No,No,No internet service,No internet service,No internet service,No internet service,No internet service,No internet service,Month-to-month,No,Bank transfer (automatic),105.13,6982.89,No
CUST-06682,Female,1,Yes,No,33,Yes,No,Fiber optic,No,Yes,No,No,Yes,No,Month-to-month,Yes,Credit card (automatic),107.65,3256.74,Yes
CUST-06683,Male,0,No,No,48,Yes,No,DSL,Yes,Yes,Yes,Yes,No,No,Month-to-month,Yes,Bank transfer (automatic),101.95,4845.06,No
CUST-06684,Male,1,No,No,67,Yes,No,DSL,Yes,Yes,No,Yes,No,Yes,Two year,No,Electronic check,75.2,4487.27,No
CUST-06685,Female,0,No,No,2,Yes,No,Fiber optic,Yes,No,No,Yes,Yes,Yes,Two year,No,Electronic check,113.5,217.69,No
CUST-06686,Female,0,Yes,No,38,Yes,No,DSL,Yes,No,Yes,Yes,Yes,Yes,One year,No,Electronic check,35.33,1179.04,No
CUST-06687,Female,0,Yes,No,40,Yes,No,No,No internet service,No internet service,No internet service,No internet service,No internet service,No internet service,Month-to-month,No,Credit card (automatic),38.73,1592.85,No
CUST-06688,Female,0,Yes,Yes,56,No,No phone service,Fiber optic,No,Yes,No,No,No,No,Month-to-month,No,Bank transfer (automatic),40.14,1950.54,Yes
CUST-06689,Female,0,Yes,No,21,Yes,Yes,No,No internet service,No internet service,No internet service,No internet service,No internet service,No internet service,Month-to-month,No,Electronic check,59.05,1285.19,No
CUST-06690,Male,1,No,No,35,Yes,Yes,Fiber optic,No,Yes,No,No,No,Yes,Month-to-month,Yes,Credit card (automatic),86.07,3162.85,No
CUST-06691,Male,0,No,No,67,Yes,No,Fiber optic,No,No,Yes,No,Yes,No,One year,No,Electronic check,60.92,3661.59,No
CUST-06692,Male,1,Yes,No,60,Yes,Yes,DSL,No,No,Yes,No,Yes,Yes,Month-to-month,No,Bank transfer (automatic),114.89,5987.26,No
CUST-06693,Female,1,Yes,No,23,Yes,No,Fiber optic,No,No,No,Yes,No,No,Two year,Yes,Credit card (automatic),42.54,837.85,No
CUST-06694,Female,1,No,Yes,65,Yes,Yes,DSL,No,Yes,No,Yes,No,Yes,Month-to-month,No,Bank transfer (automatic),101.07,5775.56,No
CUST-06695,Female,0,Yes,No,63,Yes,Yes,Fiber optic,No,Yes,No,Yes,Yes,No,Month-to-month,No,Credit card (automatic),97.77,6363.04,No
CUST-06696,Female,0,No,Yes,23,Yes,Yes,Fiber optic,Yes,No,No,No,No,Yes,One year,No,Credit card (automatic),51.76,1185.73,No
CUST-06697,Male,0,No,Yes,42,Yes,Yes,Fiber optic,Yes,Yes,No,Yes,Yes,Yes,Two year,Yes,Electronic check,66.01,2407.63,No
CUST-06698,Male,0,No,No,64,Yes,No,Fiber optic,No,Yes,Yes,No,Yes,No,Two year,Yes,Mailed check,95.68,6382.42,Yes
CUST-06699,Female,0,No,No,66,Yes,Yes,Fiber optic,Yes,Yes,Yes,No,No,Yes,Month-to-month,Yes,Credit card (automatic),105.13,6806.69,No
CUST-06700,Male,0,No,No,41,Yes,No,DSL,No,No,No,No,No,Yes,One year,No,Electronic check,87.61,3721.1,No
CUST-06701,Male,0,No,Yes,20,Yes,Yes,No,No internet service,No internet service,No internet service,No internet service,No internet service,No internet service,Month-to-month,Yes,Credit card (automatic),112.07,2224.99,No
CUST-06702,Female,1,No,No,9,Yes,Yes,DSL,No,Yes,No,Yes,No,No,Two year,Yes,Electronic check,81.25,676.49,No
CUST-06703,Female,1,Yes,Yes,57,Yes,No,No,No internet service,No internet service,No internet service,No internet service,No internet service,No internet service,Month-to-month,No,Bank transfer (automatic),59.4,2923.58,No
CUST-06704,Female,0,Yes,No,17,Yes,No,Fiber optic,Yes,No,Yes,No,Yes,Yes,Month-to-month,No,Electronic check,81.55,1182.94,Yes
CUST-06705,Female,0,No,No,18,Yes,No,No,No internet service,No internet service,No internet service,No internet service,No internet service,No internet service,Month-to-month,No,Credit card (automatic),80.42,1406.96,Yes
CUST-06706,Female,0,Yes,No,63,Yes,No,Fiber optic,No,No,Yes,No,No,No,Month-to-month,No,Mailed check,74.35,4452.41,No
CUST-06707,Female,0,No,No,72,Yes,No,Fiber optic,Yes,No,No,No,Yes,Yes,Month-to-month,Yes,Electronic check,49.25,3425.36,No
CUST-06708,Male,0,No,Yes,72,Yes,Yes,Fiber optic,No,No,No,No,Yes,Yes,One year,Yes,Credit card (automatic),86.06,6461.31,No
CUST-06709,Male,0,No,No,26,Yes,No,Fiber optic,No,Yes,No,No,Yes,Yes,One year,No,Mailed check,99.68,2671.2,No
CUST-06710,Female,0,Yes,No,72,Yes,No,DSL,No,No,No,No,Yes,No,Two year,No,Credit card (automatic),115.8,7682.08,No
CUST-06711,Male,0,Yes,No,72,Yes,No,Fiber optic,No,No,No,No,Yes,No,One year,Yes,Mailed check,68.75,4522.79,No
CUST-06712,Female,0,Yes,No,13,Yes,No,DSL,Yes,No,No,No,Yes,Yes,One year,Yes,Credit card (automatic),94.74,1116.85,No
CUST-06713,Female,0,Yes,No,17,Yes,No,Fiber optic,No,No,Yes,Yes,No,No,Month-to-month,No,Electronic check,99.8,1761.28,No
CUST-06714,Female,1,No,No,26,Yes,No,DSL,No,Yes,Yes,No,No,No,One year,No,Credit card (automatic),86.75,2326.88,No
CUST-06715,Female,0,No,No,6,Yes,Yes,DSL,No,No,Yes,No,Yes,No,Two year,No,Mailed check,56.66,352.67,No
CUST-06716,Male,0,No,No,4,Yes,No,No,No internet service,No internet service,No internet service,No internet service,No internet service,No internet service,Month-to-month,Yes,Mailed check,91.05,326.45,No
CUST-06717,Female,0,Yes,Yes,7,Yes,No,No,No internet service,No internet service,No internet service,No internet service,No internet service,No internet service,Month-to-month,Yes,Electronic check,117.71,777.8,No
CUST-06718,Male,0,Yes,Yes,17,Yes,Yes,Fiber optic,No,No,No,Yes,Yes,Yes,Two year,No,Electronic check,79.86,1250.39,No
CUST-06719,Female,0,Yes,Yes,50,Yes,Yes,No,No internet service,No internet service,No internet service,No internet service,No internet service,No internet service,Month-to-month,Yes,Electronic check,93.29,4266.03,No
CUST-06720,Female,0,Yes,No,6,Yes,Yes,DSL,No,No,No,No,No,No,One year,No,Bank transfer (automatic),42.16,219.89,No
CUST-06721,Female,0,No,Yes,30,Yes,Yes,DSL,Yes,Yes,Yes,No,No,No,Month-to-month,Yes,Bank transfer (automatic),84.8,2589.97,Yes
CUST-06722,Male,0,Yes,Yes,56,Yes,Yes,DSL,No,Yes,No,No,No,No,One year,Yes,Credit card (automatic),21.49,1094.44,No
CUST-06723,Female,0,Yes,No,39,Yes,Yes,DSL,Yes,No,Yes,No,Yes,No,Month-to-month,No,Credit card (automatic),102.73,3686.94,No
CUST-06724,Female,0,No,No,14,Yes,No,DSL,Yes,Yes,Yes,Yes,Yes,No,Month-to-month,Yes,Bank transfer (automatic),40.54,551.21,Yes
CUST-06725,Female,0,No,No,54,Yes,Yes,Fiber optic,No,No,No,Yes,Yes,Yes,Two year,No,Bank transfer (automatic),24.66,1378.55,No
CUST-06726,Male,0,Yes,No,22,Yes,No,DSL,Yes,No,Yes,Yes,No,No,One year,Yes,Credit card (automatic),36.12,790.53,No
CUST-06727,Male,0,No,Yes,57,Yes,Yes,DSL,No,Yes,No,No,No,No,Month-to-month,Yes,Electronic check,65.93,3677.53,No
CUST-06728,Male,0,Yes,No,41,Yes,Yes,Fiber optic,Yes,Yes,No,Yes,No,No,Month-to-month,Yes,Electronic check,22.32,795.37,No
CUST-06729,Female,1,Yes,Yes,10,Yes,Yes,DSL,No,No,No,Yes,No,Yes,Month-to-month,Yes,Bank transfer (automatic),21.56,210.15,No
CUST-06730,Male,0,Yes,No,2,No,No phone service,Fiber optic,No,Yes,No,No,No,Yes,Month-to-month,Yes,Electronic check,70.04,126.53,Yes
CUST-06731,Female,1,No,Yes,67,Yes,Yes,DSL,No,No,No,Yes,No,Yes,Month-to-month,Yes,Mailed check,75.97,4977.44,No
CUST-06732,Male,0,Yes,No,48,Yes,Yes,No,No internet service,No internet service,No internet service,No internet service,No internet service,No internet service,Two year,No,Bank transfer (automatic),50.49,2218.68,No
CUST-06733,Male,1,Yes,Yes,42,Yes,Yes,DSL,No,No,Yes,Yes,No,No,Month-to-month,No,Credit card (automatic),19.72,716.7,No
CUST-06734,Female,0,No,No,11,Yes,Yes,No,No internet service,No internet service,No internet service,No internet service,No internet service,No internet service,Month-to-month,No,Credit card (automatic),64.88,727.18,Yes
CUST-06735,Male,0,Yes,Yes,12,Yes,Yes,Fiber optic,Yes,No,Yes,No,No,Yes,Month-to-month,No,Bank transfer (automatic),111.71,1288.17,No
CUST-06736,Female,1,Yes,Yes,14,Yes,Yes,DSL,Yes,No,No,No,No,Yes,Month-to-month,Yes,Mailed check,67.4,855.12,No
CUST-06737,Female,0,Yes,No,30,Yes,No,DSL,No,No,No,No,No,Yes,Month-to-month,Yes,Credit card (automatic),64.24,1775.84,Yes
CUST-06738,Male,0,Yes,Yes,60,Yes,Yes,Fiber optic,No,No,No,No,No,No,One year,Yes,Electronic check,74.97,4379.39,No
CUST-06739,Female,0,No,No,30,Yes,Yes,No,No internet service,No internet service,No internet service,No internet service,No internet service,No internet service,Month-to-month,Yes,Credit card (automatic),34.8,1029.27,No
CUST-06740,Female,0,No,No,38,Yes,Yes,DSL,Yes,Yes,No,No,Yes,No,Two year,Yes,Mailed check,99.91,3596.74,No
CUST-06741,Male,0,Yes,No,65,Yes,Yes,DSL,Yes,Yes,No,No,No,No,Month-to-month,Yes,Electronic check,21.39,1328.0,Yes
CUST-06742,Male,0,Yes,No,47,Yes,Yes,Fiber optic,Yes,No,No,Yes,Yes,Yes,Month-to-month,No,Mailed check,23.74,972.2,No
CUST-06743,Female,1,No,No,39,Yes,No,Fiber optic,Yes,No,Yes,No,No,No,Two year,Yes,Bank transfer (automatic),23.73,813.85,No
CUST-06744,Male,0,Yes,No,49,Yes,Yes,No,No internet service,No internet service,No internet service,No internet service,No internet service,No internet service,Two year,No,Bank transfer (automatic),98.85,4320.63,No
CUST-06745,Female,1,No,No,58,Yes,No,Fiber optic,Yes,No,No,No,Yes,Yes,Two year,Yes,Electronic check,55.56,3080.9,No
CUST-06746,Female,1,Yes,Yes,17,Yes,No,DSL,No,No,No,Yes,No,No,One year,No,Bank transfer (automatic),83.61,1327.51,No
CUST-06747,Male,0,No,Yes,6,Yes,Yes,No,No internet service,No internet service,No internet service,No internet service,No internet service,No internet service,One year,No,Credit card (automatic),26.11,151.05,Yes
CUST-06748,Male,0,No,Yes,15,Yes,Yes,Fiber optic,Yes,No,Yes,No,No,Yes,One year,Yes,Electronic check,95.79,1270.99,Yes
CUST-06749,Male,0,No,No,67,Yes,Yes,Fiber optic,No,No,No,No,Yes,No,Month-to-month,No,Electronic check,52.15,3646.4,No
CUST-06750,Male,0,Yes,No,28,Yes,No,Fiber optic,No,Yes,Yes,Yes,No,No,Month-to-month,Yes,Electronic check,39.98,1089.26,Yes
CUST-06751,Female,0,No,No,44,Yes,No,DSL,No,Yes,No,No,Yes,No,Month-to-month,No,Electronic check,90.91,3502.49,Yes
CUST-06752,Female,0,No,No,18,Yes,Yes,DSL,Yes,No,No,Yes,No,No,One year,No,Electronic check,24.58,408.84,No
CUST-06753,Male,0,No,No,32,Yes,Yes,DSL,No,No,No,Yes,No,No,Two year,Yes,Credit card (automatic),67.59,2262.46,No
CUST-06754,Male,0,Yes,No,69,Yes,No,No,No internet service,No internet service,No internet service,No internet service,No internet service,No internet service,One year,No,Bank transfer (automatic),57.08,4108.96,No
CUST-06755,Female,0,No,No,44,Yes,No,No,No internet service,No internet service,No internet service,No internet service,No internet service,No internet service,Month-to-month,No,Credit card (automatic),93.61,3558.77,No
CUST-06756,Female,0,Yes,No,70,Yes,No,DSL,No,No,Yes,No,Yes,No,Month-to-month,No,Mailed check,83.18,5916.81,Yes
CUST-06757,Female,0,Yes,No,63,No,No phone service,Fiber optic,Yes,Yes,Yes,Yes,No,Yes,Month-to-month,Yes,Bank transfer (automatic),108.94,6714.87,No
CUST-06758,Female,0,No,Yes,58,Yes,Yes,Fiber optic,Yes,No,No,Yes,No,No,Two year,No,Mailed check,92.13,4739.79,No
CUST-06759,Male,0,Yes,No,47,Yes,Yes,DSL,No,No,No,Yes,No,Yes,Month-to-month,No,Mailed check,60.4,2886.07,No
CUST-06760,Female,1,No,No,17,Yes,No,Fiber optic,Yes,Yes,Yes,No,No,No,Two year,Yes,Mailed check,36.89,613.29,No
CUST-06761,Female,0,No,Yes,39,Yes,Yes,Fiber optic,Yes,No,No,Yes,No,Yes,Month-to-month,Yes,Mailed check,63.91,2175.07,Yes
CUST-06762,Male,0,No,No,59,Yes,Yes,DSL,Yes,No,Yes,Yes,No,No,One year,Yes,Electronic check,35.03,2107.26,No
CUST-06763,Female,0,No,Yes,7,Yes,No,No,No internet service,No internet service,No internet service,No internet service,No internet service,No internet service,Two year,Yes,Bank transfer (automatic),29.56,207.3,No
CUST-06764,Female,1,No,No,63,Yes,Yes,Fiber optic,No,No,Yes,No,No,Yes,One year,No,Electronic check,22.98,1232.7,Yes
CUST-06765,Male,0,Yes,Yes,57,Yes,No,DSL,No,Yes,No,Yes,Yes,No,Month-to-month,No,Electronic check,73.3,3764.04,No
CUST-06766,Male,0,No,No,34,Yes,Yes,No,No internet service,No internet service,No internet service,No internet service,No internet service,No internet service,Month-to-month,Yes,Bank transfer (automatic),75.75,2327.94,No
CUST-06767,Male,1,Yes,No,53,Yes,Yes,DSL,No,Yes,No,Yes,Yes,Yes,Month-to-month,No,Bank transfer (automatic),84.84,4235.2,No
CUST-06768,Female,0,Yes,No,66,Yes,Yes,No,No internet service,No internet service,No internet service,No internet service,No internet service,No internet service,Month-to-month,No,Electronic check,108.45,6413.82,No
CUST-06769,Female,0,No,No,48,Yes,Yes,DSL,Yes,No,No,No,No,No,One year,Yes,Bank transfer (automatic),111.12,5416.66,No
CUST-06770,Male,0,Yes,No,60,Yes,Yes,Fiber optic,Yes,No,Yes,No,No,Yes,Two year,Yes,Electronic check,52.76,3135.11,No
CUST-06771,Male,1,Yes,No,43,Yes,Yes,No,No internet service,No internet service,No internet service,No internet service,No internet service,No internet service,Two year,No,Credit card (automatic),82.89,3051.11,No
CUST-06772,Female,0,No,No,4,Yes,Yes,DSL,No,No,No,No,Yes,Yes,Month-to-month,No,Electronic check,65.14,258.32,Yes
CUST-06773,Male,0,Yes,Yes,52,No,No phone service,Fiber optic,Yes,No,No,Yes,Yes,No,Two year,Yes,Credit card (automatic),94.78,5126.98,No
CUST-06774,Male,0,Yes,No,32,Yes,No,Fiber optic,Yes,Yes,No,No,No,No,One year,No,Electronic check,91.08,2765.3,Yes
CUST-06775,Male,0,Yes,No,51,Yes,Yes,Fiber optic,No,No,No,No,Yes,No,Month-to-month,Yes,Bank transfer (automatic),37.93,1714.71,No
CUST-06776,Female,0,No,No,10,Yes,No,DSL,Yes,Yes,No,Yes,Yes,Yes,Month-to-month,Yes,Electronic check,35.75,366.82,No
CUST-06777,Female,0,No,Yes,12,Yes,No,No,No internet service,No internet service,No internet service,No internet service,No internet service,No internet service,Month-to-month,Yes,Credit card (automatic),29.65,349.35,No
CUST-06778,Female,0,No,Yes,39,Yes,Yes,Fiber optic,No,Yes,No,No,No,No,Month-to-month,No,Electronic check,30.53,1113.99,Yes
CUST-06779,Female,0,Yes,No,68,Yes,No,DSL,Yes,No,No,Yes,No,Yes,Month-to-month,Yes,Electronic check,43.09,2732.14,No
CUST-06780,Female,0,No,No,10,Yes,Yes,Fiber optic,No,Yes,No,Yes,Yes,Yes,Month-to-month,No,Electronic check,53.67,486.48,No
CUST-06781,Female,0,No,Yes,10,Yes,Yes,Fiber optic,No,No,No,No,No,No,Month-to-month,Yes,Credit card (automatic),81.34,708.68,Yes
CUST-06782,Male,0,Yes,No,23,Yes,No,No,No internet service,No internet service,No internet service,No internet service,No internet service,No internet service,Month-to-month,Yes,Electronic check,94.09,2216.93,No
CUST-06783,Female,0,Yes,Yes,13,Yes,Yes,DSL,No,Yes,Yes,Yes,Yes,Yes,Month-to-month,No,Credit card (automatic),32.2,438.12,No
CUST-06784,Female,0,No,No,48,Yes,No,DSL,No,No,Yes,Yes,No,No,Month-to-month,Yes,Electronic check,43.76,2182.82,No
CUST-06785,Male,0,No,No,44,Yes,No,DSL,Yes,Yes,Yes,Yes,Yes,No,Month-to-month,Yes,Electronic check,78.35,3047.0,No
CUST-06786,Female,0,No,No,64,Yes,No,No,No internet service,No internet service,No internet service,No internet service,No internet service,No internet service,Month-to-month,No,Credit card (automatic),95.33,5697.22,No
CUST-06787,Female,0,Yes,Yes,40,No,No phone service,Fiber optic,Yes,No,No,Yes,Yes,No,One year,No,Bank transfer (automatic),101.7,3695.27,No
CUST-06788,Male,0,No,Yes,6,No,No phone service,DSL,Yes,No,Yes,No,No,No,Month-to-month,No,Electronic check,57.11,314.77,Yes
CUST-06789,Male,0,Yes,No,72,Yes,No,Fiber optic,Yes,Yes,No,Yes,No,No,Month-to-month,Yes,Electronic check,63.49,4181.0,Yes
CUST-06790,Male,0,Yes,No,43,Yes,No,DSL,No,Yes,No,Yes,No,No,Month-to-month,No,Mailed check,87.15,3881.92,No
CUST-06791,Female,1,Yes,No,32,Yes,No,DSL,Yes,Yes,No,No,Yes,No,Month-to-month,No,Credit card (automatic),46.37,1542.29,No
CUST-06792,Male,0,No,No,49,Yes,Yes,Fiber optic,Yes,No,No,No,No,Yes,Two year,Yes,Bank transfer (automatic),26.42,1110.88,No
CUST-06793,Female,0,No,No,19,Yes,Yes,DSL,Yes,No,No,Yes,Yes,Yes,One year,Yes,Bank transfer (automatic),63.21,1149.59,No
CUST-06794,Female,1,No,Yes,52,Yes,No,Fiber optic,Yes,No,No,No,No,Yes,Month-to-month,No,Mailed check,118.53,6054.94,Yes
CUST-06795,Female,0,No,Yes,52,Yes,No,Fiber optic,No,No,No,No,No,No,Two year,No,Bank transfer (automatic),56.1,2623.03,No
CUST-06796,Female,0,Yes,No,34,Yes,No,Fiber optic,Yes,No,Yes,Yes,No,No,Month-to-month,Yes,Electronic check,48.43,1419.82,No
CUST-06797,Male,0,No,No,59,Yes,Yes,DSL,No,No,Yes,No,Yes,No,Month-to-month,No,Mailed check,101.9,5200.55,Yes
CUST-06798,Male,0,No,No,5,Yes,No,Fiber optic,No,No,No,No,No,No,Month-to-month,Yes,Mailed check,111.65,556.89,Yes
CUST-06799,Female,0,Yes,No,66,Yes,No,DSL,No,Yes,Yes,Yes,Yes,Yes,Month-to-month,No,Bank transfer (automatic),97.63,5947.59,No
CUST-06800,Male,0,Yes,Yes,41,Yes,No,Fiber optic,No,Yes,No,No,Yes,No,Month-to-month,No,Electronic check,71.42,2819.39,No
CUST-06801,Female,0,Yes,No,34,Yes,No,DSL,Yes,No,No,No,No,No,Two year,No,Electronic check,108.61,3372.69,No
CUST-06802,Female,0,Yes,No,54,Yes,No,Fiber optic,Yes,No,No,No,No,No,Month-to-month,No,Credit card (automatic),78.17,4276.05,No
CUST-06803,Female,0,Yes,No,20,Yes,No,Fiber optic,No,Yes,Yes,No,Yes,No,Month-to-month,No,Electronic check,48.12,836.02,Yes
CUST-06804,Male,1,Yes,No,54,Yes,No,Fiber optic,No,Yes,No,Yes,No,No,Two year,Yes,Electronic check,113.56,5231.2,No
CUST-06805,Female,0,No,No,66,Yes,Yes,Fiber optic,No,Yes,No,No,Yes,Yes,Month-to-month,Yes,Credit card (automatic),85.0,5263.6,Yes
CUST-06806,Female,0,Yes,Yes,18,Yes,No,Fiber optic,No,Yes,Yes,No,No,No,One year,Yes,Bank transfer (automatic),31.63,529.89,No
CUST-06807,Male,0,Yes,No,44,Yes,Yes,DSL,No,No,No,Yes,No,Yes,Month-to-month,Yes,Electronic check,52.25,1961.83,Yes
CUST-06808,Male,0,No,Yes,48,Yes,No,Fiber optic,Yes,Yes,No,Yes,No,No,Month-to-month,Yes,Mailed check,85.29,4158.68,No
CUST-06809,Male,0,Yes,No,35,Yes,Yes,No,No internet service,No internet service,No internet service,No internet service,No internet service,No internet service,Month-to-month,No,Credit card (automatic),103.4,3465.68,No
CUST-06810,Male,0,No,Yes,39,Yes,No,DSL,Yes,No,No,No,No,No,Month-to-month,No,Credit card (automatic),118.85,4719.14,No
CUST-06811,Female,0,No,Yes,3,Yes,Yes,DSL,No,No,Yes,No,No,Yes,One year,No,Bank transfer (automatic),38.65,109.17,No
CUST-06812,Male,0,Yes,Yes,19,Yes,Yes,DSL,Yes,No,No,Yes,Yes,No,Month-to-month,Yes,Electronic check,100.15,1853.23,No
CUST-06813,Female,0,Yes,Yes,18,No,No phone service,Fiber optic,Yes,No,Yes,No,No,No,Month-to-month,Yes,Credit card (automatic),30.08,463.24,No
CUST-06814,Male,0,Yes,No,5,Yes,Yes,DSL,No,No,No,No,Yes,Yes,Month-to-month,Yes,Credit card (automatic),87.51,440.49,No
CUST-06815,Male,1,Yes,No,55,No,No phone service,No,No internet service,No internet service,No internet service,No internet service,No internet service,No internet service,One year,Yes,Credit card (automatic),28.92,1371.94,No
CUST-06816,Male,1,Yes,No,13,Yes,No,Fiber optic,Yes,No,Yes,No,No,Yes,Month-to-month,Yes,Electronic check,75.15,883.69,Yes
CUST-06817,Male,0,Yes,No,34,Yes,No,DSL,No,No,Yes,No,No,No,Two year,Yes,Mailed check,71.29,2287.88,No
CUST-06818,Male,0,Yes,Yes,18,Yes,Yes,No,No internet service,No internet service,No internet service,No internet service,No internet service,No internet service,Month-to-month,No,Electronic check,109.21,1769.88,No
CUST-06819,Male,0,No,No,68,Yes,Yes,DSL,No,Yes,Yes,No,Yes,No,Month-to-month,Yes,Electronic check,72.76,4263.85,No
CUST-06820,Female,0,Yes,Yes,72,Yes,Yes,DSL,No,No,No,Yes,Yes,No,One year,No,Mailed check,91.07,6497.74,No
CUST-06821,Male,1,No,Yes,43,Yes,No,DSL,No,No,No,Yes,No,No,One year,Yes,Electronic check,106.1,4238.32,No
CUST-06822,Male,0,Yes,Yes,65,Yes,No,DSL,Yes,No,Yes,No,Yes,Yes,Two year,No,Credit card (automatic),32.37,2099.77,No
CUST-06823,Male,0,No,No,41,Yes,Yes,Fiber optic,Yes,Yes,No,No,Yes,No,Month-to-month,Yes,Credit card (automatic),30.03,1105.43,Yes
CUST-06824,Male,1,Yes,Yes,38,Yes,No,DSL,No,Yes,No,No,Yes,Yes,Two year,No,Credit card (automatic),30.31,1087.95,No
CUST-06825,Female,1,No,No,38,Yes,No,Fiber optic,No,Yes,No,No,No,No,One year,No,Electronic check,51.11,1788.61,Yes
CUST-06826,Male,0,Yes,No,13,Yes,Yes,Fiber optic,Yes,No,No,Yes,No,No,Two year,No,Bank transfer (automatic),57.75,703.48,No
CUST-06827,Male,0,No,No,22,Yes,No,DSL,Yes,No,Yes,No,Yes,No,One year,Yes,Electronic check,21.94,504.19,No
CUST-06828,Male,0,Yes,No,29,Yes,No,Fiber optic,Yes,Yes,No,Yes,Yes,No,Two year,Yes,Bank transfer (automatic),43.42,1170.85,No
CUST-06829,Male,0,No,No,9,Yes,Yes,Fiber optic,No,No,No,No,No,Yes,Two year,Yes,Electronic check,18.7,160.39,Yes
CUST-06830,Female,0,Yes,No,68,Yes,Yes,No,No internet service,No internet service,No internet service,No internet service,No internet service,No internet service,Month-to-month,No,Mailed check,37.49,2656.18,No
CUST-06831,Male,0,No,Yes,17,Yes,Yes,DSL,No,Yes,No,Yes,No,Yes,Two year,Yes,Electronic check,58.08,849.01,No
CUST-06832,Female,0,Yes,No,37,No,No phone service,DSL,No,No,No,No,Yes,No,One year,Yes,Electronic check,94.96,3210.4,No
CUST-06833,Male,0,Yes,Yes,64,Yes,No,No,No internet service,No internet service,No internet service,No internet service,No internet service,No internet service,Two year,Yes,Electronic check,119.73,6825.91,No
CUST-06834,Female,0,Yes,No,67,Yes,No,DSL,No,No,No,Yes,Yes,No,Month-to-month,Yes,Electronic check,38.33,2415.07,Yes
CUST-06835,Female,0,Yes,No,4,Yes,Yes,DSL,Yes,No,Yes,Yes,Yes,Yes,Two year,Yes,Electronic check,89.52,312.88,No
CUST-06836,Male,0,No,No,40,Yes,No,Fiber optic,No,No,No,Yes,Yes,No,Two year,Yes,Bank transfer (automatic),53.95,2033.04,No
CUST-06837,Male,0,No,No,16,No,No phone service,DSL,No,No,Yes,Yes,No,No,Month-to-month,Yes,Credit card (automatic),104.66,1520.9,No
CUST-06838,Female,0,Yes,Yes,11,Yes,No,Fiber optic,Yes,Yes,No,No,No,No,Month-to-month,Yes,Credit card (automatic),52.01,597.06,Yes
CUST-06839,Female,0,No,No,26,No,No phone service,No,No internet service,No internet service,No internet service,No internet service,No internet service,No internet service,One year,No,Bank transfer (automatic),49.56,1136.48,No
CUST-06840,Male,0,No,No,72,Yes,No,Fiber optic,No,No,Yes,Yes,Yes,Yes,One year,Yes,Electronic check,72.58,4927.39,No
CUST-06841,Female,0,No,No,65,Yes,No,Fiber optic,No,No,No,No,Yes,No,One year,Yes,Mailed check,119.77,7685.01,Yes
CUST-06842,Female,0,Yes,Yes,2,Yes,No,DSL,No,Yes,No,No,No,No,Two year,No,Electronic check,53.98,104.79,No
CUST-06843,Female,0,Yes,No,45,Yes,No,No,No internet service,No internet service,No internet service,No internet service,No internet service,No internet service,One year,Yes,Mailed check,38.65,1593.57,No
CUST-06844,Male,0,No,No,43,Yes,No,Fiber optic,No,Yes,No,No,Yes,No,Month-to-month,Yes,Credit card (automatic),88.98,3456.31,Yes
CUST-06845,Female,0,Yes,No,3,Yes,Yes,DSL,Yes,No,Yes,No,Yes,Yes,Two year,Yes,Electronic check,109.17,305.26,No
CUST-06846,Female,0,No,No,34,Yes,No,DSL,No,Yes,No,No,Yes,Yes,Month-to-month,Yes,Credit card (automatic),102.66,3015.73,Yes
CUST-06847,Female,0,No,No,65,Yes,Yes,No,No internet service,No internet service,No internet service,No internet service,No internet service,No internet service,Month-to-month,No,Mailed check,107.77,6432.72,Yes
CUST-06848,Male,0,Yes,No,64,Yes,No,Fiber optic,Yes,Yes,No,Yes,Yes,Yes,Month-to-month,Yes,Electronic check,21.44,1330.31,Yes
CUST-06849,Male,0,Yes,No,7,Yes,Yes,Fiber optic,No,No,Yes,No,No,No,Two year,Yes,Mailed check,26.2,192.15,No
CUST-06850,Female,1,No,No,35,Yes,Yes,Fiber optic,No,No,Yes,Yes,No,No,Two year,Yes,Credit card (automatic),98.82,3377.19,No
CUST-06851,Male,0,Yes,No,22,Yes,Yes,DSL,No,Yes,No,No,No,Yes,Month-to-month,Yes,Electronic check,60.08,1373.75,Yes
CUST-06852,Female,0,Yes,No,48,Yes,No,Fiber optic,No,No,Yes,Yes,No,No,Month-to-month,Yes,Electronic check,64.04,2616.14,Yes
CUST-06853,Male,0,Yes,Yes,32,Yes,Yes,No,No internet service,No internet service,No internet service,No internet service,No internet service,No internet service,Month-to-month,Yes,Bank transfer (automatic),58.55,1882.27,No
CUST-06854,Male,0,No,No,26,Yes,Yes,Fiber optic,Yes,No,No,No,No,Yes,Two year,No,Bank transfer (automatic),35.2,862.84,No
CUST-06855,Female,0,Yes,No,6,Yes,Yes,Fiber optic,No,Yes,Yes,No,No,No,Month-to-month,Yes,Electronic check,113.8,664.81,Yes
CUST-06856,Male,0,No,No,46,Yes,No,DSL,Yes,Yes,No,No,Yes,No,Month-to-month,No,Electronic check,92.59,3925.5,No
CUST-06857,Male,0,Yes,Yes,55,Yes,Yes,DSL,Yes,Yes,No,No,No,No,One year,No,Electronic check,50.93,2545.71,No
CUST-06858,Male,0,Yes,No,55,Yes,Yes,DSL,Yes,No,Yes,No,Yes,Yes,Month-to-month,Yes,Bank transfer (automatic),78.38,3967.27,No
CUST-06859,Female,0,No,No,57,Yes,Yes,DSL,No,Yes,Yes,No,No,Yes,Month-to-month,Yes,Mailed check,71.84,3970.81,No
CUST-06860,Male,1,No,No,63,Yes,Yes,Fiber optic,No,Yes,No,No,Yes,No,Month-to-month,No,Credit card (automatic),66.62,4085.92,Yes
CUST-06861,Male,0,Yes,Yes,1,Yes,No,Fiber optic,No,Yes,Yes,Yes,Yes,Yes,Month-to-month,Yes,Bank transfer (automatic),116.18,111.58,No
CUST-06862,Female,0,No,Yes,21,Yes,Yes,DSL,No,No,Yes,Yes,Yes,No,Month-to-month,No,Electronic check,63.96,1251.02,No
CUST-06863,Male,0,Yes,No,20,No,No phone service,No,No internet service,No internet service,No internet service,No internet service,No internet service,No internet service,Month-to-month,Yes,Electronic check,80.58,1622.24,Yes
CUST-06864,Male,0,No,No,29,Yes,Yes,Fiber optic,No,Yes,Yes,No,No,No,Month-to-month,Yes,Mailed check,44.55,1304.05,Yes
CUST-06865,Male,0,Yes,No,43,Yes,Yes,No,No internet service,No internet service,No internet service,No internet service,No internet service,No internet service,Month-to-month,No,Electronic check,55.35,2366.55,Yes
CUST-06866,Male,0,No,No,45,Yes,Yes,DSL,Yes,No,Yes,Yes,No,Yes,One year,No,Credit card (automatic),76.5,3044.91,No
CUST-06867,Male,0,No,No,65,No,No phone service,DSL,Yes,No,No,No,No,No,One year,No,Bank transfer (automatic),112.49,6754.28,No
CUST-06868,Female,0,Yes,No,3,Yes,Yes,Fiber optic,Yes,Yes,Yes,Yes,No,No,Two year,Yes,Bank transfer (automatic),117.2,362.87,No
CUST-06869,Female,0,No,Yes,20,Yes,No,DSL,Yes,No,No,No,No,No,Month-to-month,No,Bank transfer (automatic),100.54,1896.89,No
CUST-06870,Male,0,No,Yes,37,Yes,Yes,DSL,No,Yes,No,No,No,No,Month-to-month,No,Mailed check,101.75,3593.2,Yes
CUST-06871,Male,0,Yes,No,38,Yes,Yes,DSL,Yes,Yes,No,No,Yes,Yes,Two year,Yes,Mailed check,30.34,1169.23,No
CUST-06872,Male,0,No,No,45,No,No phone service,DSL,Yes,Yes,No,Yes,No,Yes,Month-to-month,Yes,Mailed check,110.29,5150.1,No
CUST-06873,Female,1,No,No,42,Yes,No,Fiber optic,Yes,No,Yes,Yes,Yes,Yes,Month-to-month,Yes,Bank transfer (automatic),114.79,5000.81,No
CUST-06874,Female,1,No,No,46,Yes,No,Fiber optic,No,No,Yes,No,Yes,Yes,Two year,Yes,Mailed check,41.62,1725.02,No
CUST-06875,Male,0,No,No,60,Yes,Yes,DSL,No,Yes,No,No,Yes,No,Two year,Yes,Mailed check,69.78,3619.78,No
CUST-06876,Male,0,No,No,13,Yes,No,DSL,No,Yes,No,Yes,No,Yes,One year,Yes,Bank transfer (automatic),58.34,723.41,No
CUST-06877,Female,0,No,No,31,Yes,No,No,No internet service,No internet service,No internet service,No internet service,No internet service,No internet service,Month-to-month,Yes,Electronic check,94.08,2885.7,No
CUST-06878,Male,0,No,Yes,68,Yes,Yes,DSL,No,Yes,No,Yes,Yes,No,Month-to-month,Yes,Credit card (automatic),33.48,2284.92,No
CUST-06879,Female,0,Yes,No,62,Yes,Yes,Fiber optic,No,Yes,No,Yes,No,No,Two year,No,Electronic check,92.81,5657.39,No
CUST-06880,Female,1,No,No,49,Yes,Yes,No,No internet service,No internet service,No internet service,No internet service,No internet service,No internet service,Two year,Yes,Credit card (automatic),104.48,4442.44,No
CUST-06881,Male,0,Yes,No,18,Yes,Yes,DSL,No,Yes,No,No,Yes,Yes,Two year,No,Electronic check,30.21,498.58,No
CUST-06882,Female,0,No,No,53,Yes,No,DSL,No,No,No,Yes,No,Yes,Month-to-month,Yes,Bank transfer (automatic),41.53,1873.55,No
CUST-06883,Male,0,No,No,18,Yes,No,No,No internet service,No internet service,No internet service,No internet service,No internet service,No internet service,Two year,Yes,Mailed check,30.62,555.93,No
CUST-06884,Male,0,Yes,No,51,Yes,No,DSL,No,Yes,Yes,Yes,No,No,One year,Yes,Electronic check,100.41,4440.29,No
CUST-06885,Male,0,Yes,No,41,Yes,Yes,DSL,Yes,No,No,No,No,No,Two year,Yes,Credit card (automatic),20.23,804.73,No
CUST-06886,Male,0,Yes,Yes,67,Yes,Yes,Fiber optic,No,No,Yes,No,No,No,One year,Yes,Electronic check,109.22,6722.98,No
CUST-06887,Male,0,Yes,No,65,Yes,Yes,DSL,Yes,No,No,No,No,No,Month-to-month,No,Mailed check,72.81,4459.57,No
CUST-06888,Male,0,No,Yes,6,Yes,Yes,No,No internet service,No internet service,No internet service,No internet service,No internet service,No internet service,One year,No,Mailed check,40.0,218.04,No
CUST-06889,Female,1,Yes,No,37,Yes,No,DSL,Yes,No,Yes,Yes,Yes,Yes,Month-to-month,Yes,Credit card (automatic),33.38,1232.33,No
CUST-06890,Female,0,No,No,12,Yes,No,Fiber optic,Yes,Yes,No,No,No,No,Month-to-month,Yes,Bank transfer (automatic),33.69,370.42,Yes
CUST-06891,Female,1,No,No,2,Yes,Yes,Fiber optic,No,No,Yes,No,No,No,Two year,No,Electronic check,45.27,89.92,No
CUST-06892,Female,0,No,Yes,53,Yes,Yes,Fiber optic,No,No,No,Yes,No,No,Two year,No,Mailed check,26.22,1287.81,No
CUST-06893,Male,0,Yes,No,25,Yes,Yes,Fiber optic,No,No,No,Yes,No,No,One year,No,Credit card (automatic),99.41,2315.46,No
CUST-06894,Female,0,No,No,28,Yes,Yes,No,No internet service,No internet service,No internet service,No internet service,No internet service,No internet service,Month-to-month,Yes,Bank transfer (automatic),45.9,1232.59,No
CUST-06895,Female,0,Yes,Yes,45,Yes,No,No,No internet service,No internet service,No internet service,No internet service,No internet service,No internet service,Month-to-month,Yes,Electronic check,19.53,823.5,No
CUST-06896,Female,0,No,No,37,Yes,Yes,DSL,No,Yes,No,Yes,No,No,Month-to-month,Yes,Bank transfer (automatic),99.3,3557.3,No
CUST-06897,Male,0,No,No,17,Yes,No,Fiber optic,No,Yes,No,No,No,No,Month-to-month,Yes,Electronic check,77.76,1366.3,No
CUST-06898,Female,0,Yes,No,69,Yes,Yes,DSL,No,No,No,No,Yes,Yes,Month-to-month,No,Electronic check,21.24,1351.78,No
CUST-06899,Male,0,Yes,No,56,Yes,Yes,Fiber optic,Yes,Yes,No,No,Yes,Yes,Two year,Yes,Credit card (automatic),40.98,2276.55,No
CUST-06900,Female,0,Yes,No,58,Yes,Yes,DSL,No,No,Yes,No,No,No,Month-to-month,No,Bank transfer (automatic),50.9,3025.1,Yes
CUST-06901,Male,0,No,Yes,4,Yes,Yes,Fiber optic,Yes,No,No,No,No,Yes,Month-to-month,Yes,Electronic check,113.71,394.08,Yes
CUST-06902,Male,0,Yes,No,55,Yes,Yes,DSL,Yes,Yes,No,Yes,No,No,Two year,Yes,Electronic check,61.48,3251.58,No
CUST-06903,Female,0,No,No,49,Yes,Yes,Fiber optic,Yes,Yes,No,Yes,No,No,Month-to-month,Yes,Bank transfer (automatic),88.48,3788.08,No
CUST-06904,Male,0,Yes,No,38,No,No phone service,DSL,No,No,No,No,No,Yes,Two year,Yes,Credit card (automatic),97.23,3722.61,No
CUST-06905,Male,0,No,No,45,Yes,Yes,No,No internet service,No internet service,No internet service,No internet service,No internet service,No internet service,Two year,Yes,Electronic check,71.39,2969.02,No
CUST-06906,Female,0,Yes,No,30,Yes,No,Fiber optic,No,No,No,Yes,Yes,No,One year,No,Electronic check,28.3,808.52,No
CUST-06907,Female,1,Yes,No,37,Yes,Yes,No,No internet service,No internet service,No internet service,No internet service,No internet service,No internet service,Month-to-month,No,Electronic check,113.31,4010.07,Yes
CUST-06908,Female,0,Yes,No,56,Yes,Yes,Fiber optic,No,No,No,No,Yes,No,Month-to-month,Yes,Mailed check,63.89,3458.65,Yes
CUST-06909,Male,0,No,No,27,Yes,Yes,No,No internet service,No internet service,No internet service,No internet service,No internet service,No internet service,Month-to-month,Yes,Mailed check,35.38,999.12,No
CUST-06910,Male,1,No,No,32,Yes,No,Fiber optic,No,No,Yes,No,No,Yes,Month-to-month,Yes,Electronic check,96.36,2936.59,Yes
CUST-06911,Male,1,Yes,No,11,No,No phone service,Fiber optic,No,No,No,Yes,No,No,One year,Yes,Mailed check,107.96,1187.57,No
CUST-06912,Female,0,Yes,Yes,58,Yes,Yes,DSL,Yes,No,No,No,Yes,No,Month-to-month,Yes,Mailed check,92.71,5620.9,Yes
CUST-06913,Male,1,Yes,No,35,Yes,Yes,Fiber optic,No,No,Yes,No,No,No,Month-to-month,Yes,Electronic check,63.51,2228.9,No
CUST-06914,Male,0,No,Yes,17,Yes,No,DSL,No,No,Yes,No,No,Yes,Month-to-month,No,Electronic check,118.32,2045.17,Yes
CUST-06915,Male,0,Yes,No,30,Yes,No,DSL,No,No,Yes,Yes,Yes,No,One year,No,Electronic check,28.2,726.62,No
CUST-06916,Male,0,No,No,18,Yes,No,Fiber optic,No,No,Yes,Yes,Yes,No,Month-to-month,Yes,Mailed check,32.98,527.0,Yes
CUST-06917,Male,0,No,Yes,30,Yes,Yes,DSL,No,No,No,Yes,Yes,Yes,Month-to-month,Yes,Mailed check,46.05,1361.84,No
CUST-06918,Male,0,No,No,16,Yes,Yes,Fiber optic,Yes,No,Yes,No,Yes,No,Month-to-month,Yes,Electronic check,31.49,519.14,Yes
CUST-06919,Male,0,No,Yes,54,Yes,No,DSL,Yes,No,No,No,No,No,Month-to-month,Yes,Bank transfer (automatic),63.65,2964.98,No
CUST-06920,Female,1,Yes,No,4,Yes,No,DSL,No,No,No,No,No,Yes,Month-to-month,No,Bank transfer (automatic),78.77,318.83,Yes
CUST-06921,Female,0,No,No,15,Yes,Yes,DSL,Yes,No,No,No,No,No,One year,Yes,Bank transfer (automatic),48.92,651.08,No
CUST-06922,Female,0,Yes,Yes,27,Yes,Yes,DSL,No,Yes,Yes,No,No,No,One year,No,Mailed check,21.08,534.49,No
CUST-06923,Male,0,Yes,No,4,Yes,Yes,DSL,Yes,Yes,No,No,Yes,No,Month-to-month,No,Credit card (automatic),75.17,306.33,No
CUST-06924,Male,0,No,No,35,No,No phone service,Fiber optic,Yes,No,Yes,Yes,Yes,Yes,Month-to-month,No,Credit card (automatic),75.19,2327.18,No
CUST-06925,Female,0,Yes,No,63,Yes,No,DSL,No,No,Yes,No,Yes,No,Month-to-month,Yes,Mailed check,106.83,6602.83,No
CUST-06926,Male,0,Yes,No,66,Yes,Yes,No,No internet service,No internet service,No internet service,No internet service,No internet service,No internet service,One year,Yes,Bank transfer (automatic),28.52,1912.23,No
CUST-06927,Female,1,Yes,No,39,Yes,Yes,No,No internet service,No internet service,No internet service,No internet service,No internet service,No internet service,Month-to-month,Yes,Electronic check,55.91,2126.75,No
CUST-06928,Male,0,Yes,Yes,28,Yes,No,DSL,Yes,No,Yes,Yes,No,Yes,Month-to-month,No,Bank transfer (automatic),41.64,997.55,No
CUST-06929,Male,0,Yes,No,34,Yes,Yes,DSL,Yes,Yes,Yes,No,No,No,Month-to-month,Yes,Bank transfer (automatic),28.48,949.95,No
CUST-06930,Female,0,Yes,No,33,Yes,No,DSL,No,Yes,Yes,No,No,No,Month-to-month,Yes,Electronic check,48.74,1425.97,No
CUST-06931,Female,0,Yes,No,50,Yes,No,No,No internet service,No internet service,No internet service,No internet service,No internet service,No internet service,One year,No,Electronic check,100.1,4434.32,No
CUST-06932,Female,1,No,Yes,60,Yes,Yes,Fiber optic,Yes,No,No,No,Yes,No,One year,Yes,Credit card (automatic),41.96,2337.04,No
CUST-06933,Female,0,No,No,72,Yes,Yes,Fiber optic,No,Yes,No,No,Yes,No,Month-to-month,Yes,Electronic check,111.18,8041.3,No
CUST-06934,Female,0,No,No,72,Yes,No,No,No internet service,No internet service,No internet service,No internet service,No internet service,No internet service,Month-to-month,Yes,Mailed check,88.61,5547.25,Yes
CUST-06935,Male,0,No,No,42,Yes,No,No,No internet service,No internet service,No internet service,No internet service,No internet service,No internet service,Month-to-month,Yes,Credit card (automatic),27.76,1104.5,No
CUST-06936,Male,0,No,No,28,Yes,Yes,No,No internet service,No internet service,No internet service,No internet service,No internet service,No internet service,Month-to-month,Yes,Electronic check,40.61,1168.73,No
CUST-06937,Male,0,No,No,27,No,No phone service,Fiber optic,Yes,No,Yes,Yes,No,No,Month-to-month,No,Electronic check,21.49,549.18,Yes
CUST-06938,Female,0,No,No,1,Yes,Yes,No,No internet service,No internet service,No internet service,No internet service,No internet service,No internet service,One year,Yes,Mailed check,29.8,27.19,No
CUST-06939,Female,0,No,No,8,Yes,No,No,No internet service,No internet service,No internet service,No internet service,No internet service,No internet service,One year,No,Electronic check,91.56,663.4,No
CUST-06940,Female,0,Yes,No,46,No,No phone service,Fiber optic,Yes,Yes,Yes,No,Yes,Yes,Month-to-month,Yes,Credit card (automatic),33.75,1626.45,No
CUST-06941,Female,0,No,No,24,Yes,No,No,No internet service,No internet service,No internet service,No internet service,No internet service,No internet service,Two year,Yes,Bank transfer (automatic),47.84,1000.69,No
CUST-06942,Female,0,No,No,40,Yes,Yes,Fiber optic,Yes,No,No,No,No,No,One year,Yes,Mailed check,87.8,3274.41,Yes
CUST-06943,Female,0,No,No,51,Yes,No,Fiber optic,No,Yes,No,Yes,No,No,Month-to-month,No,Mailed check,83.15,4240.29,No
CUST-06944,Male,0,No,Yes,24,Yes,No,Fiber optic,No,Yes,No,No,Yes,No,Month-to-month,No,Bank transfer (automatic),109.49,2394.99,Yes
CUST-06945,Male,1,Yes,Yes,22,Yes,No,Fiber optic,No,No,No,Yes,No,Yes,Two year,Yes,Mailed check,52.08,1167.38,No
CUST-06946,Male,0,Yes,No,68,Yes,Yes,Fiber optic,Yes,Yes,No,No,No,No,Month-to-month,Yes,Electronic check,55.43,3668.02,No
CUST-06947,Male,0,No,No,8,Yes,Yes,No,No internet service,No internet service,No internet service,No internet service,No internet service,No internet service,Month-to-month,No,Electronic check,27.74,209.09,No
CUST-06948,Male,0,No,Yes,58,Yes,No,DSL,No,Yes,No,Yes,No,Yes,One year,Yes,Electronic check,46.92,2816.64,No
CUST-06949,Female,0,Yes,No,15,Yes,Yes,No,No internet service,No internet service,No internet service,No internet service,No internet service,No internet service,Month-to-month,No,Credit card (automatic),104.25,1446.38,No
CUST-06950,Female,0,Yes,No,8,Yes,No,DSL,No,No,No,No,Yes,Yes,Month-to-month,No,Credit card (automatic),32.14,268.21,No
CUST-06951,Female,1,No,No,42,No,No phone service,DSL,Yes,Yes,No,No,Yes,No,Month-to-month,Yes,Electronic check,55.85,2027.74,Yes
CUST-06952,Female,0,Yes,No,39,Yes,No,No,No internet service,No internet service,No internet service,No internet service,No internet service,No internet service,Two year,Yes,Credit card (automatic),104.01,3479.84,No
CUST-06953,Female,0,Yes,No,35,Yes,No,DSL,No,No,No,No,Yes,No,Two year,Yes,Mailed check,40.47,1227.16,No
CUST-06954,Female,0,Yes,Yes,41,Yes,Yes,No,No internet service,No internet service,No internet service,No internet service,No internet service,No internet service,One year,Yes,Electronic check,34.03,1209.67,No
CUST-06955,Male,1,Yes,No,48,Yes,Yes,DSL,Yes,Yes,Yes,No,Yes,No,One year,Yes,Mailed check,18.7,804.62,No
CUST-06956,Female,0,Yes,No,71,Yes,Yes,No,No internet service,No internet service,No internet service,No internet service,No internet service,No internet service,Month-to-month,Yes,Electronic check,111.64,7383.31,Yes
CUST-06957,Female,0,No,No,44,Yes,Yes,DSL,Yes,No,No,Yes,No,Yes,One year,Yes,Electronic check,106.74,4754.22,No
CUST-06958,Female,1,Yes,No,35,Yes,No,DSL,No,Yes,Yes,No,No,Yes,Two year,Yes,Electronic check,37.23,1209.38,No
CUST-06959,Female,0,Yes,Yes,27,Yes,No,No,No internet service,No internet service,No internet service,No internet service,No internet service,No internet service,Two year,No,Credit card (automatic),98.32,2323.65,No
CUST-06960,Male,0,No,No,65,No,No phone service,DSL,Yes,No,No,No,Yes,No,Month-to-month,No,Credit card (automatic),117.27,6526.43,No
CUST-06961,Male,0,No,No,70,Yes,Yes,No,No internet service,No internet service,No internet service,No internet service,No internet service,No internet service,Two year,No,Mailed check,49.14,3307.5,No
CUST-06962,Female,0,Yes,No,66,Yes,Yes,No,No internet service,No internet service,No internet service,No internet service,No internet service,No internet service,Month-to-month,Yes,Electronic check,86.16,5096.62,Yes
CUST-06963,Male,0,No,Yes,71,Yes,Yes,DSL,Yes,Yes,Yes,No,No,No,Month-to-month,No,Electronic check,38.95,2550.29,No
CUST-06964,Male,0,No,No,72,Yes,No,Fiber optic,No,No,Yes,No,Yes,Yes,Month-to-month,No,Electronic check,77.9,5038.89,Yes
CUST-06965,Female,0,No,Yes,63,Yes,Yes,DSL,No,No,Yes,Yes,No,Yes,Month-to-month,Yes,Mailed check,51.41,3015.67,No
CUST-06966,Female,0,No,No,29,Yes,Yes,DSL,Yes,No,No,Yes,Yes,No,Month-to-month,Yes,Electronic check,80.83,2448.65,No
CUST-06967,Female,0,No,No,31,Yes,Yes,Fiber optic,Yes,Yes,No,No,Yes,No,Month-to-month,Yes,Bank transfer (automatic),86.14,2789.5,Yes
CUST-06968,Female,0,Yes,No,64,Yes,Yes,Fiber optic,No,No,Yes,Yes,No,Yes,One year,Yes,Mailed check,91.23,5795.55,No
CUST-06969,Female,0,No,No,53,Yes,No,No,No internet service,No internet service,No internet service,No internet service,No internet service,No internet service,One year,No,Bank transfer (automatic),110.12,5236.94,No
CUST-06970,Male,0,No,No,68,No,No phone service,DSL,No,No,Yes,No,No,Yes,Month-to-month,Yes,Mailed check,29.18,2025.49,No
CUST-06971,Female,0,Yes,Yes,25,Yes,No,DSL,Yes,No,No,Yes,No,Yes,Month-to-month,No,Mailed check,46.09,981.87,Yes
CUST-06972,Female,0,No,No,13,Yes,No,Fiber optic,No,No,Yes,Yes,Yes,Yes,Two year,No,Electronic check,35.34,437.8,Yes
CUST-06973,Female,0,No,No,40,Yes,No,DSL,Yes,No,Yes,No,No,Yes,Month-to-month,Yes,Electronic check,62.49,2563.07,No
CUST-06974,Male,0,No,Yes,72,Yes,Yes,Fiber optic,No,No,No,No,Yes,Yes,Month-to-month,Yes,Mailed check,61.99,4167.51,No
CUST-06975,Female,0,Yes,Yes,7,Yes,No,Fiber optic,No,Yes,No,Yes,No,Yes,Month-to-month,No,Bank transfer (automatic),52.16,328.25,Yes
CUST-06976,Female,0,Yes,No,32,Yes,No,No,No internet service,No internet service,No internet service,No internet service,No internet service,No internet service,Month-to-month,Yes,Electronic check,118.74,3705.53,No
CUST-06977,Female,0,No,No,24,Yes,Yes,Fiber optic,No,No,No,No,No,No,Month-to-month,Yes,Electronic check,95.62,2326.24,Yes
CUST-06978,Male,0,Yes,No,1,Yes,No,Fiber optic,Yes,Yes,Yes,No,Yes,Yes,Month-to-month,No,Credit card (automatic),27.37,26.93,Yes
CUST-06979,Female,0,No,No,47,Yes,No,Fiber optic,No,Yes,No,Yes,No,Yes,Month-to-month,Yes,Credit card (automatic),59.02,2498.04,No
CUST-06980,Female,0,Yes,No,51,Yes,Yes,No,No internet service,No internet service,No internet service,No internet service,No internet service,No internet service,Two year,No,Bank transfer (automatic),105.82,4722.7,No
CUST-06981,Female,0,No,No,36,Yes,Yes,No,No internet service,No internet service,No internet service,No internet service,No internet service,No internet service,One year,Yes,Mailed check,35.0,1140.0,No
CUST-06982,Male,0,No,Yes,27,No,No phone service,DSL,No,Yes,No,Yes,No,No,Month-to-month,Yes,Electronic check,65.35,1550.4,No
CUST-06983,Female,0,Yes,No,70,No,No phone service,Fiber optic,Yes,Yes,No,Yes,No,Yes,Month-to-month,Yes,Credit card (automatic),96.87,7063.62,No
CUST-06984,Female,0,Yes,No,42,Yes,Yes,Fiber optic,Yes,Yes,No,No,No,No,Two year,Yes,Electronic check,26.76,1038.06,No
CUST-06985,Female,0,Yes,No,68,Yes,Yes,Fiber optic,No,No,No,Yes,No,Yes,Month-to-month,Yes,Mailed check,101.38,7193.77,Yes
CUST-06986,Male,1,Yes,No,70,Yes,Yes,DSL,Yes,No,No,Yes,Yes,No,Two year,Yes,Mailed check,29.29,1979.11,No
CUST-06987,Female,0,No,No,13,Yes,No,Fiber optic,No,Yes,No,No,No,No,Month-to-month,Yes,Mailed check,65.27,838.41,No
CUST-06988,Female,0,No,No,25,Yes,Yes,DSL,No,Yes,No,Yes,No,Yes,Two year,Yes,Electronic check,115.61,2982.62,No
CUST-06989,Female,0,Yes,No,22,Yes,Yes,DSL,No,Yes,Yes,No,Yes,Yes,Month-to-month,No,Credit card (automatic),69.93,1613.42,No
CUST-06990,Male,0,Yes,No,21,No,No phone service,DSL,Yes,Yes,No,Yes,Yes,Yes,Two year,No,Credit card (automatic),109.89,2399.56,No
CUST-06991,Male,0,Yes,Yes,15,Yes,No,DSL,No,Yes,No,No,Yes,No,Month-to-month,Yes,Electronic check,111.66,1573.58,No
CUST-06992,Female,0,No,No,67,Yes,Yes,DSL,Yes,No,No,Yes,Yes,No,Month-to-month,Yes,Credit card (automatic),61.79,4092.53,No
CUST-06993,Male,0,Yes,Yes,37,Yes,No,Fiber optic,No,No,Yes,No,No,Yes,Month-to-month,No,Electronic check,113.29,3888.59,Yes
CUST-06994,Male,0,No,Yes,45,Yes,Yes,No,No internet service,No internet service,No internet service,No internet service,No internet service,No internet service,Month-to-month,Yes,Electronic check,27.14,1192.06,No
CUST-06995,Male,0,No,No,26,Yes,No,Fiber optic,No,No,Yes,No,No,Yes,One year,No,Mailed check,53.34,1323.66,Yes
CUST-06996,Female,0,No,No,55,Yes,Yes,DSL,Yes,No,Yes,Yes,No,No,Month-to-month,No,Credit card (automatic),108.22,5081.4,Yes
CUST-06997,Female,1,No,No,50,Yes,No,No,No internet service,No internet service,No internet service,No internet service,No internet service,No internet service,Month-to-month,Yes,Mailed check,72.21,3694.2,No
CUST-06998,Male,0,No,No,35,Yes,Yes,DSL,Yes,No,No,Yes,No,No,Month-to-month,No,Mailed check,91.04,2935.65,No
CUST-06999,Male,1,No,Yes,41,Yes,No,DSL,Yes,No,No,Yes,Yes,No,One year,Yes,Mailed check,22.35,861.21,No
CUST-07000,Male,0,No,Yes,72,Yes,No,Fiber optic,Yes,No,No,Yes,No,No,Two year,No,Electronic check,85.85,5680.24,No
CUST-07001,Female,1,Yes,Yes,11,Yes,No,Fiber optic,Yes,No,No,No,No,Yes,Month-to-month,Yes,Credit card (automatic),104.69,1090.15,No
CUST-07002,Female,0,No,No,8,Yes,No,No,No internet service,No internet service,No internet service,No internet service,No internet service,No internet service,Month-to-month,No,Credit card (automatic),87.33,663.2,Yes
CUST-07003,Male,0,Yes,Yes,54,Yes,Yes,No,No internet service,No internet service,No internet service,No internet service,No internet service,No internet service,Month-to-month,No,Bank transfer (automatic),115.22,6075.57,No
CUST-07004,Male,0,No,Yes,1,Yes,Yes,Fiber optic,Yes,Yes,Yes,Yes,No,Yes,Two year,Yes,Electronic check,88.82,82.17,No
CUST-07005,Male,1,No,No,20,Yes,No,Fiber optic,No,No,Yes,No,Yes,Yes,One year,Yes,Mailed check,50.23,899.74,No
CUST-07006,Male,0,No,Yes,34,Yes,No,DSL,No,Yes,No,No,Yes,No,Month-to-month,Yes,Mailed check,43.94,1388.44,No
CUST-07007,Female,0,No,Yes,57,Yes,No,Fiber optic,No,No,No,No,No,Yes,Month-to-month,No,Credit card (automatic),82.2,4283.9,No
CUST-07008,Male,1,Yes,No,13,Yes,No,No,No internet service,No internet service,No internet service,No internet service,No internet service,No internet service,Month-to-month,Yes,Electronic check,27.78,348.01,No
CUST-07009,Female,0,No,No,54,Yes,Yes,Fiber optic,Yes,Yes,Yes,No,No,Yes,One year,Yes,Electronic check,57.26,3077.46,No
CUST-07010,Male,0,Yes,No,53,Yes,Yes,DSL,No,No,No,No,No,No,Month-to-month,Yes,Mailed check,62.39,3284.8,No
CUST-07011,Male,1,Yes,No,52,Yes,Yes,DSL,Yes,Yes,No,No,No,No,Month-to-month,Yes,Credit card (automatic),79.39,4245.21,No
CUST-07012,Male,0,Yes,No,6,Yes,Yes,Fiber optic,No,Yes,Yes,No,No,No,Two year,No,Bank transfer (automatic),41.76,223.27,No
CUST-07013,Male,0,Yes,Yes,36,Yes,Yes,Fiber optic,No,Yes,No,No,No,Yes,One year,No,Credit card (automatic),112.61,3853.94,Yes
CUST-07014,Male,0,No,No,25,Yes,Yes,Fiber optic,No,Yes,No,No,No,No,Month-to-month,Yes,Electronic check,114.1,2780.8,Yes
CUST-07015,Female,0,No,No,58,Yes,No,Fiber optic,No,No,Yes,No,No,Yes,Two year,No,Electronic check,78.94,4363.77,No
CUST-07016,Male,0,No,No,55,Yes,No,Fiber optic,No,No,Yes,No,No,No,Month-to-month,No,Bank transfer (automatic),86.56,4656.71,Yes
CUST-07017,Male,1,Yes,No,3,Yes,No,Fiber optic,No,Yes,No,Yes,No,No,Month-to-month,No,Mailed check,49.33,151.17,Yes
CUST-07018,Male,0,No,No,28,Yes,Yes,No,No internet service,No internet service,No internet service,No internet service,No internet service,No internet service,One year,Yes,Electronic check,44.17,1074.0,No
CUST-07019,Female,0,No,No,68,Yes,Yes,No,No internet service,No internet service,No internet service,No internet service,No internet service,No internet service,Month-to-month,Yes,Bank transfer (automatic),45.5,2860.57,No
CUST-07020,Female,0,No,No,38,Yes,Yes,DSL,No,Yes,Yes,Yes,Yes,Yes,One year,No,Mailed check,59.44,2148.21,No
CUST-07021,Female,0,No,No,34,Yes,Yes,Fiber optic,Yes,Yes,No,No,No,Yes,Month-to-month,Yes,Electronic check,112.77,3660.29,Yes
CUST-07022,Female,0,No,No,13,No,No phone service,Fiber optic,Yes,Yes,Yes,No,No,Yes,Month-to-month,Yes,Mailed check,49.48,548.33,No
CUST-07023,Male,0,Yes,No,5,Yes,No,DSL,No,No,Yes,No,No,No,Month-to-month,Yes,Credit card (automatic),47.41,228.85,No
CUST-07024,Male,0,No,No,60,Yes,Yes,No,No internet service,No internet service,No internet service,No internet service,No internet service,No internet service,Month-to-month,Yes,Electronic check,51.24,3041.11,No
CUST-07025,Male,0,No,Yes,17,Yes,Yes,DSL,Yes,Yes,No,No,No,No,Month-to-month,Yes,Mailed check,41.92,661.28,No
CUST-07026,Female,0,No,No,57,Yes,Yes,No,No internet service,No internet service,No internet service,No internet service,No internet service,No internet service,Month-to-month,Yes,Electronic check,92.25,5430.0,No
CUST-07027,Male,0,Yes,Yes,31,Yes,Yes,DSL,No,No,Yes,No,Yes,Yes,Month-to-month,No,Bank transfer (automatic),59.14,1807.83,No
CUST-07028,Male,0,No,Yes,65,Yes,No,Fiber optic,Yes,No,Yes,No,No,Yes,One year,No,Credit card (automatic),65.74,4170.78,No
CUST-07029,Female,0,No,No,66,Yes,No,DSL,Yes,No,No,No,No,No,Month-to-month,No,Bank transfer (automatic),90.96,5349.26,No
CUST-07030,Female,0,No,No,33,Yes,Yes,Fiber optic,No,Yes,Yes,Yes,No,Yes,Two year,Yes,Electronic check,84.34,2911.86,No
CUST-07031,Female,0,No,Yes,4,No,No phone service,DSL,No,No,Yes,No,Yes,No,Month-to-month,No,Electronic check,59.26,223.53,Yes
CUST-07032,Male,0,Yes,No,55,Yes,Yes,DSL,No,Yes,No,Yes,No,No,Month-to-month,Yes,Electronic check,20.36,959.69,No
CUST-07033,Male,0,Yes,No,24,Yes,Yes,No,No internet service,No internet service,No internet service,No internet service,No internet service,No internet service,Month-to-month,No,Credit card (automatic),109.05,2263.4,No
CUST-07034,Female,0,No,No,32,Yes,No,DSL,No,Yes,Yes,No,No,No,Month-to-month,No,Mailed check,29.67,870.82,No
CUST-07035,Male,0,No,Yes,47,Yes,No,Fiber optic,No,Yes,Yes,No,Yes,No,Two year,No,Mailed check,103.95,4193.13,Yes
CUST-07036,Female,0,No,No,16,No,No phone service,Fiber optic,No,No,Yes,Yes,Yes,No,Month-to-month,No,Electronic check,94.38,1334.46,Yes
CUST-07037,Female,0,Yes,No,21,Yes,No,DSL,No,No,No,No,No,No,Month-to-month,Yes,Mailed check,103.09,2133.65,Yes
CUST-07038,Male,0,No,No,67,Yes,No,DSL,No,No,Yes,No,No,No,Month-to-month,No,Mailed check,109.2,6720.25,Yes
CUST-07039,Female,0,Yes,No,31,Yes,Yes,DSL,No,No,Yes,Yes,Yes,No,Month-to-month,No,Bank transfer (automatic),22.72,656.69,No
CUST-07040,Female,0,No,No,14,Yes,Yes,Fiber optic,No,No,No,No,No,No,Two year,No,Bank transfer (automatic),62.65,912.66,No
CUST-07041,Female,0,Yes,Yes,6,No,No phone service,No,No internet service,No internet service,No internet service,No internet service,No internet service,No internet service,One year,Yes,Mailed check,23.89,140.35,No
CUST-07042,Male,1,No,No,69,Yes,Yes,No,No internet service,No internet service,No internet service,No internet service,No internet service,No internet service,Month-to-month,No,Bank transfer (automatic),50.36,3156.41,No
CUST-07043,Female,0,Yes,No,29,Yes,Yes,No,No internet service,No internet service,No internet service,No internet service,No internet service,No internet service,Two year,Yes,Bank transfer (automatic),32.36,861.63,No
